Bates/Control #,Bates/Control #,End Bates/Control #,Author,Bcc,Cc,Date Sent,Date Received,From,Title,Subject,To,Filename,Privilege,Privilege Reason,Redactions
SYNLCPRV023-0000001,SYNLCPRV023-0000001,SYNLCPRV023-0000001,Synthetic Person 001,blind001@example.test,copy001@example.test,2025-01-01 09:30:00 -08:00,2025-01-01 09:31:00 -08:00,sender001@example.test,Synthetic title 00000,Synthetic subject 00000,recipient001@example.test,synthetic_document_00000.pdf,Yes,Synthetic attorney-client,Yes
SYNLCPRV023-0000005,SYNLCPRV023-0000005,SYNLCPRV023-0000006,Synthetic Person 002,blind002@example.test,copy002@example.test,2025-02-02 09:30:00 -08:00,2025-02-02 09:31:00 -08:00,sender002@example.test,Synthetic title 00001,Synthetic subject 00001,recipient002@example.test,synthetic_document_00001.pdf,No,Synthetic work product,
SYNLCPRV023-0000009,SYNLCPRV023-0000009,SYNLCPRV023-0000011,Synthetic Person 003,blind003@example.test,copy003@example.test,2025-03-03 09:30:00 -08:00,2025-03-03 09:31:00 -08:00,sender003@example.test,Synthetic title 00002,Synthetic subject 00002,recipient003@example.test,synthetic_document_00002.pdf,Yes,Synthetic joint defense,
SYNLCPRV023-0000013,SYNLCPRV023-0000013,SYNLCPRV023-0000013,Synthetic Person 004,blind004@example.test,copy004@example.test,2025-04-04 09:30:00 -08:00,2025-04-04 09:31:00 -08:00,sender004@example.test,Synthetic title 00003,Synthetic subject 00003,recipient004@example.test,synthetic_document_00003.pdf,No,Synthetic attorney-client,
SYNLCPRV023-0000017,SYNLCPRV023-0000017,SYNLCPRV023-0000018,Synthetic Person 005,blind005@example.test,copy005@example.test,2025-05-05 09:30:00 -08:00,2025-05-05 09:31:00 -08:00,sender005@example.test,Synthetic title 00004,Synthetic subject 00004,recipient005@example.test,synthetic_document_00004.pdf,Yes,Synthetic work product,Yes
SYNLCPRV023-0000021,SYNLCPRV023-0000021,SYNLCPRV023-0000023,Synthetic Person 006,blind006@example.test,copy006@example.test,2025-06-06 09:30:00 -08:00,2025-06-06 09:31:00 -08:00,sender006@example.test,Synthetic title 00005,Synthetic subject 00005,recipient006@example.test,synthetic_document_00005.pdf,No,Synthetic joint defense,
SYNLCPRV023-0000025,SYNLCPRV023-0000025,SYNLCPRV023-0000025,Synthetic Person 007,blind007@example.test,copy007@example.test,2025-07-07 09:30:00 -08:00,2025-07-07 09:31:00 -08:00,sender007@example.test,Synthetic title 00006,Synthetic subject 00006,recipient007@example.test,synthetic_document_00006.pdf,Yes,Synthetic attorney-client,
SYNLCPRV023-0000029,SYNLCPRV023-0000029,SYNLCPRV023-0000030,Synthetic Person 008,blind008@example.test,copy008@example.test,2025-08-08 09:30:00 -08:00,2025-08-08 09:31:00 -08:00,sender008@example.test,Synthetic title 00007,Synthetic subject 00007,recipient008@example.test,synthetic_document_00007.pdf,No,Synthetic work product,
SYNLCPRV023-0000033,SYNLCPRV023-0000033,SYNLCPRV023-0000035,Synthetic Person 009,blind009@example.test,copy009@example.test,2025-09-09 09:30:00 -08:00,2025-09-09 09:31:00 -08:00,sender009@example.test,Synthetic title 00008,Synthetic subject 00008,recipient009@example.test,synthetic_document_00008.pdf,Yes,Synthetic joint defense,Yes
SYNLCPRV023-0000037,SYNLCPRV023-0000037,SYNLCPRV023-0000037,Synthetic Person 010,blind010@example.test,copy010@example.test,2025-10-10 09:30:00 -08:00,2025-10-10 09:31:00 -08:00,sender010@example.test,Synthetic title 00009,Synthetic subject 00009,recipient010@example.test,synthetic_document_00009.pdf,No,Synthetic attorney-client,
SYNLCPRV023-0000041,SYNLCPRV023-0000041,SYNLCPRV023-0000042,Synthetic Person 011,blind011@example.test,copy011@example.test,2025-11-11 09:30:00 -08:00,2025-11-11 09:31:00 -08:00,sender011@example.test,Synthetic title 00010,Synthetic subject 00010,recipient011@example.test,synthetic_document_00010.pdf,Yes,Synthetic work product,
SYNLCPRV023-0000045,SYNLCPRV023-0000045,SYNLCPRV023-0000047,Synthetic Person 012,blind001@example.test,copy012@example.test,2025-12-12 09:30:00 -08:00,2025-12-12 09:31:00 -08:00,sender012@example.test,Synthetic title 00011,Synthetic subject 00011,recipient012@example.test,synthetic_document_00011.pdf,No,Synthetic joint defense,
SYNLCPRV023-0000049,SYNLCPRV023-0000049,SYNLCPRV023-0000049,Synthetic Person 013,blind002@example.test,copy013@example.test,2025-01-13 09:30:00 -08:00,2025-01-13 09:31:00 -08:00,sender013@example.test,Synthetic title 00012,Synthetic subject 00012,recipient013@example.test,synthetic_document_00012.pdf,Yes,Synthetic attorney-client,Yes
SYNLCPRV023-0000053,SYNLCPRV023-0000053,SYNLCPRV023-0000054,Synthetic Person 014,blind003@example.test,copy014@example.test,2025-02-14 09:30:00 -08:00,2025-02-14 09:31:00 -08:00,sender014@example.test,Synthetic title 00013,Synthetic subject 00013,recipient014@example.test,synthetic_document_00013.pdf,No,Synthetic work product,
SYNLCPRV023-0000057,SYNLCPRV023-0000057,SYNLCPRV023-0000059,Synthetic Person 015,blind004@example.test,copy015@example.test,2025-03-15 09:30:00 -08:00,2025-03-15 09:31:00 -08:00,sender015@example.test,Synthetic title 00014,Synthetic subject 00014,recipient015@example.test,synthetic_document_00014.pdf,Yes,Synthetic joint defense,
SYNLCPRV023-0000061,SYNLCPRV023-0000061,SYNLCPRV023-0000061,Synthetic Person 016,blind005@example.test,copy016@example.test,2025-04-16 09:30:00 -08:00,2025-04-16 09:31:00 -08:00,sender016@example.test,Synthetic title 00015,Synthetic subject 00015,recipient016@example.test,synthetic_document_00015.pdf,No,Synthetic attorney-client,
SYNLCPRV023-0000065,SYNLCPRV023-0000065,SYNLCPRV023-0000066,Synthetic Person 017,blind006@example.test,copy017@example.test,2025-05-17 09:30:00 -08:00,2025-05-17 09:31:00 -08:00,sender017@example.test,Synthetic title 00016,Synthetic subject 00016,recipient017@example.test,synthetic_document_00016.pdf,Yes,Synthetic work product,Yes
SYNLCPRV023-0000069,SYNLCPRV023-0000069,SYNLCPRV023-0000071,Synthetic Person 018,blind007@example.test,copy018@example.test,2025-06-18 09:30:00 -08:00,2025-06-18 09:31:00 -08:00,sender018@example.test,Synthetic title 00017,Synthetic subject 00017,recipient018@example.test,synthetic_document_00017.pdf,No,Synthetic joint defense,
SYNLCPRV023-0000073,SYNLCPRV023-0000073,SYNLCPRV023-0000073,Synthetic Person 019,blind008@example.test,copy019@example.test,2025-07-19 09:30:00 -08:00,2025-07-19 09:31:00 -08:00,sender019@example.test,Synthetic title 00018,Synthetic subject 00018,recipient019@example.test,synthetic_document_00018.pdf,Yes,Synthetic attorney-client,
SYNLCPRV023-0000077,SYNLCPRV023-0000077,SYNLCPRV023-0000078,Synthetic Person 020,blind009@example.test,copy001@example.test,2025-08-20 09:30:00 -08:00,2025-08-20 09:31:00 -08:00,sender020@example.test,Synthetic title 00019,Synthetic subject 00019,recipient020@example.test,synthetic_document_00019.pdf,No,Synthetic work product,
SYNLCPRV023-0000081,SYNLCPRV023-0000081,SYNLCPRV023-0000083,Synthetic Person 021,blind010@example.test,copy002@example.test,2025-09-21 09:30:00 -08:00,2025-09-21 09:31:00 -08:00,sender021@example.test,Synthetic title 00020,Synthetic subject 00020,recipient021@example.test,synthetic_document_00020.pdf,Yes,Synthetic joint defense,Yes
SYNLCPRV023-0000085,SYNLCPRV023-0000085,SYNLCPRV023-0000085,Synthetic Person 022,blind011@example.test,copy003@example.test,2025-10-22 09:30:00 -08:00,2025-10-22 09:31:00 -08:00,sender022@example.test,Synthetic title 00021,Synthetic subject 00021,recipient022@example.test,synthetic_document_00021.pdf,No,Synthetic attorney-client,
SYNLCPRV023-0000089,SYNLCPRV023-0000089,SYNLCPRV023-0000090,Synthetic Person 023,blind001@example.test,copy004@example.test,2025-11-23 09:30:00 -08:00,2025-11-23 09:31:00 -08:00,sender023@example.test,Synthetic title 00022,Synthetic subject 00022,recipient023@example.test,synthetic_document_00022.pdf,Yes,Synthetic work product,
SYNLCPRV023-0000093,SYNLCPRV023-0000093,SYNLCPRV023-0000095,Synthetic Person 024,blind002@example.test,copy005@example.test,2025-12-24 09:30:00 -08:00,2025-12-24 09:31:00 -08:00,sender024@example.test,Synthetic title 00023,Synthetic subject 00023,recipient024@example.test,synthetic_document_00023.pdf,No,Synthetic joint defense,
SYNLCPRV023-0000097,SYNLCPRV023-0000097,SYNLCPRV023-0000097,Synthetic Person 025,blind003@example.test,copy006@example.test,2025-01-25 09:30:00 -08:00,2025-01-25 09:31:00 -08:00,sender025@example.test,Synthetic title 00024,Synthetic subject 00024,recipient025@example.test,synthetic_document_00024.pdf,Yes,Synthetic attorney-client,Yes
SYNLCPRV023-0000101,SYNLCPRV023-0000101,SYNLCPRV023-0000102,Synthetic Person 026,blind004@example.test,copy007@example.test,2025-02-26 09:30:00 -08:00,2025-02-26 09:31:00 -08:00,sender026@example.test,Synthetic title 00025,Synthetic subject 00025,recipient026@example.test,synthetic_document_00025.pdf,No,Synthetic work product,
SYNLCPRV023-0000105,SYNLCPRV023-0000105,SYNLCPRV023-0000107,Synthetic Person 027,blind005@example.test,copy008@example.test,2025-03-27 09:30:00 -08:00,2025-03-27 09:31:00 -08:00,sender027@example.test,Synthetic title 00026,Synthetic subject 00026,recipient027@example.test,synthetic_document_00026.pdf,Yes,Synthetic joint defense,
SYNLCPRV023-0000109,SYNLCPRV023-0000109,SYNLCPRV023-0000109,Synthetic Person 028,blind006@example.test,copy009@example.test,2025-04-28 09:30:00 -08:00,2025-04-28 09:31:00 -08:00,sender028@example.test,Synthetic title 00027,Synthetic subject 00027,recipient028@example.test,synthetic_document_00027.pdf,No,Synthetic attorney-client,
SYNLCPRV023-0000113,SYNLCPRV023-0000113,SYNLCPRV023-0000114,Synthetic Person 029,blind007@example.test,copy010@example.test,2025-05-01 09:30:00 -08:00,2025-05-01 09:31:00 -08:00,sender029@example.test,Synthetic title 00028,Synthetic subject 00028,recipient029@example.test,synthetic_document_00028.pdf,Yes,Synthetic work product,Yes
SYNLCPRV023-0000117,SYNLCPRV023-0000117,SYNLCPRV023-0000119,Synthetic Person 030,blind008@example.test,copy011@example.test,2025-06-02 09:30:00 -08:00,2025-06-02 09:31:00 -08:00,sender030@example.test,Synthetic title 00029,Synthetic subject 00029,recipient030@example.test,synthetic_document_00029.pdf,No,Synthetic joint defense,
SYNLCPRV023-0000121,SYNLCPRV023-0000121,SYNLCPRV023-0000121,Synthetic Person 031,blind009@example.test,copy012@example.test,2025-07-03 09:30:00 -08:00,2025-07-03 09:31:00 -08:00,sender031@example.test,Synthetic title 00030,Synthetic subject 00030,recipient031@example.test,synthetic_document_00030.pdf,Yes,Synthetic attorney-client,
SYNLCPRV023-0000125,SYNLCPRV023-0000125,SYNLCPRV023-0000126,Synthetic Person 032,blind010@example.test,copy013@example.test,2025-08-04 09:30:00 -08:00,2025-08-04 09:31:00 -08:00,sender001@example.test,Synthetic title 00031,Synthetic subject 00031,recipient032@example.test,synthetic_document_00031.pdf,No,Synthetic work product,
SYNLCPRV023-0000129,SYNLCPRV023-0000129,SYNLCPRV023-0000131,Synthetic Person 033,blind011@example.test,copy014@example.test,2025-09-05 09:30:00 -08:00,2025-09-05 09:31:00 -08:00,sender002@example.test,Synthetic title 00032,Synthetic subject 00032,recipient033@example.test,synthetic_document_00032.pdf,Yes,Synthetic joint defense,Yes
SYNLCPRV023-0000133,SYNLCPRV023-0000133,SYNLCPRV023-0000133,Synthetic Person 034,blind001@example.test,copy015@example.test,2025-10-06 09:30:00 -08:00,2025-10-06 09:31:00 -08:00,sender003@example.test,Synthetic title 00033,Synthetic subject 00033,recipient034@example.test,synthetic_document_00033.pdf,No,Synthetic attorney-client,
SYNLCPRV023-0000137,SYNLCPRV023-0000137,SYNLCPRV023-0000138,Synthetic Person 035,blind002@example.test,copy016@example.test,2025-11-07 09:30:00 -08:00,2025-11-07 09:31:00 -08:00,sender004@example.test,Synthetic title 00034,Synthetic subject 00034,recipient035@example.test,synthetic_document_00034.pdf,Yes,Synthetic work product,
SYNLCPRV023-0000141,SYNLCPRV023-0000141,SYNLCPRV023-0000143,Synthetic Person 036,blind003@example.test,copy017@example.test,2025-12-08 09:30:00 -08:00,2025-12-08 09:31:00 -08:00,sender005@example.test,Synthetic title 00035,Synthetic subject 00035,recipient036@example.test,synthetic_document_00035.pdf,No,Synthetic joint defense,
SYNLCPRV023-0000145,SYNLCPRV023-0000145,SYNLCPRV023-0000145,Synthetic Person 037,blind004@example.test,copy018@example.test,2025-01-09 09:30:00 -08:00,2025-01-09 09:31:00 -08:00,sender006@example.test,Synthetic title 00036,Synthetic subject 00036,recipient037@example.test,synthetic_document_00036.pdf,Yes,Synthetic attorney-client,Yes
SYNLCPRV023-0000149,SYNLCPRV023-0000149,SYNLCPRV023-0000150,Synthetic Person 001,blind005@example.test,copy019@example.test,2025-02-10 09:30:00 -08:00,2025-02-10 09:31:00 -08:00,sender007@example.test,Synthetic title 00037,Synthetic subject 00037,recipient038@example.test,synthetic_document_00037.pdf,No,Synthetic work product,
SYNLCPRV023-0000153,SYNLCPRV023-0000153,SYNLCPRV023-0000155,Synthetic Person 002,blind006@example.test,copy001@example.test,2025-03-11 09:30:00 -08:00,2025-03-11 09:31:00 -08:00,sender008@example.test,Synthetic title 00038,Synthetic subject 00038,recipient039@example.test,synthetic_document_00038.pdf,Yes,Synthetic joint defense,
SYNLCPRV023-0000157,SYNLCPRV023-0000157,SYNLCPRV023-0000157,Synthetic Person 003,blind007@example.test,copy002@example.test,2025-04-12 09:30:00 -08:00,2025-04-12 09:31:00 -08:00,sender009@example.test,Synthetic title 00039,Synthetic subject 00039,recipient040@example.test,synthetic_document_00039.pdf,No,Synthetic attorney-client,
SYNLCPRV023-0000161,SYNLCPRV023-0000161,SYNLCPRV023-0000162,Synthetic Person 004,blind008@example.test,copy003@example.test,2025-05-13 09:30:00 -08:00,2025-05-13 09:31:00 -08:00,sender010@example.test,Synthetic title 00040,Synthetic subject 00040,recipient041@example.test,synthetic_document_00040.pdf,Yes,Synthetic work product,Yes
SYNLCPRV023-0000165,SYNLCPRV023-0000165,SYNLCPRV023-0000167,Synthetic Person 005,blind009@example.test,copy004@example.test,2025-06-14 09:30:00 -08:00,2025-06-14 09:31:00 -08:00,sender011@example.test,Synthetic title 00041,Synthetic subject 00041,recipient042@example.test,synthetic_document_00041.pdf,No,Synthetic joint defense,
SYNLCPRV023-0000169,SYNLCPRV023-0000169,SYNLCPRV023-0000169,Synthetic Person 006,blind010@example.test,copy005@example.test,2025-07-15 09:30:00 -08:00,2025-07-15 09:31:00 -08:00,sender012@example.test,Synthetic title 00042,Synthetic subject 00042,recipient043@example.test,synthetic_document_00042.pdf,Yes,Synthetic attorney-client,
SYNLCPRV023-0000173,SYNLCPRV023-0000173,SYNLCPRV023-0000174,Synthetic Person 007,blind011@example.test,copy006@example.test,2025-08-16 09:30:00 -08:00,2025-08-16 09:31:00 -08:00,sender013@example.test,Synthetic title 00043,Synthetic subject 00043,recipient001@example.test,synthetic_document_00043.pdf,No,Synthetic work product,
SYNLCPRV023-0000177,SYNLCPRV023-0000177,SYNLCPRV023-0000179,Synthetic Person 008,blind001@example.test,copy007@example.test,2025-09-17 09:30:00 -08:00,2025-09-17 09:31:00 -08:00,sender014@example.test,Synthetic title 00044,Synthetic subject 00044,recipient002@example.test,synthetic_document_00044.pdf,Yes,Synthetic joint defense,Yes
SYNLCPRV023-0000181,SYNLCPRV023-0000181,SYNLCPRV023-0000181,Synthetic Person 009,blind002@example.test,copy008@example.test,2025-10-18 09:30:00 -08:00,2025-10-18 09:31:00 -08:00,sender015@example.test,Synthetic title 00045,Synthetic subject 00045,recipient003@example.test,synthetic_document_00045.pdf,No,Synthetic attorney-client,
SYNLCPRV023-0000185,SYNLCPRV023-0000185,SYNLCPRV023-0000186,Synthetic Person 010,blind003@example.test,copy009@example.test,2025-11-19 09:30:00 -08:00,2025-11-19 09:31:00 -08:00,sender016@example.test,Synthetic title 00046,Synthetic subject 00046,recipient004@example.test,synthetic_document_00046.pdf,Yes,Synthetic work product,
SYNLCPRV023-0000189,SYNLCPRV023-0000189,SYNLCPRV023-0000191,Synthetic Person 011,blind004@example.test,copy010@example.test,2025-12-20 09:30:00 -08:00,2025-12-20 09:31:00 -08:00,sender017@example.test,Synthetic title 00047,Synthetic subject 00047,recipient005@example.test,synthetic_document_00047.pdf,No,Synthetic joint defense,
SYNLCPRV023-0000193,SYNLCPRV023-0000193,SYNLCPRV023-0000193,Synthetic Person 012,blind005@example.test,copy011@example.test,2025-01-21 09:30:00 -08:00,2025-01-21 09:31:00 -08:00,sender018@example.test,Synthetic title 00048,Synthetic subject 00048,recipient006@example.test,synthetic_document_00048.pdf,Yes,Synthetic attorney-client,Yes
SYNLCPRV023-0000197,SYNLCPRV023-0000197,SYNLCPRV023-0000198,Synthetic Person 013,blind006@example.test,copy012@example.test,2025-02-22 09:30:00 -08:00,2025-02-22 09:31:00 -08:00,sender019@example.test,Synthetic title 00049,Synthetic subject 00049,recipient007@example.test,synthetic_document_00049.pdf,No,Synthetic work product,
SYNLCPRV023-0000201,SYNLCPRV023-0000201,SYNLCPRV023-0000203,Synthetic Person 014,blind007@example.test,copy013@example.test,2025-03-23 09:30:00 -08:00,2025-03-23 09:31:00 -08:00,sender020@example.test,Synthetic title 00050,Synthetic subject 00050,recipient008@example.test,synthetic_document_00050.pdf,Yes,Synthetic joint defense,
SYNLCPRV023-0000205,SYNLCPRV023-0000205,SYNLCPRV023-0000205,Synthetic Person 015,blind008@example.test,copy014@example.test,2025-04-24 09:30:00 -08:00,2025-04-24 09:31:00 -08:00,sender021@example.test,Synthetic title 00051,Synthetic subject 00051,recipient009@example.test,synthetic_document_00051.pdf,No,Synthetic attorney-client,
SYNLCPRV023-0000209,SYNLCPRV023-0000209,SYNLCPRV023-0000210,Synthetic Person 016,blind009@example.test,copy015@example.test,2025-05-25 09:30:00 -08:00,2025-05-25 09:31:00 -08:00,sender022@example.test,Synthetic title 00052,Synthetic subject 00052,recipient010@example.test,synthetic_document_00052.pdf,Yes,Synthetic work product,Yes
SYNLCPRV023-0000213,SYNLCPRV023-0000213,SYNLCPRV023-0000215,Synthetic Person 017,blind010@example.test,copy016@example.test,2025-06-26 09:30:00 -08:00,2025-06-26 09:31:00 -08:00,sender023@example.test,Synthetic title 00053,Synthetic subject 00053,recipient011@example.test,synthetic_document_00053.pdf,No,Synthetic joint defense,
SYNLCPRV023-0000217,SYNLCPRV023-0000217,SYNLCPRV023-0000217,Synthetic Person 018,blind011@example.test,copy017@example.test,2025-07-27 09:30:00 -08:00,2025-07-27 09:31:00 -08:00,sender024@example.test,Synthetic title 00054,Synthetic subject 00054,recipient012@example.test,synthetic_document_00054.pdf,Yes,Synthetic attorney-client,
SYNLCPRV023-0000221,SYNLCPRV023-0000221,SYNLCPRV023-0000222,Synthetic Person 019,blind001@example.test,copy018@example.test,2025-08-28 09:30:00 -08:00,2025-08-28 09:31:00 -08:00,sender025@example.test,Synthetic title 00055,Synthetic subject 00055,recipient013@example.test,synthetic_document_00055.pdf,No,Synthetic work product,
SYNLCPRV023-0000225,SYNLCPRV023-0000225,SYNLCPRV023-0000227,Synthetic Person 020,blind002@example.test,copy019@example.test,2025-09-01 09:30:00 -08:00,2025-09-01 09:31:00 -08:00,sender026@example.test,Synthetic title 00056,Synthetic subject 00056,recipient014@example.test,synthetic_document_00056.pdf,Yes,Synthetic joint defense,Yes
SYNLCPRV023-0000229,SYNLCPRV023-0000229,SYNLCPRV023-0000229,Synthetic Person 021,blind003@example.test,copy001@example.test,2025-10-02 09:30:00 -08:00,2025-10-02 09:31:00 -08:00,sender027@example.test,Synthetic title 00057,Synthetic subject 00057,recipient015@example.test,synthetic_document_00057.pdf,No,Synthetic attorney-client,
SYNLCPRV023-0000233,SYNLCPRV023-0000233,SYNLCPRV023-0000234,Synthetic Person 022,blind004@example.test,copy002@example.test,2025-11-03 09:30:00 -08:00,2025-11-03 09:31:00 -08:00,sender028@example.test,Synthetic title 00058,Synthetic subject 00058,recipient016@example.test,synthetic_document_00058.pdf,Yes,Synthetic work product,
SYNLCPRV023-0000237,SYNLCPRV023-0000237,SYNLCPRV023-0000239,Synthetic Person 023,blind005@example.test,copy003@example.test,2025-12-04 09:30:00 -08:00,2025-12-04 09:31:00 -08:00,sender029@example.test,Synthetic title 00059,Synthetic subject 00059,recipient017@example.test,synthetic_document_00059.pdf,No,Synthetic joint defense,
SYNLCPRV023-0000241,SYNLCPRV023-0000241,SYNLCPRV023-0000241,Synthetic Person 024,blind006@example.test,copy004@example.test,2025-01-05 09:30:00 -08:00,2025-01-05 09:31:00 -08:00,sender030@example.test,Synthetic title 00060,Synthetic subject 00060,recipient018@example.test,synthetic_document_00060.pdf,Yes,Synthetic attorney-client,Yes
SYNLCPRV023-0000245,SYNLCPRV023-0000245,SYNLCPRV023-0000246,Synthetic Person 025,blind007@example.test,copy005@example.test,2025-02-06 09:30:00 -08:00,2025-02-06 09:31:00 -08:00,sender031@example.test,Synthetic title 00061,Synthetic subject 00061,recipient019@example.test,synthetic_document_00061.pdf,No,Synthetic work product,
SYNLCPRV023-0000249,SYNLCPRV023-0000249,SYNLCPRV023-0000251,Synthetic Person 026,blind008@example.test,copy006@example.test,2025-03-07 09:30:00 -08:00,2025-03-07 09:31:00 -08:00,sender001@example.test,Synthetic title 00062,Synthetic subject 00062,recipient020@example.test,synthetic_document_00062.pdf,Yes,Synthetic joint defense,
SYNLCPRV023-0000253,SYNLCPRV023-0000253,SYNLCPRV023-0000253,Synthetic Person 027,blind009@example.test,copy007@example.test,2025-04-08 09:30:00 -08:00,2025-04-08 09:31:00 -08:00,sender002@example.test,Synthetic title 00063,Synthetic subject 00063,recipient021@example.test,synthetic_document_00063.pdf,No,Synthetic attorney-client,
SYNLCPRV023-0000257,SYNLCPRV023-0000257,SYNLCPRV023-0000258,Synthetic Person 028,blind010@example.test,copy008@example.test,2025-05-09 09:30:00 -08:00,2025-05-09 09:31:00 -08:00,sender003@example.test,Synthetic title 00064,Synthetic subject 00064,recipient022@example.test,synthetic_document_00064.pdf,Yes,Synthetic work product,Yes
SYNLCPRV023-0000261,SYNLCPRV023-0000261,SYNLCPRV023-0000263,Synthetic Person 029,blind011@example.test,copy009@example.test,2025-06-10 09:30:00 -08:00,2025-06-10 09:31:00 -08:00,sender004@example.test,Synthetic title 00065,Synthetic subject 00065,recipient023@example.test,synthetic_document_00065.pdf,No,Synthetic joint defense,
SYNLCPRV023-0000265,SYNLCPRV023-0000265,SYNLCPRV023-0000265,Synthetic Person 030,blind001@example.test,copy010@example.test,2025-07-11 09:30:00 -08:00,2025-07-11 09:31:00 -08:00,sender005@example.test,Synthetic title 00066,Synthetic subject 00066,recipient024@example.test,synthetic_document_00066.pdf,Yes,Synthetic attorney-client,
SYNLCPRV023-0000269,SYNLCPRV023-0000269,SYNLCPRV023-0000270,Synthetic Person 031,blind002@example.test,copy011@example.test,2025-08-12 09:30:00 -08:00,2025-08-12 09:31:00 -08:00,sender006@example.test,Synthetic title 00067,Synthetic subject 00067,recipient025@example.test,synthetic_document_00067.pdf,No,Synthetic work product,
SYNLCPRV023-0000273,SYNLCPRV023-0000273,SYNLCPRV023-0000275,Synthetic Person 032,blind003@example.test,copy012@example.test,2025-09-13 09:30:00 -08:00,2025-09-13 09:31:00 -08:00,sender007@example.test,Synthetic title 00068,Synthetic subject 00068,recipient026@example.test,synthetic_document_00068.pdf,Yes,Synthetic joint defense,Yes
SYNLCPRV023-0000277,SYNLCPRV023-0000277,SYNLCPRV023-0000277,Synthetic Person 033,blind004@example.test,copy013@example.test,2025-10-14 09:30:00 -08:00,2025-10-14 09:31:00 -08:00,sender008@example.test,Synthetic title 00069,Synthetic subject 00069,recipient027@example.test,synthetic_document_00069.pdf,No,Synthetic attorney-client,
SYNLCPRV023-0000281,SYNLCPRV023-0000281,SYNLCPRV023-0000282,Synthetic Person 034,blind005@example.test,copy014@example.test,2025-11-15 09:30:00 -08:00,2025-11-15 09:31:00 -08:00,sender009@example.test,Synthetic title 00070,Synthetic subject 00070,recipient028@example.test,synthetic_document_00070.pdf,Yes,Synthetic work product,
SYNLCPRV023-0000285,SYNLCPRV023-0000285,SYNLCPRV023-0000287,Synthetic Person 035,blind006@example.test,copy015@example.test,2025-12-16 09:30:00 -08:00,2025-12-16 09:31:00 -08:00,sender010@example.test,Synthetic title 00071,Synthetic subject 00071,recipient029@example.test,synthetic_document_00071.pdf,No,Synthetic joint defense,
SYNLCPRV023-0000289,SYNLCPRV023-0000289,SYNLCPRV023-0000289,Synthetic Person 036,blind007@example.test,copy016@example.test,2025-01-17 09:30:00 -08:00,2025-01-17 09:31:00 -08:00,sender011@example.test,Synthetic title 00072,Synthetic subject 00072,recipient030@example.test,synthetic_document_00072.pdf,Yes,Synthetic attorney-client,Yes
SYNLCPRV023-0000293,SYNLCPRV023-0000293,SYNLCPRV023-0000294,Synthetic Person 037,blind008@example.test,copy017@example.test,2025-02-18 09:30:00 -08:00,2025-02-18 09:31:00 -08:00,sender012@example.test,Synthetic title 00073,Synthetic subject 00073,recipient031@example.test,synthetic_document_00073.pdf,No,Synthetic work product,
SYNLCPRV023-0000297,SYNLCPRV023-0000297,SYNLCPRV023-0000299,Synthetic Person 001,blind009@example.test,copy018@example.test,2025-03-19 09:30:00 -08:00,2025-03-19 09:31:00 -08:00,sender013@example.test,Synthetic title 00074,Synthetic subject 00074,recipient032@example.test,synthetic_document_00074.pdf,Yes,Synthetic joint defense,
SYNLCPRV023-0000301,SYNLCPRV023-0000301,SYNLCPRV023-0000301,Synthetic Person 002,blind010@example.test,copy019@example.test,2025-04-20 09:30:00 -08:00,2025-04-20 09:31:00 -08:00,sender014@example.test,Synthetic title 00075,Synthetic subject 00075,recipient033@example.test,synthetic_document_00075.pdf,No,Synthetic attorney-client,
SYNLCPRV023-0000305,SYNLCPRV023-0000305,SYNLCPRV023-0000306,Synthetic Person 003,blind011@example.test,copy001@example.test,2025-05-21 09:30:00 -08:00,2025-05-21 09:31:00 -08:00,sender015@example.test,Synthetic title 00076,Synthetic subject 00076,recipient034@example.test,synthetic_document_00076.pdf,Yes,Synthetic work product,Yes
SYNLCPRV023-0000309,SYNLCPRV023-0000309,SYNLCPRV023-0000311,Synthetic Person 004,blind001@example.test,copy002@example.test,2025-06-22 09:30:00 -08:00,2025-06-22 09:31:00 -08:00,sender016@example.test,Synthetic title 00077,Synthetic subject 00077,recipient035@example.test,synthetic_document_00077.pdf,No,Synthetic joint defense,
SYNLCPRV023-0000313,SYNLCPRV023-0000313,SYNLCPRV023-0000313,Synthetic Person 005,blind002@example.test,copy003@example.test,2025-07-23 09:30:00 -08:00,2025-07-23 09:31:00 -08:00,sender017@example.test,Synthetic title 00078,Synthetic subject 00078,recipient036@example.test,synthetic_document_00078.pdf,Yes,Synthetic attorney-client,
SYNLCPRV023-0000317,SYNLCPRV023-0000317,SYNLCPRV023-0000318,Synthetic Person 006,blind003@example.test,copy004@example.test,2025-08-24 09:30:00 -08:00,2025-08-24 09:31:00 -08:00,sender018@example.test,Synthetic title 00079,Synthetic subject 00079,recipient037@example.test,synthetic_document_00079.pdf,No,Synthetic work product,
SYNLCPRV023-0000321,SYNLCPRV023-0000321,SYNLCPRV023-0000323,Synthetic Person 007,blind004@example.test,copy005@example.test,2025-09-25 09:30:00 -08:00,2025-09-25 09:31:00 -08:00,sender019@example.test,Synthetic title 00080,Synthetic subject 00080,recipient038@example.test,synthetic_document_00080.pdf,Yes,Synthetic joint defense,Yes
SYNLCPRV023-0000325,SYNLCPRV023-0000325,SYNLCPRV023-0000325,Synthetic Person 008,blind005@example.test,copy006@example.test,2025-10-26 09:30:00 -08:00,2025-10-26 09:31:00 -08:00,sender020@example.test,Synthetic title 00081,Synthetic subject 00081,recipient039@example.test,synthetic_document_00081.pdf,No,Synthetic attorney-client,
SYNLCPRV023-0000329,SYNLCPRV023-0000329,SYNLCPRV023-0000330,Synthetic Person 009,blind006@example.test,copy007@example.test,2025-11-27 09:30:00 -08:00,2025-11-27 09:31:00 -08:00,sender021@example.test,Synthetic title 00082,Synthetic subject 00082,recipient040@example.test,synthetic_document_00082.pdf,Yes,Synthetic work product,
SYNLCPRV023-0000333,SYNLCPRV023-0000333,SYNLCPRV023-0000335,Synthetic Person 010,blind007@example.test,copy008@example.test,2025-12-28 09:30:00 -08:00,2025-12-28 09:31:00 -08:00,sender022@example.test,Synthetic title 00083,Synthetic subject 00083,recipient041@example.test,synthetic_document_00083.pdf,No,Synthetic joint defense,
SYNLCPRV023-0000337,SYNLCPRV023-0000337,SYNLCPRV023-0000337,Synthetic Person 011,blind008@example.test,copy009@example.test,2025-01-01 09:30:00 -08:00,2025-01-01 09:31:00 -08:00,sender023@example.test,Synthetic title 00084,Synthetic subject 00084,recipient042@example.test,synthetic_document_00084.pdf,Yes,Synthetic attorney-client,Yes
SYNLCPRV023-0000341,SYNLCPRV023-0000341,SYNLCPRV023-0000342,Synthetic Person 012,blind009@example.test,copy010@example.test,2025-02-02 09:30:00 -08:00,2025-02-02 09:31:00 -08:00,sender024@example.test,Synthetic title 00085,Synthetic subject 00085,recipient043@example.test,synthetic_document_00085.pdf,No,Synthetic work product,
SYNLCPRV023-0000345,SYNLCPRV023-0000345,SYNLCPRV023-0000347,Synthetic Person 013,blind010@example.test,copy011@example.test,2025-03-03 09:30:00 -08:00,2025-03-03 09:31:00 -08:00,sender025@example.test,Synthetic title 00086,Synthetic subject 00086,recipient001@example.test,synthetic_document_00086.pdf,Yes,Synthetic joint defense,
SYNLCPRV023-0000349,SYNLCPRV023-0000349,SYNLCPRV023-0000349,Synthetic Person 014,blind011@example.test,copy012@example.test,2025-04-04 09:30:00 -08:00,2025-04-04 09:31:00 -08:00,sender026@example.test,Synthetic title 00087,Synthetic subject 00087,recipient002@example.test,synthetic_document_00087.pdf,No,Synthetic attorney-client,
SYNLCPRV023-0000353,SYNLCPRV023-0000353,SYNLCPRV023-0000354,Synthetic Person 015,blind001@example.test,copy013@example.test,2025-05-05 09:30:00 -08:00,2025-05-05 09:31:00 -08:00,sender027@example.test,Synthetic title 00088,Synthetic subject 00088,recipient003@example.test,synthetic_document_00088.pdf,Yes,Synthetic work product,Yes
SYNLCPRV023-0000357,SYNLCPRV023-0000357,SYNLCPRV023-0000359,Synthetic Person 016,blind002@example.test,copy014@example.test,2025-06-06 09:30:00 -08:00,2025-06-06 09:31:00 -08:00,sender028@example.test,Synthetic title 00089,Synthetic subject 00089,recipient004@example.test,synthetic_document_00089.pdf,No,Synthetic joint defense,
SYNLCPRV023-0000361,SYNLCPRV023-0000361,SYNLCPRV023-0000361,Synthetic Person 017,blind003@example.test,copy015@example.test,2025-07-07 09:30:00 -08:00,2025-07-07 09:31:00 -08:00,sender029@example.test,Synthetic title 00090,Synthetic subject 00090,recipient005@example.test,synthetic_document_00090.pdf,Yes,Synthetic attorney-client,
SYNLCPRV023-0000365,SYNLCPRV023-0000365,SYNLCPRV023-0000366,Synthetic Person 018,blind004@example.test,copy016@example.test,2025-08-08 09:30:00 -08:00,2025-08-08 09:31:00 -08:00,sender030@example.test,Synthetic title 00091,Synthetic subject 00091,recipient006@example.test,synthetic_document_00091.pdf,No,Synthetic work product,
SYNLCPRV023-0000369,SYNLCPRV023-0000369,SYNLCPRV023-0000371,Synthetic Person 019,blind005@example.test,copy017@example.test,2025-09-09 09:30:00 -08:00,2025-09-09 09:31:00 -08:00,sender031@example.test,Synthetic title 00092,Synthetic subject 00092,recipient007@example.test,synthetic_document_00092.pdf,Yes,Synthetic joint defense,Yes
SYNLCPRV023-0000373,SYNLCPRV023-0000373,SYNLCPRV023-0000373,Synthetic Person 020,blind006@example.test,copy018@example.test,2025-10-10 09:30:00 -08:00,2025-10-10 09:31:00 -08:00,sender001@example.test,Synthetic title 00093,Synthetic subject 00093,recipient008@example.test,synthetic_document_00093.pdf,No,Synthetic attorney-client,
SYNLCPRV023-0000377,SYNLCPRV023-0000377,SYNLCPRV023-0000378,Synthetic Person 021,blind007@example.test,copy019@example.test,2025-11-11 09:30:00 -08:00,2025-11-11 09:31:00 -08:00,sender002@example.test,Synthetic title 00094,Synthetic subject 00094,recipient009@example.test,synthetic_document_00094.pdf,Yes,Synthetic work product,
SYNLCPRV023-0000381,SYNLCPRV023-0000381,SYNLCPRV023-0000383,Synthetic Person 022,blind008@example.test,copy001@example.test,2025-12-12 09:30:00 -08:00,2025-12-12 09:31:00 -08:00,sender003@example.test,Synthetic title 00095,Synthetic subject 00095,recipient010@example.test,synthetic_document_00095.pdf,No,Synthetic joint defense,
SYNLCPRV023-0000385,SYNLCPRV023-0000385,SYNLCPRV023-0000385,Synthetic Person 023,blind009@example.test,copy002@example.test,2025-01-13 09:30:00 -08:00,2025-01-13 09:31:00 -08:00,sender004@example.test,Synthetic title 00096,Synthetic subject 00096,recipient011@example.test,synthetic_document_00096.pdf,Yes,Synthetic attorney-client,Yes
SYNLCPRV023-0000389,SYNLCPRV023-0000389,SYNLCPRV023-0000390,Synthetic Person 024,blind010@example.test,copy003@example.test,2025-02-14 09:30:00 -08:00,2025-02-14 09:31:00 -08:00,sender005@example.test,Synthetic title 00097,Synthetic subject 00097,recipient012@example.test,synthetic_document_00097.pdf,No,Synthetic work product,
SYNLCPRV023-0000393,SYNLCPRV023-0000393,SYNLCPRV023-0000395,Synthetic Person 025,blind011@example.test,copy004@example.test,2025-03-15 09:30:00 -08:00,2025-03-15 09:31:00 -08:00,sender006@example.test,Synthetic title 00098,Synthetic subject 00098,recipient013@example.test,synthetic_document_00098.pdf,Yes,Synthetic joint defense,
SYNLCPRV023-0000397,SYNLCPRV023-0000397,SYNLCPRV023-0000397,Synthetic Person 026,blind001@example.test,copy005@example.test,2025-04-16 09:30:00 -08:00,2025-04-16 09:31:00 -08:00,sender007@example.test,Synthetic title 00099,Synthetic subject 00099,recipient014@example.test,synthetic_document_00099.pdf,No,Synthetic attorney-client,
SYNLCPRV023-0000401,SYNLCPRV023-0000401,SYNLCPRV023-0000402,Synthetic Person 027,blind002@example.test,copy006@example.test,2025-05-17 09:30:00 -08:00,2025-05-17 09:31:00 -08:00,sender008@example.test,Synthetic title 00100,Synthetic subject 00100,recipient015@example.test,synthetic_document_00100.pdf,Yes,Synthetic work product,Yes
SYNLCPRV023-0000405,SYNLCPRV023-0000405,SYNLCPRV023-0000407,Synthetic Person 028,blind003@example.test,copy007@example.test,2025-06-18 09:30:00 -08:00,2025-06-18 09:31:00 -08:00,sender009@example.test,Synthetic title 00101,Synthetic subject 00101,recipient016@example.test,synthetic_document_00101.pdf,No,Synthetic joint defense,
SYNLCPRV023-0000409,SYNLCPRV023-0000409,SYNLCPRV023-0000409,Synthetic Person 029,blind004@example.test,copy008@example.test,2025-07-19 09:30:00 -08:00,2025-07-19 09:31:00 -08:00,sender010@example.test,Synthetic title 00102,Synthetic subject 00102,recipient017@example.test,synthetic_document_00102.pdf,Yes,Synthetic attorney-client,
SYNLCPRV023-0000413,SYNLCPRV023-0000413,SYNLCPRV023-0000414,Synthetic Person 030,blind005@example.test,copy009@example.test,2025-08-20 09:30:00 -08:00,2025-08-20 09:31:00 -08:00,sender011@example.test,Synthetic title 00103,Synthetic subject 00103,recipient018@example.test,synthetic_document_00103.pdf,No,Synthetic work product,
SYNLCPRV023-0000417,SYNLCPRV023-0000417,SYNLCPRV023-0000419,Synthetic Person 031,blind006@example.test,copy010@example.test,2025-09-21 09:30:00 -08:00,2025-09-21 09:31:00 -08:00,sender012@example.test,Synthetic title 00104,Synthetic subject 00104,recipient019@example.test,synthetic_document_00104.pdf,Yes,Synthetic joint defense,Yes
SYNLCPRV023-0000421,SYNLCPRV023-0000421,SYNLCPRV023-0000421,Synthetic Person 032,blind007@example.test,copy011@example.test,2025-10-22 09:30:00 -08:00,2025-10-22 09:31:00 -08:00,sender013@example.test,Synthetic title 00105,Synthetic subject 00105,recipient020@example.test,synthetic_document_00105.pdf,No,Synthetic attorney-client,
SYNLCPRV023-0000425,SYNLCPRV023-0000425,SYNLCPRV023-0000426,Synthetic Person 033,blind008@example.test,copy012@example.test,2025-11-23 09:30:00 -08:00,2025-11-23 09:31:00 -08:00,sender014@example.test,Synthetic title 00106,Synthetic subject 00106,recipient021@example.test,synthetic_document_00106.pdf,Yes,Synthetic work product,
SYNLCPRV023-0000429,SYNLCPRV023-0000429,SYNLCPRV023-0000431,Synthetic Person 034,blind009@example.test,copy013@example.test,2025-12-24 09:30:00 -08:00,2025-12-24 09:31:00 -08:00,sender015@example.test,Synthetic title 00107,Synthetic subject 00107,recipient022@example.test,synthetic_document_00107.pdf,No,Synthetic joint defense,
SYNLCPRV023-0000433,SYNLCPRV023-0000433,SYNLCPRV023-0000433,Synthetic Person 035,blind010@example.test,copy014@example.test,2025-01-25 09:30:00 -08:00,2025-01-25 09:31:00 -08:00,sender016@example.test,Synthetic title 00108,Synthetic subject 00108,recipient023@example.test,synthetic_document_00108.pdf,Yes,Synthetic attorney-client,Yes
SYNLCPRV023-0000437,SYNLCPRV023-0000437,SYNLCPRV023-0000438,Synthetic Person 036,blind011@example.test,copy015@example.test,2025-02-26 09:30:00 -08:00,2025-02-26 09:31:00 -08:00,sender017@example.test,Synthetic title 00109,Synthetic subject 00109,recipient024@example.test,synthetic_document_00109.pdf,No,Synthetic work product,
SYNLCPRV023-0000441,SYNLCPRV023-0000441,SYNLCPRV023-0000443,Synthetic Person 037,blind001@example.test,copy016@example.test,2025-03-27 09:30:00 -08:00,2025-03-27 09:31:00 -08:00,sender018@example.test,Synthetic title 00110,Synthetic subject 00110,recipient025@example.test,synthetic_document_00110.pdf,Yes,Synthetic joint defense,
SYNLCPRV023-0000445,SYNLCPRV023-0000445,SYNLCPRV023-0000445,Synthetic Person 001,blind002@example.test,copy017@example.test,2025-04-28 09:30:00 -08:00,2025-04-28 09:31:00 -08:00,sender019@example.test,Synthetic title 00111,Synthetic subject 00111,recipient026@example.test,synthetic_document_00111.pdf,No,Synthetic attorney-client,
SYNLCPRV023-0000449,SYNLCPRV023-0000449,SYNLCPRV023-0000450,Synthetic Person 002,blind003@example.test,copy018@example.test,2025-05-01 09:30:00 -08:00,2025-05-01 09:31:00 -08:00,sender020@example.test,Synthetic title 00112,Synthetic subject 00112,recipient027@example.test,synthetic_document_00112.pdf,Yes,Synthetic work product,Yes
SYNLCPRV023-0000453,SYNLCPRV023-0000453,SYNLCPRV023-0000455,Synthetic Person 003,blind004@example.test,copy019@example.test,2025-06-02 09:30:00 -08:00,2025-06-02 09:31:00 -08:00,sender021@example.test,Synthetic title 00113,Synthetic subject 00113,recipient028@example.test,synthetic_document_00113.pdf,No,Synthetic joint defense,
SYNLCPRV023-0000457,SYNLCPRV023-0000457,SYNLCPRV023-0000457,Synthetic Person 004,blind005@example.test,copy001@example.test,2025-07-03 09:30:00 -08:00,2025-07-03 09:31:00 -08:00,sender022@example.test,Synthetic title 00114,Synthetic subject 00114,recipient029@example.test,synthetic_document_00114.pdf,Yes,Synthetic attorney-client,
SYNLCPRV023-0000461,SYNLCPRV023-0000461,SYNLCPRV023-0000462,Synthetic Person 005,blind006@example.test,copy002@example.test,2025-08-04 09:30:00 -08:00,2025-08-04 09:31:00 -08:00,sender023@example.test,Synthetic title 00115,Synthetic subject 00115,recipient030@example.test,synthetic_document_00115.pdf,No,Synthetic work product,
SYNLCPRV023-0000465,SYNLCPRV023-0000465,SYNLCPRV023-0000467,Synthetic Person 006,blind007@example.test,copy003@example.test,2025-09-05 09:30:00 -08:00,2025-09-05 09:31:00 -08:00,sender024@example.test,Synthetic title 00116,Synthetic subject 00116,recipient031@example.test,synthetic_document_00116.pdf,Yes,Synthetic joint defense,Yes
SYNLCPRV023-0000469,SYNLCPRV023-0000469,SYNLCPRV023-0000469,Synthetic Person 007,blind008@example.test,copy004@example.test,2025-10-06 09:30:00 -08:00,2025-10-06 09:31:00 -08:00,sender025@example.test,Synthetic title 00117,Synthetic subject 00117,recipient032@example.test,synthetic_document_00117.pdf,No,Synthetic attorney-client,
SYNLCPRV023-0000473,SYNLCPRV023-0000473,SYNLCPRV023-0000474,Synthetic Person 008,blind009@example.test,copy005@example.test,2025-11-07 09:30:00 -08:00,2025-11-07 09:31:00 -08:00,sender026@example.test,Synthetic title 00118,Synthetic subject 00118,recipient033@example.test,synthetic_document_00118.pdf,Yes,Synthetic work product,
SYNLCPRV023-0000477,SYNLCPRV023-0000477,SYNLCPRV023-0000479,Synthetic Person 009,blind010@example.test,copy006@example.test,2025-12-08 09:30:00 -08:00,2025-12-08 09:31:00 -08:00,sender027@example.test,Synthetic title 00119,Synthetic subject 00119,recipient034@example.test,synthetic_document_00119.pdf,No,Synthetic joint defense,
SYNLCPRV023-0000481,SYNLCPRV023-0000481,SYNLCPRV023-0000481,Synthetic Person 010,blind011@example.test,copy007@example.test,2025-01-09 09:30:00 -08:00,2025-01-09 09:31:00 -08:00,sender028@example.test,Synthetic title 00120,Synthetic subject 00120,recipient035@example.test,synthetic_document_00120.pdf,Yes,Synthetic attorney-client,Yes
SYNLCPRV023-0000485,SYNLCPRV023-0000485,SYNLCPRV023-0000486,Synthetic Person 011,blind001@example.test,copy008@example.test,2025-02-10 09:30:00 -08:00,2025-02-10 09:31:00 -08:00,sender029@example.test,Synthetic title 00121,Synthetic subject 00121,recipient036@example.test,synthetic_document_00121.pdf,No,Synthetic work product,
SYNLCPRV023-0000489,SYNLCPRV023-0000489,SYNLCPRV023-0000491,Synthetic Person 012,blind002@example.test,copy009@example.test,2025-03-11 09:30:00 -08:00,2025-03-11 09:31:00 -08:00,sender030@example.test,Synthetic title 00122,Synthetic subject 00122,recipient037@example.test,synthetic_document_00122.pdf,Yes,Synthetic joint defense,
SYNLCPRV023-0000493,SYNLCPRV023-0000493,SYNLCPRV023-0000493,Synthetic Person 013,blind003@example.test,copy010@example.test,2025-04-12 09:30:00 -08:00,2025-04-12 09:31:00 -08:00,sender031@example.test,Synthetic title 00123,Synthetic subject 00123,recipient038@example.test,synthetic_document_00123.pdf,No,Synthetic attorney-client,
SYNLCPRV023-0000497,SYNLCPRV023-0000497,SYNLCPRV023-0000498,Synthetic Person 014,blind004@example.test,copy011@example.test,2025-05-13 09:30:00 -08:00,2025-05-13 09:31:00 -08:00,sender001@example.test,Synthetic title 00124,Synthetic subject 00124,recipient039@example.test,synthetic_document_00124.pdf,Yes,Synthetic work product,Yes
SYNLCPRV023-0000501,SYNLCPRV023-0000501,SYNLCPRV023-0000503,Synthetic Person 015,blind005@example.test,copy012@example.test,2025-06-14 09:30:00 -08:00,2025-06-14 09:31:00 -08:00,sender002@example.test,Synthetic title 00125,Synthetic subject 00125,recipient040@example.test,synthetic_document_00125.pdf,No,Synthetic joint defense,
SYNLCPRV023-0000505,SYNLCPRV023-0000505,SYNLCPRV023-0000505,Synthetic Person 016,blind006@example.test,copy013@example.test,2025-07-15 09:30:00 -08:00,2025-07-15 09:31:00 -08:00,sender003@example.test,Synthetic title 00126,Synthetic subject 00126,recipient041@example.test,synthetic_document_00126.pdf,Yes,Synthetic attorney-client,
SYNLCPRV023-0000509,SYNLCPRV023-0000509,SYNLCPRV023-0000510,Synthetic Person 017,blind007@example.test,copy014@example.test,2025-08-16 09:30:00 -08:00,2025-08-16 09:31:00 -08:00,sender004@example.test,Synthetic title 00127,Synthetic subject 00127,recipient042@example.test,synthetic_document_00127.pdf,No,Synthetic work product,
SYNLCPRV023-0000513,SYNLCPRV023-0000513,SYNLCPRV023-0000515,Synthetic Person 018,blind008@example.test,copy015@example.test,2025-09-17 09:30:00 -08:00,2025-09-17 09:31:00 -08:00,sender005@example.test,Synthetic title 00128,Synthetic subject 00128,recipient043@example.test,synthetic_document_00128.pdf,Yes,Synthetic joint defense,Yes
SYNLCPRV023-0000517,SYNLCPRV023-0000517,SYNLCPRV023-0000517,Synthetic Person 019,blind009@example.test,copy016@example.test,2025-10-18 09:30:00 -08:00,2025-10-18 09:31:00 -08:00,sender006@example.test,Synthetic title 00129,Synthetic subject 00129,recipient001@example.test,synthetic_document_00129.pdf,No,Synthetic attorney-client,
SYNLCPRV023-0000521,SYNLCPRV023-0000521,SYNLCPRV023-0000522,Synthetic Person 020,blind010@example.test,copy017@example.test,2025-11-19 09:30:00 -08:00,2025-11-19 09:31:00 -08:00,sender007@example.test,Synthetic title 00130,Synthetic subject 00130,recipient002@example.test,synthetic_document_00130.pdf,Yes,Synthetic work product,
SYNLCPRV023-0000525,SYNLCPRV023-0000525,SYNLCPRV023-0000527,Synthetic Person 021,blind011@example.test,copy018@example.test,2025-12-20 09:30:00 -08:00,2025-12-20 09:31:00 -08:00,sender008@example.test,Synthetic title 00131,Synthetic subject 00131,recipient003@example.test,synthetic_document_00131.pdf,No,Synthetic joint defense,
SYNLCPRV023-0000529,SYNLCPRV023-0000529,SYNLCPRV023-0000529,Synthetic Person 022,blind001@example.test,copy019@example.test,2025-01-21 09:30:00 -08:00,2025-01-21 09:31:00 -08:00,sender009@example.test,Synthetic title 00132,Synthetic subject 00132,recipient004@example.test,synthetic_document_00132.pdf,Yes,Synthetic attorney-client,Yes
SYNLCPRV023-0000533,SYNLCPRV023-0000533,SYNLCPRV023-0000534,Synthetic Person 023,blind002@example.test,copy001@example.test,2025-02-22 09:30:00 -08:00,2025-02-22 09:31:00 -08:00,sender010@example.test,Synthetic title 00133,Synthetic subject 00133,recipient005@example.test,synthetic_document_00133.pdf,No,Synthetic work product,
SYNLCPRV023-0000537,SYNLCPRV023-0000537,SYNLCPRV023-0000539,Synthetic Person 024,blind003@example.test,copy002@example.test,2025-03-23 09:30:00 -08:00,2025-03-23 09:31:00 -08:00,sender011@example.test,Synthetic title 00134,Synthetic subject 00134,recipient006@example.test,synthetic_document_00134.pdf,Yes,Synthetic joint defense,
SYNLCPRV023-0000541,SYNLCPRV023-0000541,SYNLCPRV023-0000541,Synthetic Person 025,blind004@example.test,copy003@example.test,2025-04-24 09:30:00 -08:00,2025-04-24 09:31:00 -08:00,sender012@example.test,Synthetic title 00135,Synthetic subject 00135,recipient007@example.test,synthetic_document_00135.pdf,No,Synthetic attorney-client,
SYNLCPRV023-0000545,SYNLCPRV023-0000545,SYNLCPRV023-0000546,Synthetic Person 026,blind005@example.test,copy004@example.test,2025-05-25 09:30:00 -08:00,2025-05-25 09:31:00 -08:00,sender013@example.test,Synthetic title 00136,Synthetic subject 00136,recipient008@example.test,synthetic_document_00136.pdf,Yes,Synthetic work product,Yes
SYNLCPRV023-0000549,SYNLCPRV023-0000549,SYNLCPRV023-0000551,Synthetic Person 027,blind006@example.test,copy005@example.test,2025-06-26 09:30:00 -08:00,2025-06-26 09:31:00 -08:00,sender014@example.test,Synthetic title 00137,Synthetic subject 00137,recipient009@example.test,synthetic_document_00137.pdf,No,Synthetic joint defense,
SYNLCPRV023-0000553,SYNLCPRV023-0000553,SYNLCPRV023-0000553,Synthetic Person 028,blind007@example.test,copy006@example.test,2025-07-27 09:30:00 -08:00,2025-07-27 09:31:00 -08:00,sender015@example.test,Synthetic title 00138,Synthetic subject 00138,recipient010@example.test,synthetic_document_00138.pdf,Yes,Synthetic attorney-client,
SYNLCPRV023-0000557,SYNLCPRV023-0000557,SYNLCPRV023-0000558,Synthetic Person 029,blind008@example.test,copy007@example.test,2025-08-28 09:30:00 -08:00,2025-08-28 09:31:00 -08:00,sender016@example.test,Synthetic title 00139,Synthetic subject 00139,recipient011@example.test,synthetic_document_00139.pdf,No,Synthetic work product,
SYNLCPRV023-0000561,SYNLCPRV023-0000561,SYNLCPRV023-0000563,Synthetic Person 030,blind009@example.test,copy008@example.test,2025-09-01 09:30:00 -08:00,2025-09-01 09:31:00 -08:00,sender017@example.test,Synthetic title 00140,Synthetic subject 00140,recipient012@example.test,synthetic_document_00140.pdf,Yes,Synthetic joint defense,Yes
SYNLCPRV023-0000565,SYNLCPRV023-0000565,SYNLCPRV023-0000565,Synthetic Person 031,blind010@example.test,copy009@example.test,2025-10-02 09:30:00 -08:00,2025-10-02 09:31:00 -08:00,sender018@example.test,Synthetic title 00141,Synthetic subject 00141,recipient013@example.test,synthetic_document_00141.pdf,No,Synthetic attorney-client,
SYNLCPRV023-0000569,SYNLCPRV023-0000569,SYNLCPRV023-0000570,Synthetic Person 032,blind011@example.test,copy010@example.test,2025-11-03 09:30:00 -08:00,2025-11-03 09:31:00 -08:00,sender019@example.test,Synthetic title 00142,Synthetic subject 00142,recipient014@example.test,synthetic_document_00142.pdf,Yes,Synthetic work product,
SYNLCPRV023-0000573,SYNLCPRV023-0000573,SYNLCPRV023-0000575,Synthetic Person 033,blind001@example.test,copy011@example.test,2025-12-04 09:30:00 -08:00,2025-12-04 09:31:00 -08:00,sender020@example.test,Synthetic title 00143,Synthetic subject 00143,recipient015@example.test,synthetic_document_00143.pdf,No,Synthetic joint defense,
SYNLCPRV023-0000577,SYNLCPRV023-0000577,SYNLCPRV023-0000577,Synthetic Person 034,blind002@example.test,copy012@example.test,2025-01-05 09:30:00 -08:00,2025-01-05 09:31:00 -08:00,sender021@example.test,Synthetic title 00144,Synthetic subject 00144,recipient016@example.test,synthetic_document_00144.pdf,Yes,Synthetic attorney-client,Yes
SYNLCPRV023-0000581,SYNLCPRV023-0000581,SYNLCPRV023-0000582,Synthetic Person 035,blind003@example.test,copy013@example.test,2025-02-06 09:30:00 -08:00,2025-02-06 09:31:00 -08:00,sender022@example.test,Synthetic title 00145,Synthetic subject 00145,recipient017@example.test,synthetic_document_00145.pdf,No,Synthetic work product,
SYNLCPRV023-0000585,SYNLCPRV023-0000585,SYNLCPRV023-0000587,Synthetic Person 036,blind004@example.test,copy014@example.test,2025-03-07 09:30:00 -08:00,2025-03-07 09:31:00 -08:00,sender023@example.test,Synthetic title 00146,Synthetic subject 00146,recipient018@example.test,synthetic_document_00146.pdf,Yes,Synthetic joint defense,
SYNLCPRV023-0000589,SYNLCPRV023-0000589,SYNLCPRV023-0000589,Synthetic Person 037,blind005@example.test,copy015@example.test,2025-04-08 09:30:00 -08:00,2025-04-08 09:31:00 -08:00,sender024@example.test,Synthetic title 00147,Synthetic subject 00147,recipient019@example.test,synthetic_document_00147.pdf,No,Synthetic attorney-client,
SYNLCPRV023-0000593,SYNLCPRV023-0000593,SYNLCPRV023-0000594,Synthetic Person 001,blind006@example.test,copy016@example.test,2025-05-09 09:30:00 -08:00,2025-05-09 09:31:00 -08:00,sender025@example.test,Synthetic title 00148,Synthetic subject 00148,recipient020@example.test,synthetic_document_00148.pdf,Yes,Synthetic work product,Yes
SYNLCPRV023-0000597,SYNLCPRV023-0000597,SYNLCPRV023-0000599,Synthetic Person 002,blind007@example.test,copy017@example.test,2025-06-10 09:30:00 -08:00,2025-06-10 09:31:00 -08:00,sender026@example.test,Synthetic title 00149,Synthetic subject 00149,recipient021@example.test,synthetic_document_00149.pdf,No,Synthetic joint defense,
SYNLCPRV023-0000601,SYNLCPRV023-0000601,SYNLCPRV023-0000601,Synthetic Person 003,blind008@example.test,copy018@example.test,2025-07-11 09:30:00 -08:00,2025-07-11 09:31:00 -08:00,sender027@example.test,Synthetic title 00150,Synthetic subject 00150,recipient022@example.test,synthetic_document_00150.pdf,Yes,Synthetic attorney-client,
SYNLCPRV023-0000605,SYNLCPRV023-0000605,SYNLCPRV023-0000606,Synthetic Person 004,blind009@example.test,copy019@example.test,2025-08-12 09:30:00 -08:00,2025-08-12 09:31:00 -08:00,sender028@example.test,Synthetic title 00151,Synthetic subject 00151,recipient023@example.test,synthetic_document_00151.pdf,No,Synthetic work product,
SYNLCPRV023-0000609,SYNLCPRV023-0000609,SYNLCPRV023-0000611,Synthetic Person 005,blind010@example.test,copy001@example.test,2025-09-13 09:30:00 -08:00,2025-09-13 09:31:00 -08:00,sender029@example.test,Synthetic title 00152,Synthetic subject 00152,recipient024@example.test,synthetic_document_00152.pdf,Yes,Synthetic joint defense,Yes
SYNLCPRV023-0000613,SYNLCPRV023-0000613,SYNLCPRV023-0000613,Synthetic Person 006,blind011@example.test,copy002@example.test,2025-10-14 09:30:00 -08:00,2025-10-14 09:31:00 -08:00,sender030@example.test,Synthetic title 00153,Synthetic subject 00153,recipient025@example.test,synthetic_document_00153.pdf,No,Synthetic attorney-client,
SYNLCPRV023-0000617,SYNLCPRV023-0000617,SYNLCPRV023-0000618,Synthetic Person 007,blind001@example.test,copy003@example.test,2025-11-15 09:30:00 -08:00,2025-11-15 09:31:00 -08:00,sender031@example.test,Synthetic title 00154,Synthetic subject 00154,recipient026@example.test,synthetic_document_00154.pdf,Yes,Synthetic work product,
SYNLCPRV023-0000621,SYNLCPRV023-0000621,SYNLCPRV023-0000623,Synthetic Person 008,blind002@example.test,copy004@example.test,2025-12-16 09:30:00 -08:00,2025-12-16 09:31:00 -08:00,sender001@example.test,Synthetic title 00155,Synthetic subject 00155,recipient027@example.test,synthetic_document_00155.pdf,No,Synthetic joint defense,
SYNLCPRV023-0000625,SYNLCPRV023-0000625,SYNLCPRV023-0000625,Synthetic Person 009,blind003@example.test,copy005@example.test,2025-01-17 09:30:00 -08:00,2025-01-17 09:31:00 -08:00,sender002@example.test,Synthetic title 00156,Synthetic subject 00156,recipient028@example.test,synthetic_document_00156.pdf,Yes,Synthetic attorney-client,Yes
SYNLCPRV023-0000629,SYNLCPRV023-0000629,SYNLCPRV023-0000630,Synthetic Person 010,blind004@example.test,copy006@example.test,2025-02-18 09:30:00 -08:00,2025-02-18 09:31:00 -08:00,sender003@example.test,Synthetic title 00157,Synthetic subject 00157,recipient029@example.test,synthetic_document_00157.pdf,No,Synthetic work product,
SYNLCPRV023-0000633,SYNLCPRV023-0000633,SYNLCPRV023-0000635,Synthetic Person 011,blind005@example.test,copy007@example.test,2025-03-19 09:30:00 -08:00,2025-03-19 09:31:00 -08:00,sender004@example.test,Synthetic title 00158,Synthetic subject 00158,recipient030@example.test,synthetic_document_00158.pdf,Yes,Synthetic joint defense,
SYNLCPRV023-0000637,SYNLCPRV023-0000637,SYNLCPRV023-0000637,Synthetic Person 012,blind006@example.test,copy008@example.test,2025-04-20 09:30:00 -08:00,2025-04-20 09:31:00 -08:00,sender005@example.test,Synthetic title 00159,Synthetic subject 00159,recipient031@example.test,synthetic_document_00159.pdf,No,Synthetic attorney-client,
SYNLCPRV023-0000641,SYNLCPRV023-0000641,SYNLCPRV023-0000642,Synthetic Person 013,blind007@example.test,copy009@example.test,2025-05-21 09:30:00 -08:00,2025-05-21 09:31:00 -08:00,sender006@example.test,Synthetic title 00160,Synthetic subject 00160,recipient032@example.test,synthetic_document_00160.pdf,Yes,Synthetic work product,Yes
SYNLCPRV023-0000645,SYNLCPRV023-0000645,SYNLCPRV023-0000647,Synthetic Person 014,blind008@example.test,copy010@example.test,2025-06-22 09:30:00 -08:00,2025-06-22 09:31:00 -08:00,sender007@example.test,Synthetic title 00161,Synthetic subject 00161,recipient033@example.test,synthetic_document_00161.pdf,No,Synthetic joint defense,
SYNLCPRV023-0000649,SYNLCPRV023-0000649,SYNLCPRV023-0000649,Synthetic Person 015,blind009@example.test,copy011@example.test,2025-07-23 09:30:00 -08:00,2025-07-23 09:31:00 -08:00,sender008@example.test,Synthetic title 00162,Synthetic subject 00162,recipient034@example.test,synthetic_document_00162.pdf,Yes,Synthetic attorney-client,
SYNLCPRV023-0000653,SYNLCPRV023-0000653,SYNLCPRV023-0000654,Synthetic Person 016,blind010@example.test,copy012@example.test,2025-08-24 09:30:00 -08:00,2025-08-24 09:31:00 -08:00,sender009@example.test,Synthetic title 00163,Synthetic subject 00163,recipient035@example.test,synthetic_document_00163.pdf,No,Synthetic work product,
SYNLCPRV023-0000657,SYNLCPRV023-0000657,SYNLCPRV023-0000659,Synthetic Person 017,blind011@example.test,copy013@example.test,2025-09-25 09:30:00 -08:00,2025-09-25 09:31:00 -08:00,sender010@example.test,Synthetic title 00164,Synthetic subject 00164,recipient036@example.test,synthetic_document_00164.pdf,Yes,Synthetic joint defense,Yes
SYNLCPRV023-0000661,SYNLCPRV023-0000661,SYNLCPRV023-0000661,Synthetic Person 018,blind001@example.test,copy014@example.test,2025-10-26 09:30:00 -08:00,2025-10-26 09:31:00 -08:00,sender011@example.test,Synthetic title 00165,Synthetic subject 00165,recipient037@example.test,synthetic_document_00165.pdf,No,Synthetic attorney-client,
SYNLCPRV023-0000665,SYNLCPRV023-0000665,SYNLCPRV023-0000666,Synthetic Person 019,blind002@example.test,copy015@example.test,2025-11-27 09:30:00 -08:00,2025-11-27 09:31:00 -08:00,sender012@example.test,Synthetic title 00166,Synthetic subject 00166,recipient038@example.test,synthetic_document_00166.pdf,Yes,Synthetic work product,
SYNLCPRV023-0000669,SYNLCPRV023-0000669,SYNLCPRV023-0000671,Synthetic Person 020,blind003@example.test,copy016@example.test,2025-12-28 09:30:00 -08:00,2025-12-28 09:31:00 -08:00,sender013@example.test,Synthetic title 00167,Synthetic subject 00167,recipient039@example.test,synthetic_document_00167.pdf,No,Synthetic joint defense,
SYNLCPRV023-0000673,SYNLCPRV023-0000673,SYNLCPRV023-0000673,Synthetic Person 021,blind004@example.test,copy017@example.test,2025-01-01 09:30:00 -08:00,2025-01-01 09:31:00 -08:00,sender014@example.test,Synthetic title 00168,Synthetic subject 00168,recipient040@example.test,synthetic_document_00168.pdf,Yes,Synthetic attorney-client,Yes
SYNLCPRV023-0000677,SYNLCPRV023-0000677,SYNLCPRV023-0000678,Synthetic Person 022,blind005@example.test,copy018@example.test,2025-02-02 09:30:00 -08:00,2025-02-02 09:31:00 -08:00,sender015@example.test,Synthetic title 00169,Synthetic subject 00169,recipient041@example.test,synthetic_document_00169.pdf,No,Synthetic work product,
SYNLCPRV023-0000681,SYNLCPRV023-0000681,SYNLCPRV023-0000683,Synthetic Person 023,blind006@example.test,copy019@example.test,2025-03-03 09:30:00 -08:00,2025-03-03 09:31:00 -08:00,sender016@example.test,Synthetic title 00170,Synthetic subject 00170,recipient042@example.test,synthetic_document_00170.pdf,Yes,Synthetic joint defense,
SYNLCPRV023-0000685,SYNLCPRV023-0000685,SYNLCPRV023-0000685,Synthetic Person 024,blind007@example.test,copy001@example.test,2025-04-04 09:30:00 -08:00,2025-04-04 09:31:00 -08:00,sender017@example.test,Synthetic title 00171,Synthetic subject 00171,recipient043@example.test,synthetic_document_00171.pdf,No,Synthetic attorney-client,
SYNLCPRV023-0000689,SYNLCPRV023-0000689,SYNLCPRV023-0000690,Synthetic Person 025,blind008@example.test,copy002@example.test,2025-05-05 09:30:00 -08:00,2025-05-05 09:31:00 -08:00,sender018@example.test,Synthetic title 00172,Synthetic subject 00172,recipient001@example.test,synthetic_document_00172.pdf,Yes,Synthetic work product,Yes
SYNLCPRV023-0000693,SYNLCPRV023-0000693,SYNLCPRV023-0000695,Synthetic Person 026,blind009@example.test,copy003@example.test,2025-06-06 09:30:00 -08:00,2025-06-06 09:31:00 -08:00,sender019@example.test,Synthetic title 00173,Synthetic subject 00173,recipient002@example.test,synthetic_document_00173.pdf,No,Synthetic joint defense,
SYNLCPRV023-0000697,SYNLCPRV023-0000697,SYNLCPRV023-0000697,Synthetic Person 027,blind010@example.test,copy004@example.test,2025-07-07 09:30:00 -08:00,2025-07-07 09:31:00 -08:00,sender020@example.test,Synthetic title 00174,Synthetic subject 00174,recipient003@example.test,synthetic_document_00174.pdf,Yes,Synthetic attorney-client,
SYNLCPRV023-0000701,SYNLCPRV023-0000701,SYNLCPRV023-0000702,Synthetic Person 028,blind011@example.test,copy005@example.test,2025-08-08 09:30:00 -08:00,2025-08-08 09:31:00 -08:00,sender021@example.test,Synthetic title 00175,Synthetic subject 00175,recipient004@example.test,synthetic_document_00175.pdf,No,Synthetic work product,
SYNLCPRV023-0000705,SYNLCPRV023-0000705,SYNLCPRV023-0000707,Synthetic Person 029,blind001@example.test,copy006@example.test,2025-09-09 09:30:00 -08:00,2025-09-09 09:31:00 -08:00,sender022@example.test,Synthetic title 00176,Synthetic subject 00176,recipient005@example.test,synthetic_document_00176.pdf,Yes,Synthetic joint defense,Yes
SYNLCPRV023-0000709,SYNLCPRV023-0000709,SYNLCPRV023-0000709,Synthetic Person 030,blind002@example.test,copy007@example.test,2025-10-10 09:30:00 -08:00,2025-10-10 09:31:00 -08:00,sender023@example.test,Synthetic title 00177,Synthetic subject 00177,recipient006@example.test,synthetic_document_00177.pdf,No,Synthetic attorney-client,
SYNLCPRV023-0000713,SYNLCPRV023-0000713,SYNLCPRV023-0000714,Synthetic Person 031,blind003@example.test,copy008@example.test,2025-11-11 09:30:00 -08:00,2025-11-11 09:31:00 -08:00,sender024@example.test,Synthetic title 00178,Synthetic subject 00178,recipient007@example.test,synthetic_document_00178.pdf,Yes,Synthetic work product,
SYNLCPRV023-0000717,SYNLCPRV023-0000717,SYNLCPRV023-0000719,Synthetic Person 032,blind004@example.test,copy009@example.test,2025-12-12 09:30:00 -08:00,2025-12-12 09:31:00 -08:00,sender025@example.test,Synthetic title 00179,Synthetic subject 00179,recipient008@example.test,synthetic_document_00179.pdf,No,Synthetic joint defense,
SYNLCPRV023-0000721,SYNLCPRV023-0000721,SYNLCPRV023-0000721,Synthetic Person 033,blind005@example.test,copy010@example.test,2025-01-13 09:30:00 -08:00,2025-01-13 09:31:00 -08:00,sender026@example.test,Synthetic title 00180,Synthetic subject 00180,recipient009@example.test,synthetic_document_00180.pdf,Yes,Synthetic attorney-client,Yes
SYNLCPRV023-0000725,SYNLCPRV023-0000725,SYNLCPRV023-0000726,Synthetic Person 034,blind006@example.test,copy011@example.test,2025-02-14 09:30:00 -08:00,2025-02-14 09:31:00 -08:00,sender027@example.test,Synthetic title 00181,Synthetic subject 00181,recipient010@example.test,synthetic_document_00181.pdf,No,Synthetic work product,
SYNLCPRV023-0000729,SYNLCPRV023-0000729,SYNLCPRV023-0000731,Synthetic Person 035,blind007@example.test,copy012@example.test,2025-03-15 09:30:00 -08:00,2025-03-15 09:31:00 -08:00,sender028@example.test,Synthetic title 00182,Synthetic subject 00182,recipient011@example.test,synthetic_document_00182.pdf,Yes,Synthetic joint defense,
SYNLCPRV023-0000733,SYNLCPRV023-0000733,SYNLCPRV023-0000733,Synthetic Person 036,blind008@example.test,copy013@example.test,2025-04-16 09:30:00 -08:00,2025-04-16 09:31:00 -08:00,sender029@example.test,Synthetic title 00183,Synthetic subject 00183,recipient012@example.test,synthetic_document_00183.pdf,No,Synthetic attorney-client,
SYNLCPRV023-0000737,SYNLCPRV023-0000737,SYNLCPRV023-0000738,Synthetic Person 037,blind009@example.test,copy014@example.test,2025-05-17 09:30:00 -08:00,2025-05-17 09:31:00 -08:00,sender030@example.test,Synthetic title 00184,Synthetic subject 00184,recipient013@example.test,synthetic_document_00184.pdf,Yes,Synthetic work product,Yes
SYNLCPRV023-0000741,SYNLCPRV023-0000741,SYNLCPRV023-0000743,Synthetic Person 001,blind010@example.test,copy015@example.test,2025-06-18 09:30:00 -08:00,2025-06-18 09:31:00 -08:00,sender031@example.test,Synthetic title 00185,Synthetic subject 00185,recipient014@example.test,synthetic_document_00185.pdf,No,Synthetic joint defense,
SYNLCPRV023-0000745,SYNLCPRV023-0000745,SYNLCPRV023-0000745,Synthetic Person 002,blind011@example.test,copy016@example.test,2025-07-19 09:30:00 -08:00,2025-07-19 09:31:00 -08:00,sender001@example.test,Synthetic title 00186,Synthetic subject 00186,recipient015@example.test,synthetic_document_00186.pdf,Yes,Synthetic attorney-client,
SYNLCPRV023-0000749,SYNLCPRV023-0000749,SYNLCPRV023-0000750,Synthetic Person 003,blind001@example.test,copy017@example.test,2025-08-20 09:30:00 -08:00,2025-08-20 09:31:00 -08:00,sender002@example.test,Synthetic title 00187,Synthetic subject 00187,recipient016@example.test,synthetic_document_00187.pdf,No,Synthetic work product,
SYNLCPRV023-0000753,SYNLCPRV023-0000753,SYNLCPRV023-0000755,Synthetic Person 004,blind002@example.test,copy018@example.test,2025-09-21 09:30:00 -08:00,2025-09-21 09:31:00 -08:00,sender003@example.test,Synthetic title 00188,Synthetic subject 00188,recipient017@example.test,synthetic_document_00188.pdf,Yes,Synthetic joint defense,Yes
SYNLCPRV023-0000757,SYNLCPRV023-0000757,SYNLCPRV023-0000757,Synthetic Person 005,blind003@example.test,copy019@example.test,2025-10-22 09:30:00 -08:00,2025-10-22 09:31:00 -08:00,sender004@example.test,Synthetic title 00189,Synthetic subject 00189,recipient018@example.test,synthetic_document_00189.pdf,No,Synthetic attorney-client,
SYNLCPRV023-0000761,SYNLCPRV023-0000761,SYNLCPRV023-0000762,Synthetic Person 006,blind004@example.test,copy001@example.test,2025-11-23 09:30:00 -08:00,2025-11-23 09:31:00 -08:00,sender005@example.test,Synthetic title 00190,Synthetic subject 00190,recipient019@example.test,synthetic_document_00190.pdf,Yes,Synthetic work product,
SYNLCPRV023-0000765,SYNLCPRV023-0000765,SYNLCPRV023-0000767,Synthetic Person 007,blind005@example.test,copy002@example.test,2025-12-24 09:30:00 -08:00,2025-12-24 09:31:00 -08:00,sender006@example.test,Synthetic title 00191,Synthetic subject 00191,recipient020@example.test,synthetic_document_00191.pdf,No,Synthetic joint defense,
SYNLCPRV023-0000769,SYNLCPRV023-0000769,SYNLCPRV023-0000769,Synthetic Person 008,blind006@example.test,copy003@example.test,2025-01-25 09:30:00 -08:00,2025-01-25 09:31:00 -08:00,sender007@example.test,Synthetic title 00192,Synthetic subject 00192,recipient021@example.test,synthetic_document_00192.pdf,Yes,Synthetic attorney-client,Yes
SYNLCPRV023-0000773,SYNLCPRV023-0000773,SYNLCPRV023-0000774,Synthetic Person 009,blind007@example.test,copy004@example.test,2025-02-26 09:30:00 -08:00,2025-02-26 09:31:00 -08:00,sender008@example.test,Synthetic title 00193,Synthetic subject 00193,recipient022@example.test,synthetic_document_00193.pdf,No,Synthetic work product,
SYNLCPRV023-0000777,SYNLCPRV023-0000777,SYNLCPRV023-0000779,Synthetic Person 010,blind008@example.test,copy005@example.test,2025-03-27 09:30:00 -08:00,2025-03-27 09:31:00 -08:00,sender009@example.test,Synthetic title 00194,Synthetic subject 00194,recipient023@example.test,synthetic_document_00194.pdf,Yes,Synthetic joint defense,
SYNLCPRV023-0000781,SYNLCPRV023-0000781,SYNLCPRV023-0000781,Synthetic Person 011,blind009@example.test,copy006@example.test,2025-04-28 09:30:00 -08:00,2025-04-28 09:31:00 -08:00,sender010@example.test,Synthetic title 00195,Synthetic subject 00195,recipient024@example.test,synthetic_document_00195.pdf,No,Synthetic attorney-client,
SYNLCPRV023-0000785,SYNLCPRV023-0000785,SYNLCPRV023-0000786,Synthetic Person 012,blind010@example.test,copy007@example.test,2025-05-01 09:30:00 -08:00,2025-05-01 09:31:00 -08:00,sender011@example.test,Synthetic title 00196,Synthetic subject 00196,recipient025@example.test,synthetic_document_00196.pdf,Yes,Synthetic work product,Yes
SYNLCPRV023-0000789,SYNLCPRV023-0000789,SYNLCPRV023-0000791,Synthetic Person 013,blind011@example.test,copy008@example.test,2025-06-02 09:30:00 -08:00,2025-06-02 09:31:00 -08:00,sender012@example.test,Synthetic title 00197,Synthetic subject 00197,recipient026@example.test,synthetic_document_00197.pdf,No,Synthetic joint defense,
SYNLCPRV023-0000793,SYNLCPRV023-0000793,SYNLCPRV023-0000793,Synthetic Person 014,blind001@example.test,copy009@example.test,2025-07-03 09:30:00 -08:00,2025-07-03 09:31:00 -08:00,sender013@example.test,Synthetic title 00198,Synthetic subject 00198,recipient027@example.test,synthetic_document_00198.pdf,Yes,Synthetic attorney-client,
SYNLCPRV023-0000797,SYNLCPRV023-0000797,SYNLCPRV023-0000798,Synthetic Person 015,blind002@example.test,copy010@example.test,2025-08-04 09:30:00 -08:00,2025-08-04 09:31:00 -08:00,sender014@example.test,Synthetic title 00199,Synthetic subject 00199,recipient028@example.test,synthetic_document_00199.pdf,No,Synthetic work product,
SYNLCPRV023-0000801,SYNLCPRV023-0000801,SYNLCPRV023-0000803,Synthetic Person 016,blind003@example.test,copy011@example.test,2025-09-05 09:30:00 -08:00,2025-09-05 09:31:00 -08:00,sender015@example.test,Synthetic title 00200,Synthetic subject 00200,recipient029@example.test,synthetic_document_00200.pdf,Yes,Synthetic joint defense,Yes
SYNLCPRV023-0000805,SYNLCPRV023-0000805,SYNLCPRV023-0000805,Synthetic Person 017,blind004@example.test,copy012@example.test,2025-10-06 09:30:00 -08:00,2025-10-06 09:31:00 -08:00,sender016@example.test,Synthetic title 00201,Synthetic subject 00201,recipient030@example.test,synthetic_document_00201.pdf,No,Synthetic attorney-client,
SYNLCPRV023-0000809,SYNLCPRV023-0000809,SYNLCPRV023-0000810,Synthetic Person 018,blind005@example.test,copy013@example.test,2025-11-07 09:30:00 -08:00,2025-11-07 09:31:00 -08:00,sender017@example.test,Synthetic title 00202,Synthetic subject 00202,recipient031@example.test,synthetic_document_00202.pdf,Yes,Synthetic work product,
SYNLCPRV023-0000813,SYNLCPRV023-0000813,SYNLCPRV023-0000815,Synthetic Person 019,blind006@example.test,copy014@example.test,2025-12-08 09:30:00 -08:00,2025-12-08 09:31:00 -08:00,sender018@example.test,Synthetic title 00203,Synthetic subject 00203,recipient032@example.test,synthetic_document_00203.pdf,No,Synthetic joint defense,
SYNLCPRV023-0000817,SYNLCPRV023-0000817,SYNLCPRV023-0000817,Synthetic Person 020,blind007@example.test,copy015@example.test,2025-01-09 09:30:00 -08:00,2025-01-09 09:31:00 -08:00,sender019@example.test,Synthetic title 00204,Synthetic subject 00204,recipient033@example.test,synthetic_document_00204.pdf,Yes,Synthetic attorney-client,Yes
SYNLCPRV023-0000821,SYNLCPRV023-0000821,SYNLCPRV023-0000822,Synthetic Person 021,blind008@example.test,copy016@example.test,2025-02-10 09:30:00 -08:00,2025-02-10 09:31:00 -08:00,sender020@example.test,Synthetic title 00205,Synthetic subject 00205,recipient034@example.test,synthetic_document_00205.pdf,No,Synthetic work product,
SYNLCPRV023-0000825,SYNLCPRV023-0000825,SYNLCPRV023-0000827,Synthetic Person 022,blind009@example.test,copy017@example.test,2025-03-11 09:30:00 -08:00,2025-03-11 09:31:00 -08:00,sender021@example.test,Synthetic title 00206,Synthetic subject 00206,recipient035@example.test,synthetic_document_00206.pdf,Yes,Synthetic joint defense,
SYNLCPRV023-0000829,SYNLCPRV023-0000829,SYNLCPRV023-0000829,Synthetic Person 023,blind010@example.test,copy018@example.test,2025-04-12 09:30:00 -08:00,2025-04-12 09:31:00 -08:00,sender022@example.test,Synthetic title 00207,Synthetic subject 00207,recipient036@example.test,synthetic_document_00207.pdf,No,Synthetic attorney-client,
SYNLCPRV023-0000833,SYNLCPRV023-0000833,SYNLCPRV023-0000834,Synthetic Person 024,blind011@example.test,copy019@example.test,2025-05-13 09:30:00 -08:00,2025-05-13 09:31:00 -08:00,sender023@example.test,Synthetic title 00208,Synthetic subject 00208,recipient037@example.test,synthetic_document_00208.pdf,Yes,Synthetic work product,Yes
SYNLCPRV023-0000837,SYNLCPRV023-0000837,SYNLCPRV023-0000839,Synthetic Person 025,blind001@example.test,copy001@example.test,2025-06-14 09:30:00 -08:00,2025-06-14 09:31:00 -08:00,sender024@example.test,Synthetic title 00209,Synthetic subject 00209,recipient038@example.test,synthetic_document_00209.pdf,No,Synthetic joint defense,
SYNLCPRV023-0000841,SYNLCPRV023-0000841,SYNLCPRV023-0000841,Synthetic Person 026,blind002@example.test,copy002@example.test,2025-07-15 09:30:00 -08:00,2025-07-15 09:31:00 -08:00,sender025@example.test,Synthetic title 00210,Synthetic subject 00210,recipient039@example.test,synthetic_document_00210.pdf,Yes,Synthetic attorney-client,
SYNLCPRV023-0000845,SYNLCPRV023-0000845,SYNLCPRV023-0000846,Synthetic Person 027,blind003@example.test,copy003@example.test,2025-08-16 09:30:00 -08:00,2025-08-16 09:31:00 -08:00,sender026@example.test,Synthetic title 00211,Synthetic subject 00211,recipient040@example.test,synthetic_document_00211.pdf,No,Synthetic work product,
SYNLCPRV023-0000849,SYNLCPRV023-0000849,SYNLCPRV023-0000851,Synthetic Person 028,blind004@example.test,copy004@example.test,2025-09-17 09:30:00 -08:00,2025-09-17 09:31:00 -08:00,sender027@example.test,Synthetic title 00212,Synthetic subject 00212,recipient041@example.test,synthetic_document_00212.pdf,Yes,Synthetic joint defense,Yes
SYNLCPRV023-0000853,SYNLCPRV023-0000853,SYNLCPRV023-0000853,Synthetic Person 029,blind005@example.test,copy005@example.test,2025-10-18 09:30:00 -08:00,2025-10-18 09:31:00 -08:00,sender028@example.test,Synthetic title 00213,Synthetic subject 00213,recipient042@example.test,synthetic_document_00213.pdf,No,Synthetic attorney-client,
SYNLCPRV023-0000857,SYNLCPRV023-0000857,SYNLCPRV023-0000858,Synthetic Person 030,blind006@example.test,copy006@example.test,2025-11-19 09:30:00 -08:00,2025-11-19 09:31:00 -08:00,sender029@example.test,Synthetic title 00214,Synthetic subject 00214,recipient043@example.test,synthetic_document_00214.pdf,Yes,Synthetic work product,
SYNLCPRV023-0000861,SYNLCPRV023-0000861,SYNLCPRV023-0000863,Synthetic Person 031,blind007@example.test,copy007@example.test,2025-12-20 09:30:00 -08:00,2025-12-20 09:31:00 -08:00,sender030@example.test,Synthetic title 00215,Synthetic subject 00215,recipient001@example.test,synthetic_document_00215.pdf,No,Synthetic joint defense,
SYNLCPRV023-0000865,SYNLCPRV023-0000865,SYNLCPRV023-0000865,Synthetic Person 032,blind008@example.test,copy008@example.test,2025-01-21 09:30:00 -08:00,2025-01-21 09:31:00 -08:00,sender031@example.test,Synthetic title 00216,Synthetic subject 00216,recipient002@example.test,synthetic_document_00216.pdf,Yes,Synthetic attorney-client,Yes
SYNLCPRV023-0000869,SYNLCPRV023-0000869,SYNLCPRV023-0000870,Synthetic Person 033,blind009@example.test,copy009@example.test,2025-02-22 09:30:00 -08:00,2025-02-22 09:31:00 -08:00,sender001@example.test,Synthetic title 00217,Synthetic subject 00217,recipient003@example.test,synthetic_document_00217.pdf,No,Synthetic work product,
SYNLCPRV023-0000873,SYNLCPRV023-0000873,SYNLCPRV023-0000875,Synthetic Person 034,blind010@example.test,copy010@example.test,2025-03-23 09:30:00 -08:00,2025-03-23 09:31:00 -08:00,sender002@example.test,Synthetic title 00218,Synthetic subject 00218,recipient004@example.test,synthetic_document_00218.pdf,Yes,Synthetic joint defense,
SYNLCPRV023-0000877,SYNLCPRV023-0000877,SYNLCPRV023-0000877,Synthetic Person 035,blind011@example.test,copy011@example.test,2025-04-24 09:30:00 -08:00,2025-04-24 09:31:00 -08:00,sender003@example.test,Synthetic title 00219,Synthetic subject 00219,recipient005@example.test,synthetic_document_00219.pdf,No,Synthetic attorney-client,
SYNLCPRV023-0000881,SYNLCPRV023-0000881,SYNLCPRV023-0000882,Synthetic Person 036,blind001@example.test,copy012@example.test,2025-05-25 09:30:00 -08:00,2025-05-25 09:31:00 -08:00,sender004@example.test,Synthetic title 00220,Synthetic subject 00220,recipient006@example.test,synthetic_document_00220.pdf,Yes,Synthetic work product,Yes
SYNLCPRV023-0000885,SYNLCPRV023-0000885,SYNLCPRV023-0000887,Synthetic Person 037,blind002@example.test,copy013@example.test,2025-06-26 09:30:00 -08:00,2025-06-26 09:31:00 -08:00,sender005@example.test,Synthetic title 00221,Synthetic subject 00221,recipient007@example.test,synthetic_document_00221.pdf,No,Synthetic joint defense,
SYNLCPRV023-0000889,SYNLCPRV023-0000889,SYNLCPRV023-0000889,Synthetic Person 001,blind003@example.test,copy014@example.test,2025-07-27 09:30:00 -08:00,2025-07-27 09:31:00 -08:00,sender006@example.test,Synthetic title 00222,Synthetic subject 00222,recipient008@example.test,synthetic_document_00222.pdf,Yes,Synthetic attorney-client,
SYNLCPRV023-0000893,SYNLCPRV023-0000893,SYNLCPRV023-0000894,Synthetic Person 002,blind004@example.test,copy015@example.test,2025-08-28 09:30:00 -08:00,2025-08-28 09:31:00 -08:00,sender007@example.test,Synthetic title 00223,Synthetic subject 00223,recipient009@example.test,synthetic_document_00223.pdf,No,Synthetic work product,
SYNLCPRV023-0000897,SYNLCPRV023-0000897,SYNLCPRV023-0000899,Synthetic Person 003,blind005@example.test,copy016@example.test,2025-09-01 09:30:00 -08:00,2025-09-01 09:31:00 -08:00,sender008@example.test,Synthetic title 00224,Synthetic subject 00224,recipient010@example.test,synthetic_document_00224.pdf,Yes,Synthetic joint defense,Yes
SYNLCPRV023-0000901,SYNLCPRV023-0000901,SYNLCPRV023-0000901,Synthetic Person 004,blind006@example.test,copy017@example.test,2025-10-02 09:30:00 -08:00,2025-10-02 09:31:00 -08:00,sender009@example.test,Synthetic title 00225,Synthetic subject 00225,recipient011@example.test,synthetic_document_00225.pdf,No,Synthetic attorney-client,
SYNLCPRV023-0000905,SYNLCPRV023-0000905,SYNLCPRV023-0000906,Synthetic Person 005,blind007@example.test,copy018@example.test,2025-11-03 09:30:00 -08:00,2025-11-03 09:31:00 -08:00,sender010@example.test,Synthetic title 00226,Synthetic subject 00226,recipient012@example.test,synthetic_document_00226.pdf,Yes,Synthetic work product,
SYNLCPRV023-0000909,SYNLCPRV023-0000909,SYNLCPRV023-0000911,Synthetic Person 006,blind008@example.test,copy019@example.test,2025-12-04 09:30:00 -08:00,2025-12-04 09:31:00 -08:00,sender011@example.test,Synthetic title 00227,Synthetic subject 00227,recipient013@example.test,synthetic_document_00227.pdf,No,Synthetic joint defense,
SYNLCPRV023-0000913,SYNLCPRV023-0000913,SYNLCPRV023-0000913,Synthetic Person 007,blind009@example.test,copy001@example.test,2025-01-05 09:30:00 -08:00,2025-01-05 09:31:00 -08:00,sender012@example.test,Synthetic title 00228,Synthetic subject 00228,recipient014@example.test,synthetic_document_00228.pdf,Yes,Synthetic attorney-client,Yes
SYNLCPRV023-0000917,SYNLCPRV023-0000917,SYNLCPRV023-0000918,Synthetic Person 008,blind010@example.test,copy002@example.test,2025-02-06 09:30:00 -08:00,2025-02-06 09:31:00 -08:00,sender013@example.test,Synthetic title 00229,Synthetic subject 00229,recipient015@example.test,synthetic_document_00229.pdf,No,Synthetic work product,
SYNLCPRV023-0000921,SYNLCPRV023-0000921,SYNLCPRV023-0000923,Synthetic Person 009,blind011@example.test,copy003@example.test,2025-03-07 09:30:00 -08:00,2025-03-07 09:31:00 -08:00,sender014@example.test,Synthetic title 00230,Synthetic subject 00230,recipient016@example.test,synthetic_document_00230.pdf,Yes,Synthetic joint defense,
SYNLCPRV023-0000925,SYNLCPRV023-0000925,SYNLCPRV023-0000925,Synthetic Person 010,blind001@example.test,copy004@example.test,2025-04-08 09:30:00 -08:00,2025-04-08 09:31:00 -08:00,sender015@example.test,Synthetic title 00231,Synthetic subject 00231,recipient017@example.test,synthetic_document_00231.pdf,No,Synthetic attorney-client,
SYNLCPRV023-0000929,SYNLCPRV023-0000929,SYNLCPRV023-0000930,Synthetic Person 011,blind002@example.test,copy005@example.test,2025-05-09 09:30:00 -08:00,2025-05-09 09:31:00 -08:00,sender016@example.test,Synthetic title 00232,Synthetic subject 00232,recipient018@example.test,synthetic_document_00232.pdf,Yes,Synthetic work product,Yes
SYNLCPRV023-0000933,SYNLCPRV023-0000933,SYNLCPRV023-0000935,Synthetic Person 012,blind003@example.test,copy006@example.test,2025-06-10 09:30:00 -08:00,2025-06-10 09:31:00 -08:00,sender017@example.test,Synthetic title 00233,Synthetic subject 00233,recipient019@example.test,synthetic_document_00233.pdf,No,Synthetic joint defense,
SYNLCPRV023-0000937,SYNLCPRV023-0000937,SYNLCPRV023-0000937,Synthetic Person 013,blind004@example.test,copy007@example.test,2025-07-11 09:30:00 -08:00,2025-07-11 09:31:00 -08:00,sender018@example.test,Synthetic title 00234,Synthetic subject 00234,recipient020@example.test,synthetic_document_00234.pdf,Yes,Synthetic attorney-client,
SYNLCPRV023-0000941,SYNLCPRV023-0000941,SYNLCPRV023-0000942,Synthetic Person 014,blind005@example.test,copy008@example.test,2025-08-12 09:30:00 -08:00,2025-08-12 09:31:00 -08:00,sender019@example.test,Synthetic title 00235,Synthetic subject 00235,recipient021@example.test,synthetic_document_00235.pdf,No,Synthetic work product,
SYNLCPRV023-0000945,SYNLCPRV023-0000945,SYNLCPRV023-0000947,Synthetic Person 015,blind006@example.test,copy009@example.test,2025-09-13 09:30:00 -08:00,2025-09-13 09:31:00 -08:00,sender020@example.test,Synthetic title 00236,Synthetic subject 00236,recipient022@example.test,synthetic_document_00236.pdf,Yes,Synthetic joint defense,Yes
SYNLCPRV023-0000949,SYNLCPRV023-0000949,SYNLCPRV023-0000949,Synthetic Person 016,blind007@example.test,copy010@example.test,2025-10-14 09:30:00 -08:00,2025-10-14 09:31:00 -08:00,sender021@example.test,Synthetic title 00237,Synthetic subject 00237,recipient023@example.test,synthetic_document_00237.pdf,No,Synthetic attorney-client,
SYNLCPRV023-0000953,SYNLCPRV023-0000953,SYNLCPRV023-0000954,Synthetic Person 017,blind008@example.test,copy011@example.test,2025-11-15 09:30:00 -08:00,2025-11-15 09:31:00 -08:00,sender022@example.test,Synthetic title 00238,Synthetic subject 00238,recipient024@example.test,synthetic_document_00238.pdf,Yes,Synthetic work product,
SYNLCPRV023-0000957,SYNLCPRV023-0000957,SYNLCPRV023-0000959,Synthetic Person 018,blind009@example.test,copy012@example.test,2025-12-16 09:30:00 -08:00,2025-12-16 09:31:00 -08:00,sender023@example.test,Synthetic title 00239,Synthetic subject 00239,recipient025@example.test,synthetic_document_00239.pdf,No,Synthetic joint defense,
SYNLCPRV023-0000961,SYNLCPRV023-0000961,SYNLCPRV023-0000961,Synthetic Person 019,blind010@example.test,copy013@example.test,2025-01-17 09:30:00 -08:00,2025-01-17 09:31:00 -08:00,sender024@example.test,Synthetic title 00240,Synthetic subject 00240,recipient026@example.test,synthetic_document_00240.pdf,Yes,Synthetic attorney-client,Yes
SYNLCPRV023-0000965,SYNLCPRV023-0000965,SYNLCPRV023-0000966,Synthetic Person 020,blind011@example.test,copy014@example.test,2025-02-18 09:30:00 -08:00,2025-02-18 09:31:00 -08:00,sender025@example.test,Synthetic title 00241,Synthetic subject 00241,recipient027@example.test,synthetic_document_00241.pdf,No,Synthetic work product,
SYNLCPRV023-0000969,SYNLCPRV023-0000969,SYNLCPRV023-0000971,Synthetic Person 021,blind001@example.test,copy015@example.test,2025-03-19 09:30:00 -08:00,2025-03-19 09:31:00 -08:00,sender026@example.test,Synthetic title 00242,Synthetic subject 00242,recipient028@example.test,synthetic_document_00242.pdf,Yes,Synthetic joint defense,
SYNLCPRV023-0000973,SYNLCPRV023-0000973,SYNLCPRV023-0000973,Synthetic Person 022,blind002@example.test,copy016@example.test,2025-04-20 09:30:00 -08:00,2025-04-20 09:31:00 -08:00,sender027@example.test,Synthetic title 00243,Synthetic subject 00243,recipient029@example.test,synthetic_document_00243.pdf,No,Synthetic attorney-client,
SYNLCPRV023-0000977,SYNLCPRV023-0000977,SYNLCPRV023-0000978,Synthetic Person 023,blind003@example.test,copy017@example.test,2025-05-21 09:30:00 -08:00,2025-05-21 09:31:00 -08:00,sender028@example.test,Synthetic title 00244,Synthetic subject 00244,recipient030@example.test,synthetic_document_00244.pdf,Yes,Synthetic work product,Yes
SYNLCPRV023-0000981,SYNLCPRV023-0000981,SYNLCPRV023-0000983,Synthetic Person 024,blind004@example.test,copy018@example.test,2025-06-22 09:30:00 -08:00,2025-06-22 09:31:00 -08:00,sender029@example.test,Synthetic title 00245,Synthetic subject 00245,recipient031@example.test,synthetic_document_00245.pdf,No,Synthetic joint defense,
SYNLCPRV023-0000985,SYNLCPRV023-0000985,SYNLCPRV023-0000985,Synthetic Person 025,blind005@example.test,copy019@example.test,2025-07-23 09:30:00 -08:00,2025-07-23 09:31:00 -08:00,sender030@example.test,Synthetic title 00246,Synthetic subject 00246,recipient032@example.test,synthetic_document_00246.pdf,Yes,Synthetic attorney-client,
SYNLCPRV023-0000989,SYNLCPRV023-0000989,SYNLCPRV023-0000990,Synthetic Person 026,blind006@example.test,copy001@example.test,2025-08-24 09:30:00 -08:00,2025-08-24 09:31:00 -08:00,sender031@example.test,Synthetic title 00247,Synthetic subject 00247,recipient033@example.test,synthetic_document_00247.pdf,No,Synthetic work product,
SYNLCPRV023-0000993,SYNLCPRV023-0000993,SYNLCPRV023-0000995,Synthetic Person 027,blind007@example.test,copy002@example.test,2025-09-25 09:30:00 -08:00,2025-09-25 09:31:00 -08:00,sender001@example.test,Synthetic title 00248,Synthetic subject 00248,recipient034@example.test,synthetic_document_00248.pdf,Yes,Synthetic joint defense,Yes
SYNLCPRV023-0000997,SYNLCPRV023-0000997,SYNLCPRV023-0000997,Synthetic Person 028,blind008@example.test,copy003@example.test,2025-10-26 09:30:00 -08:00,2025-10-26 09:31:00 -08:00,sender002@example.test,Synthetic title 00249,Synthetic subject 00249,recipient035@example.test,synthetic_document_00249.pdf,No,Synthetic attorney-client,
SYNLCPRV023-0001001,SYNLCPRV023-0001001,SYNLCPRV023-0001002,Synthetic Person 029,blind009@example.test,copy004@example.test,2025-11-27 09:30:00 -08:00,2025-11-27 09:31:00 -08:00,sender003@example.test,Synthetic title 00250,Synthetic subject 00250,recipient036@example.test,synthetic_document_00250.pdf,Yes,Synthetic work product,
SYNLCPRV023-0001005,SYNLCPRV023-0001005,SYNLCPRV023-0001007,Synthetic Person 030,blind010@example.test,copy005@example.test,2025-12-28 09:30:00 -08:00,2025-12-28 09:31:00 -08:00,sender004@example.test,Synthetic title 00251,Synthetic subject 00251,recipient037@example.test,synthetic_document_00251.pdf,No,Synthetic joint defense,
SYNLCPRV023-0001009,SYNLCPRV023-0001009,SYNLCPRV023-0001009,Synthetic Person 031,blind011@example.test,copy006@example.test,2025-01-01 09:30:00 -08:00,2025-01-01 09:31:00 -08:00,sender005@example.test,Synthetic title 00252,Synthetic subject 00252,recipient038@example.test,synthetic_document_00252.pdf,Yes,Synthetic attorney-client,Yes
SYNLCPRV023-0001013,SYNLCPRV023-0001013,SYNLCPRV023-0001014,Synthetic Person 032,blind001@example.test,copy007@example.test,2025-02-02 09:30:00 -08:00,2025-02-02 09:31:00 -08:00,sender006@example.test,Synthetic title 00253,Synthetic subject 00253,recipient039@example.test,synthetic_document_00253.pdf,No,Synthetic work product,
SYNLCPRV023-0001017,SYNLCPRV023-0001017,SYNLCPRV023-0001019,Synthetic Person 033,blind002@example.test,copy008@example.test,2025-03-03 09:30:00 -08:00,2025-03-03 09:31:00 -08:00,sender007@example.test,Synthetic title 00254,Synthetic subject 00254,recipient040@example.test,synthetic_document_00254.pdf,Yes,Synthetic joint defense,
SYNLCPRV023-0001021,SYNLCPRV023-0001021,SYNLCPRV023-0001021,Synthetic Person 034,blind003@example.test,copy009@example.test,2025-04-04 09:30:00 -08:00,2025-04-04 09:31:00 -08:00,sender008@example.test,Synthetic title 00255,Synthetic subject 00255,recipient041@example.test,synthetic_document_00255.pdf,No,Synthetic attorney-client,
SYNLCPRV023-0001025,SYNLCPRV023-0001025,SYNLCPRV023-0001026,Synthetic Person 035,blind004@example.test,copy010@example.test,2025-05-05 09:30:00 -08:00,2025-05-05 09:31:00 -08:00,sender009@example.test,Synthetic title 00256,Synthetic subject 00256,recipient042@example.test,synthetic_document_00256.pdf,Yes,Synthetic work product,Yes
SYNLCPRV023-0001029,SYNLCPRV023-0001029,SYNLCPRV023-0001031,Synthetic Person 036,blind005@example.test,copy011@example.test,2025-06-06 09:30:00 -08:00,2025-06-06 09:31:00 -08:00,sender010@example.test,Synthetic title 00257,Synthetic subject 00257,recipient043@example.test,synthetic_document_00257.pdf,No,Synthetic joint defense,
SYNLCPRV023-0001033,SYNLCPRV023-0001033,SYNLCPRV023-0001033,Synthetic Person 037,blind006@example.test,copy012@example.test,2025-07-07 09:30:00 -08:00,2025-07-07 09:31:00 -08:00,sender011@example.test,Synthetic title 00258,Synthetic subject 00258,recipient001@example.test,synthetic_document_00258.pdf,Yes,Synthetic attorney-client,
SYNLCPRV023-0001037,SYNLCPRV023-0001037,SYNLCPRV023-0001038,Synthetic Person 001,blind007@example.test,copy013@example.test,2025-08-08 09:30:00 -08:00,2025-08-08 09:31:00 -08:00,sender012@example.test,Synthetic title 00259,Synthetic subject 00259,recipient002@example.test,synthetic_document_00259.pdf,No,Synthetic work product,
SYNLCPRV023-0001041,SYNLCPRV023-0001041,SYNLCPRV023-0001043,Synthetic Person 002,blind008@example.test,copy014@example.test,2025-09-09 09:30:00 -08:00,2025-09-09 09:31:00 -08:00,sender013@example.test,Synthetic title 00260,Synthetic subject 00260,recipient003@example.test,synthetic_document_00260.pdf,Yes,Synthetic joint defense,Yes
SYNLCPRV023-0001045,SYNLCPRV023-0001045,SYNLCPRV023-0001045,Synthetic Person 003,blind009@example.test,copy015@example.test,2025-10-10 09:30:00 -08:00,2025-10-10 09:31:00 -08:00,sender014@example.test,Synthetic title 00261,Synthetic subject 00261,recipient004@example.test,synthetic_document_00261.pdf,No,Synthetic attorney-client,
SYNLCPRV023-0001049,SYNLCPRV023-0001049,SYNLCPRV023-0001050,Synthetic Person 004,blind010@example.test,copy016@example.test,2025-11-11 09:30:00 -08:00,2025-11-11 09:31:00 -08:00,sender015@example.test,Synthetic title 00262,Synthetic subject 00262,recipient005@example.test,synthetic_document_00262.pdf,Yes,Synthetic work product,
SYNLCPRV023-0001053,SYNLCPRV023-0001053,SYNLCPRV023-0001055,Synthetic Person 005,blind011@example.test,copy017@example.test,2025-12-12 09:30:00 -08:00,2025-12-12 09:31:00 -08:00,sender016@example.test,Synthetic title 00263,Synthetic subject 00263,recipient006@example.test,synthetic_document_00263.pdf,No,Synthetic joint defense,
SYNLCPRV023-0001057,SYNLCPRV023-0001057,SYNLCPRV023-0001057,Synthetic Person 006,blind001@example.test,copy018@example.test,2025-01-13 09:30:00 -08:00,2025-01-13 09:31:00 -08:00,sender017@example.test,Synthetic title 00264,Synthetic subject 00264,recipient007@example.test,synthetic_document_00264.pdf,Yes,Synthetic attorney-client,Yes
SYNLCPRV023-0001061,SYNLCPRV023-0001061,SYNLCPRV023-0001062,Synthetic Person 007,blind002@example.test,copy019@example.test,2025-02-14 09:30:00 -08:00,2025-02-14 09:31:00 -08:00,sender018@example.test,Synthetic title 00265,Synthetic subject 00265,recipient008@example.test,synthetic_document_00265.pdf,No,Synthetic work product,
SYNLCPRV023-0001065,SYNLCPRV023-0001065,SYNLCPRV023-0001067,Synthetic Person 008,blind003@example.test,copy001@example.test,2025-03-15 09:30:00 -08:00,2025-03-15 09:31:00 -08:00,sender019@example.test,Synthetic title 00266,Synthetic subject 00266,recipient009@example.test,synthetic_document_00266.pdf,Yes,Synthetic joint defense,
SYNLCPRV023-0001069,SYNLCPRV023-0001069,SYNLCPRV023-0001069,Synthetic Person 009,blind004@example.test,copy002@example.test,2025-04-16 09:30:00 -08:00,2025-04-16 09:31:00 -08:00,sender020@example.test,Synthetic title 00267,Synthetic subject 00267,recipient010@example.test,synthetic_document_00267.pdf,No,Synthetic attorney-client,
SYNLCPRV023-0001073,SYNLCPRV023-0001073,SYNLCPRV023-0001074,Synthetic Person 010,blind005@example.test,copy003@example.test,2025-05-17 09:30:00 -08:00,2025-05-17 09:31:00 -08:00,sender021@example.test,Synthetic title 00268,Synthetic subject 00268,recipient011@example.test,synthetic_document_00268.pdf,Yes,Synthetic work product,Yes
SYNLCPRV023-0001077,SYNLCPRV023-0001077,SYNLCPRV023-0001079,Synthetic Person 011,blind006@example.test,copy004@example.test,2025-06-18 09:30:00 -08:00,2025-06-18 09:31:00 -08:00,sender022@example.test,Synthetic title 00269,Synthetic subject 00269,recipient012@example.test,synthetic_document_00269.pdf,No,Synthetic joint defense,
SYNLCPRV023-0001081,SYNLCPRV023-0001081,SYNLCPRV023-0001081,Synthetic Person 012,blind007@example.test,copy005@example.test,2025-07-19 09:30:00 -08:00,2025-07-19 09:31:00 -08:00,sender023@example.test,Synthetic title 00270,Synthetic subject 00270,recipient013@example.test,synthetic_document_00270.pdf,Yes,Synthetic attorney-client,
SYNLCPRV023-0001085,SYNLCPRV023-0001085,SYNLCPRV023-0001086,Synthetic Person 013,blind008@example.test,copy006@example.test,2025-08-20 09:30:00 -08:00,2025-08-20 09:31:00 -08:00,sender024@example.test,Synthetic title 00271,Synthetic subject 00271,recipient014@example.test,synthetic_document_00271.pdf,No,Synthetic work product,
SYNLCPRV023-0001089,SYNLCPRV023-0001089,SYNLCPRV023-0001091,Synthetic Person 014,blind009@example.test,copy007@example.test,2025-09-21 09:30:00 -08:00,2025-09-21 09:31:00 -08:00,sender025@example.test,Synthetic title 00272,Synthetic subject 00272,recipient015@example.test,synthetic_document_00272.pdf,Yes,Synthetic joint defense,Yes
SYNLCPRV023-0001093,SYNLCPRV023-0001093,SYNLCPRV023-0001093,Synthetic Person 015,blind010@example.test,copy008@example.test,2025-10-22 09:30:00 -08:00,2025-10-22 09:31:00 -08:00,sender026@example.test,Synthetic title 00273,Synthetic subject 00273,recipient016@example.test,synthetic_document_00273.pdf,No,Synthetic attorney-client,
SYNLCPRV023-0001097,SYNLCPRV023-0001097,SYNLCPRV023-0001098,Synthetic Person 016,blind011@example.test,copy009@example.test,2025-11-23 09:30:00 -08:00,2025-11-23 09:31:00 -08:00,sender027@example.test,Synthetic title 00274,Synthetic subject 00274,recipient017@example.test,synthetic_document_00274.pdf,Yes,Synthetic work product,
SYNLCPRV023-0001101,SYNLCPRV023-0001101,SYNLCPRV023-0001103,Synthetic Person 017,blind001@example.test,copy010@example.test,2025-12-24 09:30:00 -08:00,2025-12-24 09:31:00 -08:00,sender028@example.test,Synthetic title 00275,Synthetic subject 00275,recipient018@example.test,synthetic_document_00275.pdf,No,Synthetic joint defense,
SYNLCPRV023-0001105,SYNLCPRV023-0001105,SYNLCPRV023-0001105,Synthetic Person 018,blind002@example.test,copy011@example.test,2025-01-25 09:30:00 -08:00,2025-01-25 09:31:00 -08:00,sender029@example.test,Synthetic title 00276,Synthetic subject 00276,recipient019@example.test,synthetic_document_00276.pdf,Yes,Synthetic attorney-client,Yes
SYNLCPRV023-0001109,SYNLCPRV023-0001109,SYNLCPRV023-0001110,Synthetic Person 019,blind003@example.test,copy012@example.test,2025-02-26 09:30:00 -08:00,2025-02-26 09:31:00 -08:00,sender030@example.test,Synthetic title 00277,Synthetic subject 00277,recipient020@example.test,synthetic_document_00277.pdf,No,Synthetic work product,
SYNLCPRV023-0001113,SYNLCPRV023-0001113,SYNLCPRV023-0001115,Synthetic Person 020,blind004@example.test,copy013@example.test,2025-03-27 09:30:00 -08:00,2025-03-27 09:31:00 -08:00,sender031@example.test,Synthetic title 00278,Synthetic subject 00278,recipient021@example.test,synthetic_document_00278.pdf,Yes,Synthetic joint defense,
SYNLCPRV023-0001117,SYNLCPRV023-0001117,SYNLCPRV023-0001117,Synthetic Person 021,blind005@example.test,copy014@example.test,2025-04-28 09:30:00 -08:00,2025-04-28 09:31:00 -08:00,sender001@example.test,Synthetic title 00279,Synthetic subject 00279,recipient022@example.test,synthetic_document_00279.pdf,No,Synthetic attorney-client,
SYNLCPRV023-0001121,SYNLCPRV023-0001121,SYNLCPRV023-0001122,Synthetic Person 022,blind006@example.test,copy015@example.test,2025-05-01 09:30:00 -08:00,2025-05-01 09:31:00 -08:00,sender002@example.test,Synthetic title 00280,Synthetic subject 00280,recipient023@example.test,synthetic_document_00280.pdf,Yes,Synthetic work product,Yes
SYNLCPRV023-0001125,SYNLCPRV023-0001125,SYNLCPRV023-0001127,Synthetic Person 023,blind007@example.test,copy016@example.test,2025-06-02 09:30:00 -08:00,2025-06-02 09:31:00 -08:00,sender003@example.test,Synthetic title 00281,Synthetic subject 00281,recipient024@example.test,synthetic_document_00281.pdf,No,Synthetic joint defense,
SYNLCPRV023-0001129,SYNLCPRV023-0001129,SYNLCPRV023-0001129,Synthetic Person 024,blind008@example.test,copy017@example.test,2025-07-03 09:30:00 -08:00,2025-07-03 09:31:00 -08:00,sender004@example.test,Synthetic title 00282,Synthetic subject 00282,recipient025@example.test,synthetic_document_00282.pdf,Yes,Synthetic attorney-client,
SYNLCPRV023-0001133,SYNLCPRV023-0001133,SYNLCPRV023-0001134,Synthetic Person 025,blind009@example.test,copy018@example.test,2025-08-04 09:30:00 -08:00,2025-08-04 09:31:00 -08:00,sender005@example.test,Synthetic title 00283,Synthetic subject 00283,recipient026@example.test,synthetic_document_00283.pdf,No,Synthetic work product,
SYNLCPRV023-0001137,SYNLCPRV023-0001137,SYNLCPRV023-0001139,Synthetic Person 026,blind010@example.test,copy019@example.test,2025-09-05 09:30:00 -08:00,2025-09-05 09:31:00 -08:00,sender006@example.test,Synthetic title 00284,Synthetic subject 00284,recipient027@example.test,synthetic_document_00284.pdf,Yes,Synthetic joint defense,Yes
SYNLCPRV023-0001141,SYNLCPRV023-0001141,SYNLCPRV023-0001141,Synthetic Person 027,blind011@example.test,copy001@example.test,2025-10-06 09:30:00 -08:00,2025-10-06 09:31:00 -08:00,sender007@example.test,Synthetic title 00285,Synthetic subject 00285,recipient028@example.test,synthetic_document_00285.pdf,No,Synthetic attorney-client,
SYNLCPRV023-0001145,SYNLCPRV023-0001145,SYNLCPRV023-0001146,Synthetic Person 028,blind001@example.test,copy002@example.test,2025-11-07 09:30:00 -08:00,2025-11-07 09:31:00 -08:00,sender008@example.test,Synthetic title 00286,Synthetic subject 00286,recipient029@example.test,synthetic_document_00286.pdf,Yes,Synthetic work product,
SYNLCPRV023-0001149,SYNLCPRV023-0001149,SYNLCPRV023-0001151,Synthetic Person 029,blind002@example.test,copy003@example.test,2025-12-08 09:30:00 -08:00,2025-12-08 09:31:00 -08:00,sender009@example.test,Synthetic title 00287,Synthetic subject 00287,recipient030@example.test,synthetic_document_00287.pdf,No,Synthetic joint defense,
SYNLCPRV023-0001153,SYNLCPRV023-0001153,SYNLCPRV023-0001153,Synthetic Person 030,blind003@example.test,copy004@example.test,2025-01-09 09:30:00 -08:00,2025-01-09 09:31:00 -08:00,sender010@example.test,Synthetic title 00288,Synthetic subject 00288,recipient031@example.test,synthetic_document_00288.pdf,Yes,Synthetic attorney-client,Yes
SYNLCPRV023-0001157,SYNLCPRV023-0001157,SYNLCPRV023-0001158,Synthetic Person 031,blind004@example.test,copy005@example.test,2025-02-10 09:30:00 -08:00,2025-02-10 09:31:00 -08:00,sender011@example.test,Synthetic title 00289,Synthetic subject 00289,recipient032@example.test,synthetic_document_00289.pdf,No,Synthetic work product,
SYNLCPRV023-0001161,SYNLCPRV023-0001161,SYNLCPRV023-0001163,Synthetic Person 032,blind005@example.test,copy006@example.test,2025-03-11 09:30:00 -08:00,2025-03-11 09:31:00 -08:00,sender012@example.test,Synthetic title 00290,Synthetic subject 00290,recipient033@example.test,synthetic_document_00290.pdf,Yes,Synthetic joint defense,
SYNLCPRV023-0001165,SYNLCPRV023-0001165,SYNLCPRV023-0001165,Synthetic Person 033,blind006@example.test,copy007@example.test,2025-04-12 09:30:00 -08:00,2025-04-12 09:31:00 -08:00,sender013@example.test,Synthetic title 00291,Synthetic subject 00291,recipient034@example.test,synthetic_document_00291.pdf,No,Synthetic attorney-client,
SYNLCPRV023-0001169,SYNLCPRV023-0001169,SYNLCPRV023-0001170,Synthetic Person 034,blind007@example.test,copy008@example.test,2025-05-13 09:30:00 -08:00,2025-05-13 09:31:00 -08:00,sender014@example.test,Synthetic title 00292,Synthetic subject 00292,recipient035@example.test,synthetic_document_00292.pdf,Yes,Synthetic work product,Yes
SYNLCPRV023-0001173,SYNLCPRV023-0001173,SYNLCPRV023-0001175,Synthetic Person 035,blind008@example.test,copy009@example.test,2025-06-14 09:30:00 -08:00,2025-06-14 09:31:00 -08:00,sender015@example.test,Synthetic title 00293,Synthetic subject 00293,recipient036@example.test,synthetic_document_00293.pdf,No,Synthetic joint defense,
SYNLCPRV023-0001177,SYNLCPRV023-0001177,SYNLCPRV023-0001177,Synthetic Person 036,blind009@example.test,copy010@example.test,2025-07-15 09:30:00 -08:00,2025-07-15 09:31:00 -08:00,sender016@example.test,Synthetic title 00294,Synthetic subject 00294,recipient037@example.test,synthetic_document_00294.pdf,Yes,Synthetic attorney-client,
SYNLCPRV023-0001181,SYNLCPRV023-0001181,SYNLCPRV023-0001182,Synthetic Person 037,blind010@example.test,copy011@example.test,2025-08-16 09:30:00 -08:00,2025-08-16 09:31:00 -08:00,sender017@example.test,Synthetic title 00295,Synthetic subject 00295,recipient038@example.test,synthetic_document_00295.pdf,No,Synthetic work product,
SYNLCPRV023-0001185,SYNLCPRV023-0001185,SYNLCPRV023-0001187,Synthetic Person 001,blind011@example.test,copy012@example.test,2025-09-17 09:30:00 -08:00,2025-09-17 09:31:00 -08:00,sender018@example.test,Synthetic title 00296,Synthetic subject 00296,recipient039@example.test,synthetic_document_00296.pdf,Yes,Synthetic joint defense,Yes
SYNLCPRV023-0001189,SYNLCPRV023-0001189,SYNLCPRV023-0001189,Synthetic Person 002,blind001@example.test,copy013@example.test,2025-10-18 09:30:00 -08:00,2025-10-18 09:31:00 -08:00,sender019@example.test,Synthetic title 00297,Synthetic subject 00297,recipient040@example.test,synthetic_document_00297.pdf,No,Synthetic attorney-client,
SYNLCPRV023-0001193,SYNLCPRV023-0001193,SYNLCPRV023-0001194,Synthetic Person 003,blind002@example.test,copy014@example.test,2025-11-19 09:30:00 -08:00,2025-11-19 09:31:00 -08:00,sender020@example.test,Synthetic title 00298,Synthetic subject 00298,recipient041@example.test,synthetic_document_00298.pdf,Yes,Synthetic work product,
SYNLCPRV023-0001197,SYNLCPRV023-0001197,SYNLCPRV023-0001199,Synthetic Person 004,blind003@example.test,copy015@example.test,2025-12-20 09:30:00 -08:00,2025-12-20 09:31:00 -08:00,sender021@example.test,Synthetic title 00299,Synthetic subject 00299,recipient042@example.test,synthetic_document_00299.pdf,No,Synthetic joint defense,
SYNLCPRV023-0001201,SYNLCPRV023-0001201,SYNLCPRV023-0001201,Synthetic Person 005,blind004@example.test,copy016@example.test,2025-01-21 09:30:00 -08:00,2025-01-21 09:31:00 -08:00,sender022@example.test,Synthetic title 00300,Synthetic subject 00300,recipient043@example.test,synthetic_document_00300.pdf,Yes,Synthetic attorney-client,Yes
SYNLCPRV023-0001205,SYNLCPRV023-0001205,SYNLCPRV023-0001206,Synthetic Person 006,blind005@example.test,copy017@example.test,2025-02-22 09:30:00 -08:00,2025-02-22 09:31:00 -08:00,sender023@example.test,Synthetic title 00301,Synthetic subject 00301,recipient001@example.test,synthetic_document_00301.pdf,No,Synthetic work product,
SYNLCPRV023-0001209,SYNLCPRV023-0001209,SYNLCPRV023-0001211,Synthetic Person 007,blind006@example.test,copy018@example.test,2025-03-23 09:30:00 -08:00,2025-03-23 09:31:00 -08:00,sender024@example.test,Synthetic title 00302,Synthetic subject 00302,recipient002@example.test,synthetic_document_00302.pdf,Yes,Synthetic joint defense,
SYNLCPRV023-0001213,SYNLCPRV023-0001213,SYNLCPRV023-0001213,Synthetic Person 008,blind007@example.test,copy019@example.test,2025-04-24 09:30:00 -08:00,2025-04-24 09:31:00 -08:00,sender025@example.test,Synthetic title 00303,Synthetic subject 00303,recipient003@example.test,synthetic_document_00303.pdf,No,Synthetic attorney-client,
SYNLCPRV023-0001217,SYNLCPRV023-0001217,SYNLCPRV023-0001218,Synthetic Person 009,blind008@example.test,copy001@example.test,2025-05-25 09:30:00 -08:00,2025-05-25 09:31:00 -08:00,sender026@example.test,Synthetic title 00304,Synthetic subject 00304,recipient004@example.test,synthetic_document_00304.pdf,Yes,Synthetic work product,Yes
SYNLCPRV023-0001221,SYNLCPRV023-0001221,SYNLCPRV023-0001223,Synthetic Person 010,blind009@example.test,copy002@example.test,2025-06-26 09:30:00 -08:00,2025-06-26 09:31:00 -08:00,sender027@example.test,Synthetic title 00305,Synthetic subject 00305,recipient005@example.test,synthetic_document_00305.pdf,No,Synthetic joint defense,
SYNLCPRV023-0001225,SYNLCPRV023-0001225,SYNLCPRV023-0001225,Synthetic Person 011,blind010@example.test,copy003@example.test,2025-07-27 09:30:00 -08:00,2025-07-27 09:31:00 -08:00,sender028@example.test,Synthetic title 00306,Synthetic subject 00306,recipient006@example.test,synthetic_document_00306.pdf,Yes,Synthetic attorney-client,
SYNLCPRV023-0001229,SYNLCPRV023-0001229,SYNLCPRV023-0001230,Synthetic Person 012,blind011@example.test,copy004@example.test,2025-08-28 09:30:00 -08:00,2025-08-28 09:31:00 -08:00,sender029@example.test,Synthetic title 00307,Synthetic subject 00307,recipient007@example.test,synthetic_document_00307.pdf,No,Synthetic work product,
SYNLCPRV023-0001233,SYNLCPRV023-0001233,SYNLCPRV023-0001235,Synthetic Person 013,blind001@example.test,copy005@example.test,2025-09-01 09:30:00 -08:00,2025-09-01 09:31:00 -08:00,sender030@example.test,Synthetic title 00308,Synthetic subject 00308,recipient008@example.test,synthetic_document_00308.pdf,Yes,Synthetic joint defense,Yes
SYNLCPRV023-0001237,SYNLCPRV023-0001237,SYNLCPRV023-0001237,Synthetic Person 014,blind002@example.test,copy006@example.test,2025-10-02 09:30:00 -08:00,2025-10-02 09:31:00 -08:00,sender031@example.test,Synthetic title 00309,Synthetic subject 00309,recipient009@example.test,synthetic_document_00309.pdf,No,Synthetic attorney-client,
SYNLCPRV023-0001241,SYNLCPRV023-0001241,SYNLCPRV023-0001242,Synthetic Person 015,blind003@example.test,copy007@example.test,2025-11-03 09:30:00 -08:00,2025-11-03 09:31:00 -08:00,sender001@example.test,Synthetic title 00310,Synthetic subject 00310,recipient010@example.test,synthetic_document_00310.pdf,Yes,Synthetic work product,
SYNLCPRV023-0001245,SYNLCPRV023-0001245,SYNLCPRV023-0001247,Synthetic Person 016,blind004@example.test,copy008@example.test,2025-12-04 09:30:00 -08:00,2025-12-04 09:31:00 -08:00,sender002@example.test,Synthetic title 00311,Synthetic subject 00311,recipient011@example.test,synthetic_document_00311.pdf,No,Synthetic joint defense,
SYNLCPRV023-0001249,SYNLCPRV023-0001249,SYNLCPRV023-0001249,Synthetic Person 017,blind005@example.test,copy009@example.test,2025-01-05 09:30:00 -08:00,2025-01-05 09:31:00 -08:00,sender003@example.test,Synthetic title 00312,Synthetic subject 00312,recipient012@example.test,synthetic_document_00312.pdf,Yes,Synthetic attorney-client,Yes
SYNLCPRV023-0001253,SYNLCPRV023-0001253,SYNLCPRV023-0001254,Synthetic Person 018,blind006@example.test,copy010@example.test,2025-02-06 09:30:00 -08:00,2025-02-06 09:31:00 -08:00,sender004@example.test,Synthetic title 00313,Synthetic subject 00313,recipient013@example.test,synthetic_document_00313.pdf,No,Synthetic work product,
SYNLCPRV023-0001257,SYNLCPRV023-0001257,SYNLCPRV023-0001259,Synthetic Person 019,blind007@example.test,copy011@example.test,2025-03-07 09:30:00 -08:00,2025-03-07 09:31:00 -08:00,sender005@example.test,Synthetic title 00314,Synthetic subject 00314,recipient014@example.test,synthetic_document_00314.pdf,Yes,Synthetic joint defense,
SYNLCPRV023-0001261,SYNLCPRV023-0001261,SYNLCPRV023-0001261,Synthetic Person 020,blind008@example.test,copy012@example.test,2025-04-08 09:30:00 -08:00,2025-04-08 09:31:00 -08:00,sender006@example.test,Synthetic title 00315,Synthetic subject 00315,recipient015@example.test,synthetic_document_00315.pdf,No,Synthetic attorney-client,
SYNLCPRV023-0001265,SYNLCPRV023-0001265,SYNLCPRV023-0001266,Synthetic Person 021,blind009@example.test,copy013@example.test,2025-05-09 09:30:00 -08:00,2025-05-09 09:31:00 -08:00,sender007@example.test,Synthetic title 00316,Synthetic subject 00316,recipient016@example.test,synthetic_document_00316.pdf,Yes,Synthetic work product,Yes
SYNLCPRV023-0001269,SYNLCPRV023-0001269,SYNLCPRV023-0001271,Synthetic Person 022,blind010@example.test,copy014@example.test,2025-06-10 09:30:00 -08:00,2025-06-10 09:31:00 -08:00,sender008@example.test,Synthetic title 00317,Synthetic subject 00317,recipient017@example.test,synthetic_document_00317.pdf,No,Synthetic joint defense,
SYNLCPRV023-0001273,SYNLCPRV023-0001273,SYNLCPRV023-0001273,Synthetic Person 023,blind011@example.test,copy015@example.test,2025-07-11 09:30:00 -08:00,2025-07-11 09:31:00 -08:00,sender009@example.test,Synthetic title 00318,Synthetic subject 00318,recipient018@example.test,synthetic_document_00318.pdf,Yes,Synthetic attorney-client,
SYNLCPRV023-0001277,SYNLCPRV023-0001277,SYNLCPRV023-0001278,Synthetic Person 024,blind001@example.test,copy016@example.test,2025-08-12 09:30:00 -08:00,2025-08-12 09:31:00 -08:00,sender010@example.test,Synthetic title 00319,Synthetic subject 00319,recipient019@example.test,synthetic_document_00319.pdf,No,Synthetic work product,
SYNLCPRV023-0001281,SYNLCPRV023-0001281,SYNLCPRV023-0001283,Synthetic Person 025,blind002@example.test,copy017@example.test,2025-09-13 09:30:00 -08:00,2025-09-13 09:31:00 -08:00,sender011@example.test,Synthetic title 00320,Synthetic subject 00320,recipient020@example.test,synthetic_document_00320.pdf,Yes,Synthetic joint defense,Yes
SYNLCPRV023-0001285,SYNLCPRV023-0001285,SYNLCPRV023-0001285,Synthetic Person 026,blind003@example.test,copy018@example.test,2025-10-14 09:30:00 -08:00,2025-10-14 09:31:00 -08:00,sender012@example.test,Synthetic title 00321,Synthetic subject 00321,recipient021@example.test,synthetic_document_00321.pdf,No,Synthetic attorney-client,
SYNLCPRV023-0001289,SYNLCPRV023-0001289,SYNLCPRV023-0001290,Synthetic Person 027,blind004@example.test,copy019@example.test,2025-11-15 09:30:00 -08:00,2025-11-15 09:31:00 -08:00,sender013@example.test,Synthetic title 00322,Synthetic subject 00322,recipient022@example.test,synthetic_document_00322.pdf,Yes,Synthetic work product,
SYNLCPRV023-0001293,SYNLCPRV023-0001293,SYNLCPRV023-0001295,Synthetic Person 028,blind005@example.test,copy001@example.test,2025-12-16 09:30:00 -08:00,2025-12-16 09:31:00 -08:00,sender014@example.test,Synthetic title 00323,Synthetic subject 00323,recipient023@example.test,synthetic_document_00323.pdf,No,Synthetic joint defense,
SYNLCPRV023-0001297,SYNLCPRV023-0001297,SYNLCPRV023-0001297,Synthetic Person 029,blind006@example.test,copy002@example.test,2025-01-17 09:30:00 -08:00,2025-01-17 09:31:00 -08:00,sender015@example.test,Synthetic title 00324,Synthetic subject 00324,recipient024@example.test,synthetic_document_00324.pdf,Yes,Synthetic attorney-client,Yes
SYNLCPRV023-0001301,SYNLCPRV023-0001301,SYNLCPRV023-0001302,Synthetic Person 030,blind007@example.test,copy003@example.test,2025-02-18 09:30:00 -08:00,2025-02-18 09:31:00 -08:00,sender016@example.test,Synthetic title 00325,Synthetic subject 00325,recipient025@example.test,synthetic_document_00325.pdf,No,Synthetic work product,
SYNLCPRV023-0001305,SYNLCPRV023-0001305,SYNLCPRV023-0001307,Synthetic Person 031,blind008@example.test,copy004@example.test,2025-03-19 09:30:00 -08:00,2025-03-19 09:31:00 -08:00,sender017@example.test,Synthetic title 00326,Synthetic subject 00326,recipient026@example.test,synthetic_document_00326.pdf,Yes,Synthetic joint defense,
SYNLCPRV023-0001309,SYNLCPRV023-0001309,SYNLCPRV023-0001309,Synthetic Person 032,blind009@example.test,copy005@example.test,2025-04-20 09:30:00 -08:00,2025-04-20 09:31:00 -08:00,sender018@example.test,Synthetic title 00327,Synthetic subject 00327,recipient027@example.test,synthetic_document_00327.pdf,No,Synthetic attorney-client,
SYNLCPRV023-0001313,SYNLCPRV023-0001313,SYNLCPRV023-0001314,Synthetic Person 033,blind010@example.test,copy006@example.test,2025-05-21 09:30:00 -08:00,2025-05-21 09:31:00 -08:00,sender019@example.test,Synthetic title 00328,Synthetic subject 00328,recipient028@example.test,synthetic_document_00328.pdf,Yes,Synthetic work product,Yes
SYNLCPRV023-0001317,SYNLCPRV023-0001317,SYNLCPRV023-0001319,Synthetic Person 034,blind011@example.test,copy007@example.test,2025-06-22 09:30:00 -08:00,2025-06-22 09:31:00 -08:00,sender020@example.test,Synthetic title 00329,Synthetic subject 00329,recipient029@example.test,synthetic_document_00329.pdf,No,Synthetic joint defense,
SYNLCPRV023-0001321,SYNLCPRV023-0001321,SYNLCPRV023-0001321,Synthetic Person 035,blind001@example.test,copy008@example.test,2025-07-23 09:30:00 -08:00,2025-07-23 09:31:00 -08:00,sender021@example.test,Synthetic title 00330,Synthetic subject 00330,recipient030@example.test,synthetic_document_00330.pdf,Yes,Synthetic attorney-client,
SYNLCPRV023-0001325,SYNLCPRV023-0001325,SYNLCPRV023-0001326,Synthetic Person 036,blind002@example.test,copy009@example.test,2025-08-24 09:30:00 -08:00,2025-08-24 09:31:00 -08:00,sender022@example.test,Synthetic title 00331,Synthetic subject 00331,recipient031@example.test,synthetic_document_00331.pdf,No,Synthetic work product,
SYNLCPRV023-0001329,SYNLCPRV023-0001329,SYNLCPRV023-0001331,Synthetic Person 037,blind003@example.test,copy010@example.test,2025-09-25 09:30:00 -08:00,2025-09-25 09:31:00 -08:00,sender023@example.test,Synthetic title 00332,Synthetic subject 00332,recipient032@example.test,synthetic_document_00332.pdf,Yes,Synthetic joint defense,Yes
SYNLCPRV023-0001333,SYNLCPRV023-0001333,SYNLCPRV023-0001333,Synthetic Person 001,blind004@example.test,copy011@example.test,2025-10-26 09:30:00 -08:00,2025-10-26 09:31:00 -08:00,sender024@example.test,Synthetic title 00333,Synthetic subject 00333,recipient033@example.test,synthetic_document_00333.pdf,No,Synthetic attorney-client,
SYNLCPRV023-0001337,SYNLCPRV023-0001337,SYNLCPRV023-0001338,Synthetic Person 002,blind005@example.test,copy012@example.test,2025-11-27 09:30:00 -08:00,2025-11-27 09:31:00 -08:00,sender025@example.test,Synthetic title 00334,Synthetic subject 00334,recipient034@example.test,synthetic_document_00334.pdf,Yes,Synthetic work product,
SYNLCPRV023-0001341,SYNLCPRV023-0001341,SYNLCPRV023-0001343,Synthetic Person 003,blind006@example.test,copy013@example.test,2025-12-28 09:30:00 -08:00,2025-12-28 09:31:00 -08:00,sender026@example.test,Synthetic title 00335,Synthetic subject 00335,recipient035@example.test,synthetic_document_00335.pdf,No,Synthetic joint defense,
SYNLCPRV023-0001345,SYNLCPRV023-0001345,SYNLCPRV023-0001345,Synthetic Person 004,blind007@example.test,copy014@example.test,2025-01-01 09:30:00 -08:00,2025-01-01 09:31:00 -08:00,sender027@example.test,Synthetic title 00336,Synthetic subject 00336,recipient036@example.test,synthetic_document_00336.pdf,Yes,Synthetic attorney-client,Yes
SYNLCPRV023-0001349,SYNLCPRV023-0001349,SYNLCPRV023-0001350,Synthetic Person 005,blind008@example.test,copy015@example.test,2025-02-02 09:30:00 -08:00,2025-02-02 09:31:00 -08:00,sender028@example.test,Synthetic title 00337,Synthetic subject 00337,recipient037@example.test,synthetic_document_00337.pdf,No,Synthetic work product,
SYNLCPRV023-0001353,SYNLCPRV023-0001353,SYNLCPRV023-0001355,Synthetic Person 006,blind009@example.test,copy016@example.test,2025-03-03 09:30:00 -08:00,2025-03-03 09:31:00 -08:00,sender029@example.test,Synthetic title 00338,Synthetic subject 00338,recipient038@example.test,synthetic_document_00338.pdf,Yes,Synthetic joint defense,
SYNLCPRV023-0001357,SYNLCPRV023-0001357,SYNLCPRV023-0001357,Synthetic Person 007,blind010@example.test,copy017@example.test,2025-04-04 09:30:00 -08:00,2025-04-04 09:31:00 -08:00,sender030@example.test,Synthetic title 00339,Synthetic subject 00339,recipient039@example.test,synthetic_document_00339.pdf,No,Synthetic attorney-client,
SYNLCPRV023-0001361,SYNLCPRV023-0001361,SYNLCPRV023-0001362,Synthetic Person 008,blind011@example.test,copy018@example.test,2025-05-05 09:30:00 -08:00,2025-05-05 09:31:00 -08:00,sender031@example.test,Synthetic title 00340,Synthetic subject 00340,recipient040@example.test,synthetic_document_00340.pdf,Yes,Synthetic work product,Yes
SYNLCPRV023-0001365,SYNLCPRV023-0001365,SYNLCPRV023-0001367,Synthetic Person 009,blind001@example.test,copy019@example.test,2025-06-06 09:30:00 -08:00,2025-06-06 09:31:00 -08:00,sender001@example.test,Synthetic title 00341,Synthetic subject 00341,recipient041@example.test,synthetic_document_00341.pdf,No,Synthetic joint defense,
SYNLCPRV023-0001369,SYNLCPRV023-0001369,SYNLCPRV023-0001369,Synthetic Person 010,blind002@example.test,copy001@example.test,2025-07-07 09:30:00 -08:00,2025-07-07 09:31:00 -08:00,sender002@example.test,Synthetic title 00342,Synthetic subject 00342,recipient042@example.test,synthetic_document_00342.pdf,Yes,Synthetic attorney-client,
SYNLCPRV023-0001373,SYNLCPRV023-0001373,SYNLCPRV023-0001374,Synthetic Person 011,blind003@example.test,copy002@example.test,2025-08-08 09:30:00 -08:00,2025-08-08 09:31:00 -08:00,sender003@example.test,Synthetic title 00343,Synthetic subject 00343,recipient043@example.test,synthetic_document_00343.pdf,No,Synthetic work product,
SYNLCPRV023-0001377,SYNLCPRV023-0001377,SYNLCPRV023-0001379,Synthetic Person 012,blind004@example.test,copy003@example.test,2025-09-09 09:30:00 -08:00,2025-09-09 09:31:00 -08:00,sender004@example.test,Synthetic title 00344,Synthetic subject 00344,recipient001@example.test,synthetic_document_00344.pdf,Yes,Synthetic joint defense,Yes
SYNLCPRV023-0001381,SYNLCPRV023-0001381,SYNLCPRV023-0001381,Synthetic Person 013,blind005@example.test,copy004@example.test,2025-10-10 09:30:00 -08:00,2025-10-10 09:31:00 -08:00,sender005@example.test,Synthetic title 00345,Synthetic subject 00345,recipient002@example.test,synthetic_document_00345.pdf,No,Synthetic attorney-client,
SYNLCPRV023-0001385,SYNLCPRV023-0001385,SYNLCPRV023-0001386,Synthetic Person 014,blind006@example.test,copy005@example.test,2025-11-11 09:30:00 -08:00,2025-11-11 09:31:00 -08:00,sender006@example.test,Synthetic title 00346,Synthetic subject 00346,recipient003@example.test,synthetic_document_00346.pdf,Yes,Synthetic work product,
SYNLCPRV023-0001389,SYNLCPRV023-0001389,SYNLCPRV023-0001391,Synthetic Person 015,blind007@example.test,copy006@example.test,2025-12-12 09:30:00 -08:00,2025-12-12 09:31:00 -08:00,sender007@example.test,Synthetic title 00347,Synthetic subject 00347,recipient004@example.test,synthetic_document_00347.pdf,No,Synthetic joint defense,
SYNLCPRV023-0001393,SYNLCPRV023-0001393,SYNLCPRV023-0001393,Synthetic Person 016,blind008@example.test,copy007@example.test,2025-01-13 09:30:00 -08:00,2025-01-13 09:31:00 -08:00,sender008@example.test,Synthetic title 00348,Synthetic subject 00348,recipient005@example.test,synthetic_document_00348.pdf,Yes,Synthetic attorney-client,Yes
SYNLCPRV023-0001397,SYNLCPRV023-0001397,SYNLCPRV023-0001398,Synthetic Person 017,blind009@example.test,copy008@example.test,2025-02-14 09:30:00 -08:00,2025-02-14 09:31:00 -08:00,sender009@example.test,Synthetic title 00349,Synthetic subject 00349,recipient006@example.test,synthetic_document_00349.pdf,No,Synthetic work product,
SYNLCPRV023-0001401,SYNLCPRV023-0001401,SYNLCPRV023-0001403,Synthetic Person 018,blind010@example.test,copy009@example.test,2025-03-15 09:30:00 -08:00,2025-03-15 09:31:00 -08:00,sender010@example.test,Synthetic title 00350,Synthetic subject 00350,recipient007@example.test,synthetic_document_00350.pdf,Yes,Synthetic joint defense,
SYNLCPRV023-0001405,SYNLCPRV023-0001405,SYNLCPRV023-0001405,Synthetic Person 019,blind011@example.test,copy010@example.test,2025-04-16 09:30:00 -08:00,2025-04-16 09:31:00 -08:00,sender011@example.test,Synthetic title 00351,Synthetic subject 00351,recipient008@example.test,synthetic_document_00351.pdf,No,Synthetic attorney-client,
SYNLCPRV023-0001409,SYNLCPRV023-0001409,SYNLCPRV023-0001410,Synthetic Person 020,blind001@example.test,copy011@example.test,2025-05-17 09:30:00 -08:00,2025-05-17 09:31:00 -08:00,sender012@example.test,Synthetic title 00352,Synthetic subject 00352,recipient009@example.test,synthetic_document_00352.pdf,Yes,Synthetic work product,Yes
SYNLCPRV023-0001413,SYNLCPRV023-0001413,SYNLCPRV023-0001415,Synthetic Person 021,blind002@example.test,copy012@example.test,2025-06-18 09:30:00 -08:00,2025-06-18 09:31:00 -08:00,sender013@example.test,Synthetic title 00353,Synthetic subject 00353,recipient010@example.test,synthetic_document_00353.pdf,No,Synthetic joint defense,
SYNLCPRV023-0001417,SYNLCPRV023-0001417,SYNLCPRV023-0001417,Synthetic Person 022,blind003@example.test,copy013@example.test,2025-07-19 09:30:00 -08:00,2025-07-19 09:31:00 -08:00,sender014@example.test,Synthetic title 00354,Synthetic subject 00354,recipient011@example.test,synthetic_document_00354.pdf,Yes,Synthetic attorney-client,
SYNLCPRV023-0001421,SYNLCPRV023-0001421,SYNLCPRV023-0001422,Synthetic Person 023,blind004@example.test,copy014@example.test,2025-08-20 09:30:00 -08:00,2025-08-20 09:31:00 -08:00,sender015@example.test,Synthetic title 00355,Synthetic subject 00355,recipient012@example.test,synthetic_document_00355.pdf,No,Synthetic work product,
SYNLCPRV023-0001425,SYNLCPRV023-0001425,SYNLCPRV023-0001427,Synthetic Person 024,blind005@example.test,copy015@example.test,2025-09-21 09:30:00 -08:00,2025-09-21 09:31:00 -08:00,sender016@example.test,Synthetic title 00356,Synthetic subject 00356,recipient013@example.test,synthetic_document_00356.pdf,Yes,Synthetic joint defense,Yes
SYNLCPRV023-0001429,SYNLCPRV023-0001429,SYNLCPRV023-0001429,Synthetic Person 025,blind006@example.test,copy016@example.test,2025-10-22 09:30:00 -08:00,2025-10-22 09:31:00 -08:00,sender017@example.test,Synthetic title 00357,Synthetic subject 00357,recipient014@example.test,synthetic_document_00357.pdf,No,Synthetic attorney-client,
SYNLCPRV023-0001433,SYNLCPRV023-0001433,SYNLCPRV023-0001434,Synthetic Person 026,blind007@example.test,copy017@example.test,2025-11-23 09:30:00 -08:00,2025-11-23 09:31:00 -08:00,sender018@example.test,Synthetic title 00358,Synthetic subject 00358,recipient015@example.test,synthetic_document_00358.pdf,Yes,Synthetic work product,
SYNLCPRV023-0001437,SYNLCPRV023-0001437,SYNLCPRV023-0001439,Synthetic Person 027,blind008@example.test,copy018@example.test,2025-12-24 09:30:00 -08:00,2025-12-24 09:31:00 -08:00,sender019@example.test,Synthetic title 00359,Synthetic subject 00359,recipient016@example.test,synthetic_document_00359.pdf,No,Synthetic joint defense,
SYNLCPRV023-0001441,SYNLCPRV023-0001441,SYNLCPRV023-0001441,Synthetic Person 028,blind009@example.test,copy019@example.test,2025-01-25 09:30:00 -08:00,2025-01-25 09:31:00 -08:00,sender020@example.test,Synthetic title 00360,Synthetic subject 00360,recipient017@example.test,synthetic_document_00360.pdf,Yes,Synthetic attorney-client,Yes
SYNLCPRV023-0001445,SYNLCPRV023-0001445,SYNLCPRV023-0001446,Synthetic Person 029,blind010@example.test,copy001@example.test,2025-02-26 09:30:00 -08:00,2025-02-26 09:31:00 -08:00,sender021@example.test,Synthetic title 00361,Synthetic subject 00361,recipient018@example.test,synthetic_document_00361.pdf,No,Synthetic work product,
SYNLCPRV023-0001449,SYNLCPRV023-0001449,SYNLCPRV023-0001451,Synthetic Person 030,blind011@example.test,copy002@example.test,2025-03-27 09:30:00 -08:00,2025-03-27 09:31:00 -08:00,sender022@example.test,Synthetic title 00362,Synthetic subject 00362,recipient019@example.test,synthetic_document_00362.pdf,Yes,Synthetic joint defense,
SYNLCPRV023-0001453,SYNLCPRV023-0001453,SYNLCPRV023-0001453,Synthetic Person 031,blind001@example.test,copy003@example.test,2025-04-28 09:30:00 -08:00,2025-04-28 09:31:00 -08:00,sender023@example.test,Synthetic title 00363,Synthetic subject 00363,recipient020@example.test,synthetic_document_00363.pdf,No,Synthetic attorney-client,
SYNLCPRV023-0001457,SYNLCPRV023-0001457,SYNLCPRV023-0001458,Synthetic Person 032,blind002@example.test,copy004@example.test,2025-05-01 09:30:00 -08:00,2025-05-01 09:31:00 -08:00,sender024@example.test,Synthetic title 00364,Synthetic subject 00364,recipient021@example.test,synthetic_document_00364.pdf,Yes,Synthetic work product,Yes
SYNLCPRV023-0001461,SYNLCPRV023-0001461,SYNLCPRV023-0001463,Synthetic Person 033,blind003@example.test,copy005@example.test,2025-06-02 09:30:00 -08:00,2025-06-02 09:31:00 -08:00,sender025@example.test,Synthetic title 00365,Synthetic subject 00365,recipient022@example.test,synthetic_document_00365.pdf,No,Synthetic joint defense,
SYNLCPRV023-0001465,SYNLCPRV023-0001465,SYNLCPRV023-0001465,Synthetic Person 034,blind004@example.test,copy006@example.test,2025-07-03 09:30:00 -08:00,2025-07-03 09:31:00 -08:00,sender026@example.test,Synthetic title 00366,Synthetic subject 00366,recipient023@example.test,synthetic_document_00366.pdf,Yes,Synthetic attorney-client,
SYNLCPRV023-0001469,SYNLCPRV023-0001469,SYNLCPRV023-0001470,Synthetic Person 035,blind005@example.test,copy007@example.test,2025-08-04 09:30:00 -08:00,2025-08-04 09:31:00 -08:00,sender027@example.test,Synthetic title 00367,Synthetic subject 00367,recipient024@example.test,synthetic_document_00367.pdf,No,Synthetic work product,
SYNLCPRV023-0001473,SYNLCPRV023-0001473,SYNLCPRV023-0001475,Synthetic Person 036,blind006@example.test,copy008@example.test,2025-09-05 09:30:00 -08:00,2025-09-05 09:31:00 -08:00,sender028@example.test,Synthetic title 00368,Synthetic subject 00368,recipient025@example.test,synthetic_document_00368.pdf,Yes,Synthetic joint defense,Yes
SYNLCPRV023-0001477,SYNLCPRV023-0001477,SYNLCPRV023-0001477,Synthetic Person 037,blind007@example.test,copy009@example.test,2025-10-06 09:30:00 -08:00,2025-10-06 09:31:00 -08:00,sender029@example.test,Synthetic title 00369,Synthetic subject 00369,recipient026@example.test,synthetic_document_00369.pdf,No,Synthetic attorney-client,
SYNLCPRV023-0001481,SYNLCPRV023-0001481,SYNLCPRV023-0001482,Synthetic Person 001,blind008@example.test,copy010@example.test,2025-11-07 09:30:00 -08:00,2025-11-07 09:31:00 -08:00,sender030@example.test,Synthetic title 00370,Synthetic subject 00370,recipient027@example.test,synthetic_document_00370.pdf,Yes,Synthetic work product,
SYNLCPRV023-0001485,SYNLCPRV023-0001485,SYNLCPRV023-0001487,Synthetic Person 002,blind009@example.test,copy011@example.test,2025-12-08 09:30:00 -08:00,2025-12-08 09:31:00 -08:00,sender031@example.test,Synthetic title 00371,Synthetic subject 00371,recipient028@example.test,synthetic_document_00371.pdf,No,Synthetic joint defense,
SYNLCPRV023-0001489,SYNLCPRV023-0001489,SYNLCPRV023-0001489,Synthetic Person 003,blind010@example.test,copy012@example.test,2025-01-09 09:30:00 -08:00,2025-01-09 09:31:00 -08:00,sender001@example.test,Synthetic title 00372,Synthetic subject 00372,recipient029@example.test,synthetic_document_00372.pdf,Yes,Synthetic attorney-client,Yes
SYNLCPRV023-0001493,SYNLCPRV023-0001493,SYNLCPRV023-0001494,Synthetic Person 004,blind011@example.test,copy013@example.test,2025-02-10 09:30:00 -08:00,2025-02-10 09:31:00 -08:00,sender002@example.test,Synthetic title 00373,Synthetic subject 00373,recipient030@example.test,synthetic_document_00373.pdf,No,Synthetic work product,
SYNLCPRV023-0001497,SYNLCPRV023-0001497,SYNLCPRV023-0001499,Synthetic Person 005,blind001@example.test,copy014@example.test,2025-03-11 09:30:00 -08:00,2025-03-11 09:31:00 -08:00,sender003@example.test,Synthetic title 00374,Synthetic subject 00374,recipient031@example.test,synthetic_document_00374.pdf,Yes,Synthetic joint defense,
SYNLCPRV023-0001501,SYNLCPRV023-0001501,SYNLCPRV023-0001501,Synthetic Person 006,blind002@example.test,copy015@example.test,2025-04-12 09:30:00 -08:00,2025-04-12 09:31:00 -08:00,sender004@example.test,Synthetic title 00375,Synthetic subject 00375,recipient032@example.test,synthetic_document_00375.pdf,No,Synthetic attorney-client,
SYNLCPRV023-0001505,SYNLCPRV023-0001505,SYNLCPRV023-0001506,Synthetic Person 007,blind003@example.test,copy016@example.test,2025-05-13 09:30:00 -08:00,2025-05-13 09:31:00 -08:00,sender005@example.test,Synthetic title 00376,Synthetic subject 00376,recipient033@example.test,synthetic_document_00376.pdf,Yes,Synthetic work product,Yes
SYNLCPRV023-0001509,SYNLCPRV023-0001509,SYNLCPRV023-0001511,Synthetic Person 008,blind004@example.test,copy017@example.test,2025-06-14 09:30:00 -08:00,2025-06-14 09:31:00 -08:00,sender006@example.test,Synthetic title 00377,Synthetic subject 00377,recipient034@example.test,synthetic_document_00377.pdf,No,Synthetic joint defense,
SYNLCPRV023-0001513,SYNLCPRV023-0001513,SYNLCPRV023-0001513,Synthetic Person 009,blind005@example.test,copy018@example.test,2025-07-15 09:30:00 -08:00,2025-07-15 09:31:00 -08:00,sender007@example.test,Synthetic title 00378,Synthetic subject 00378,recipient035@example.test,synthetic_document_00378.pdf,Yes,Synthetic attorney-client,
SYNLCPRV023-0001517,SYNLCPRV023-0001517,SYNLCPRV023-0001518,Synthetic Person 010,blind006@example.test,copy019@example.test,2025-08-16 09:30:00 -08:00,2025-08-16 09:31:00 -08:00,sender008@example.test,Synthetic title 00379,Synthetic subject 00379,recipient036@example.test,synthetic_document_00379.pdf,No,Synthetic work product,
SYNLCPRV023-0001521,SYNLCPRV023-0001521,SYNLCPRV023-0001523,Synthetic Person 011,blind007@example.test,copy001@example.test,2025-09-17 09:30:00 -08:00,2025-09-17 09:31:00 -08:00,sender009@example.test,Synthetic title 00380,Synthetic subject 00380,recipient037@example.test,synthetic_document_00380.pdf,Yes,Synthetic joint defense,Yes
SYNLCPRV023-0001525,SYNLCPRV023-0001525,SYNLCPRV023-0001525,Synthetic Person 012,blind008@example.test,copy002@example.test,2025-10-18 09:30:00 -08:00,2025-10-18 09:31:00 -08:00,sender010@example.test,Synthetic title 00381,Synthetic subject 00381,recipient038@example.test,synthetic_document_00381.pdf,No,Synthetic attorney-client,
SYNLCPRV023-0001529,SYNLCPRV023-0001529,SYNLCPRV023-0001530,Synthetic Person 013,blind009@example.test,copy003@example.test,2025-11-19 09:30:00 -08:00,2025-11-19 09:31:00 -08:00,sender011@example.test,Synthetic title 00382,Synthetic subject 00382,recipient039@example.test,synthetic_document_00382.pdf,Yes,Synthetic work product,
SYNLCPRV023-0001533,SYNLCPRV023-0001533,SYNLCPRV023-0001535,Synthetic Person 014,blind010@example.test,copy004@example.test,2025-12-20 09:30:00 -08:00,2025-12-20 09:31:00 -08:00,sender012@example.test,Synthetic title 00383,Synthetic subject 00383,recipient040@example.test,synthetic_document_00383.pdf,No,Synthetic joint defense,
SYNLCPRV023-0001537,SYNLCPRV023-0001537,SYNLCPRV023-0001537,Synthetic Person 015,blind011@example.test,copy005@example.test,2025-01-21 09:30:00 -08:00,2025-01-21 09:31:00 -08:00,sender013@example.test,Synthetic title 00384,Synthetic subject 00384,recipient041@example.test,synthetic_document_00384.pdf,Yes,Synthetic attorney-client,Yes
SYNLCPRV023-0001541,SYNLCPRV023-0001541,SYNLCPRV023-0001542,Synthetic Person 016,blind001@example.test,copy006@example.test,2025-02-22 09:30:00 -08:00,2025-02-22 09:31:00 -08:00,sender014@example.test,Synthetic title 00385,Synthetic subject 00385,recipient042@example.test,synthetic_document_00385.pdf,No,Synthetic work product,
SYNLCPRV023-0001545,SYNLCPRV023-0001545,SYNLCPRV023-0001547,Synthetic Person 017,blind002@example.test,copy007@example.test,2025-03-23 09:30:00 -08:00,2025-03-23 09:31:00 -08:00,sender015@example.test,Synthetic title 00386,Synthetic subject 00386,recipient043@example.test,synthetic_document_00386.pdf,Yes,Synthetic joint defense,
SYNLCPRV023-0001549,SYNLCPRV023-0001549,SYNLCPRV023-0001549,Synthetic Person 018,blind003@example.test,copy008@example.test,2025-04-24 09:30:00 -08:00,2025-04-24 09:31:00 -08:00,sender016@example.test,Synthetic title 00387,Synthetic subject 00387,recipient001@example.test,synthetic_document_00387.pdf,No,Synthetic attorney-client,
SYNLCPRV023-0001553,SYNLCPRV023-0001553,SYNLCPRV023-0001554,Synthetic Person 019,blind004@example.test,copy009@example.test,2025-05-25 09:30:00 -08:00,2025-05-25 09:31:00 -08:00,sender017@example.test,Synthetic title 00388,Synthetic subject 00388,recipient002@example.test,synthetic_document_00388.pdf,Yes,Synthetic work product,Yes
SYNLCPRV023-0001557,SYNLCPRV023-0001557,SYNLCPRV023-0001559,Synthetic Person 020,blind005@example.test,copy010@example.test,2025-06-26 09:30:00 -08:00,2025-06-26 09:31:00 -08:00,sender018@example.test,Synthetic title 00389,Synthetic subject 00389,recipient003@example.test,synthetic_document_00389.pdf,No,Synthetic joint defense,
SYNLCPRV023-0001561,SYNLCPRV023-0001561,SYNLCPRV023-0001561,Synthetic Person 021,blind006@example.test,copy011@example.test,2025-07-27 09:30:00 -08:00,2025-07-27 09:31:00 -08:00,sender019@example.test,Synthetic title 00390,Synthetic subject 00390,recipient004@example.test,synthetic_document_00390.pdf,Yes,Synthetic attorney-client,
SYNLCPRV023-0001565,SYNLCPRV023-0001565,SYNLCPRV023-0001566,Synthetic Person 022,blind007@example.test,copy012@example.test,2025-08-28 09:30:00 -08:00,2025-08-28 09:31:00 -08:00,sender020@example.test,Synthetic title 00391,Synthetic subject 00391,recipient005@example.test,synthetic_document_00391.pdf,No,Synthetic work product,
SYNLCPRV023-0001569,SYNLCPRV023-0001569,SYNLCPRV023-0001571,Synthetic Person 023,blind008@example.test,copy013@example.test,2025-09-01 09:30:00 -08:00,2025-09-01 09:31:00 -08:00,sender021@example.test,Synthetic title 00392,Synthetic subject 00392,recipient006@example.test,synthetic_document_00392.pdf,Yes,Synthetic joint defense,Yes
SYNLCPRV023-0001573,SYNLCPRV023-0001573,SYNLCPRV023-0001573,Synthetic Person 024,blind009@example.test,copy014@example.test,2025-10-02 09:30:00 -08:00,2025-10-02 09:31:00 -08:00,sender022@example.test,Synthetic title 00393,Synthetic subject 00393,recipient007@example.test,synthetic_document_00393.pdf,No,Synthetic attorney-client,
SYNLCPRV023-0001577,SYNLCPRV023-0001577,SYNLCPRV023-0001578,Synthetic Person 025,blind010@example.test,copy015@example.test,2025-11-03 09:30:00 -08:00,2025-11-03 09:31:00 -08:00,sender023@example.test,Synthetic title 00394,Synthetic subject 00394,recipient008@example.test,synthetic_document_00394.pdf,Yes,Synthetic work product,
SYNLCPRV023-0001581,SYNLCPRV023-0001581,SYNLCPRV023-0001583,Synthetic Person 026,blind011@example.test,copy016@example.test,2025-12-04 09:30:00 -08:00,2025-12-04 09:31:00 -08:00,sender024@example.test,Synthetic title 00395,Synthetic subject 00395,recipient009@example.test,synthetic_document_00395.pdf,No,Synthetic joint defense,
SYNLCPRV023-0001585,SYNLCPRV023-0001585,SYNLCPRV023-0001585,Synthetic Person 027,blind001@example.test,copy017@example.test,2025-01-05 09:30:00 -08:00,2025-01-05 09:31:00 -08:00,sender025@example.test,Synthetic title 00396,Synthetic subject 00396,recipient010@example.test,synthetic_document_00396.pdf,Yes,Synthetic attorney-client,Yes
SYNLCPRV023-0001589,SYNLCPRV023-0001589,SYNLCPRV023-0001590,Synthetic Person 028,blind002@example.test,copy018@example.test,2025-02-06 09:30:00 -08:00,2025-02-06 09:31:00 -08:00,sender026@example.test,Synthetic title 00397,Synthetic subject 00397,recipient011@example.test,synthetic_document_00397.pdf,No,Synthetic work product,
SYNLCPRV023-0001593,SYNLCPRV023-0001593,SYNLCPRV023-0001595,Synthetic Person 029,blind003@example.test,copy019@example.test,2025-03-07 09:30:00 -08:00,2025-03-07 09:31:00 -08:00,sender027@example.test,Synthetic title 00398,Synthetic subject 00398,recipient012@example.test,synthetic_document_00398.pdf,Yes,Synthetic joint defense,
SYNLCPRV023-0001597,SYNLCPRV023-0001597,SYNLCPRV023-0001597,Synthetic Person 030,blind004@example.test,copy001@example.test,2025-04-08 09:30:00 -08:00,2025-04-08 09:31:00 -08:00,sender028@example.test,Synthetic title 00399,Synthetic subject 00399,recipient013@example.test,synthetic_document_00399.pdf,No,Synthetic attorney-client,
