Bates/Control #,End Bates/Control #,Author,Bcc,Cc,Date Sent,Date Received,From,Title,Subject,To,Filename,Privilege,Privilege Reason,Redactions
SYNLCPRV024-0000001,SYNLCPRV024-0000001,Synthetic Person 001,blind001@example.test,copy001@example.test,2025-01-01 09:30:00 -08:00,2025-01-01 09:31:00 -08:00,sender001@example.test,Synthetic title 00000,Synthetic subject 00000,recipient001@example.test,synthetic_document_00000.pdf,Yes,Synthetic attorney-client,Yes
SYNLCPRV024-0000005,SYNLCPRV024-0000006,Synthetic Person 002,blind002@example.test,copy002@example.test,2025-02-02 09:30:00 -08:00,2025-02-02 09:31:00 -08:00,sender002@example.test,Synthetic title 00001,Synthetic subject 00001,recipient002@example.test,synthetic_document_00001.pdf,No,Synthetic work product,
SYNLCPRV024-0000009,SYNLCPRV024-0000011,Synthetic Person 003,blind003@example.test,copy003@example.test,2025-03-03 09:30:00 -08:00,2025-03-03 09:31:00 -08:00,sender003@example.test,Synthetic title 00002,Synthetic subject 00002,recipient003@example.test,synthetic_document_00002.pdf,Yes,Synthetic joint defense,
SYNLCPRV024-0000013,SYNLCPRV024-0000013,Synthetic Person 004,blind004@example.test,copy004@example.test,2025-04-04 09:30:00 -08:00,2025-04-04 09:31:00 -08:00,sender004@example.test,Synthetic title 00003,Synthetic subject 00003,recipient004@example.test,synthetic_document_00003.pdf,No,Synthetic attorney-client,
SYNLCPRV024-0000017,SYNLCPRV024-0000018,Synthetic Person 005,blind005@example.test,copy005@example.test,2025-05-05 09:30:00 -08:00,2025-05-05 09:31:00 -08:00,sender005@example.test,Synthetic title 00004,Synthetic subject 00004,recipient005@example.test,synthetic_document_00004.pdf,Yes,Synthetic work product,Yes
SYNLCPRV024-0000021,SYNLCPRV024-0000023,Synthetic Person 006,blind006@example.test,copy006@example.test,2025-06-06 09:30:00 -08:00,2025-06-06 09:31:00 -08:00,sender006@example.test,Synthetic title 00005,Synthetic subject 00005,recipient006@example.test,synthetic_document_00005.pdf,No,Synthetic joint defense,
SYNLCPRV024-0000025,SYNLCPRV024-0000025,Synthetic Person 007,blind007@example.test,copy007@example.test,2025-07-07 09:30:00 -08:00,2025-07-07 09:31:00 -08:00,sender007@example.test,Synthetic title 00006,Synthetic subject 00006,recipient007@example.test,synthetic_document_00006.pdf,Yes,Synthetic attorney-client,
SYNLCPRV024-0000029,SYNLCPRV024-0000030,Synthetic Person 008,blind008@example.test,copy008@example.test,2025-08-08 09:30:00 -08:00,2025-08-08 09:31:00 -08:00,sender008@example.test,Synthetic title 00007,Synthetic subject 00007,recipient008@example.test,synthetic_document_00007.pdf,No,Synthetic work product,
SYNLCPRV024-0000033,SYNLCPRV024-0000035,Synthetic Person 009,blind009@example.test,copy009@example.test,2025-09-09 09:30:00 -08:00,2025-09-09 09:31:00 -08:00,sender009@example.test,Synthetic title 00008,Synthetic subject 00008,recipient009@example.test,synthetic_document_00008.pdf,Yes,Synthetic joint defense,Yes
SYNLCPRV024-0000037,SYNLCPRV024-0000037,Synthetic Person 010,blind010@example.test,copy010@example.test,2025-10-10 09:30:00 -08:00,2025-10-10 09:31:00 -08:00,sender010@example.test,Synthetic title 00009,Synthetic subject 00009,recipient010@example.test,synthetic_document_00009.pdf,No,Synthetic attorney-client,
SYNLCPRV024-0000041,SYNLCPRV024-0000042,Synthetic Person 011,blind011@example.test,copy011@example.test,2025-11-11 09:30:00 -08:00,2025-11-11 09:31:00 -08:00,sender011@example.test,Synthetic title 00010,Synthetic subject 00010,recipient011@example.test,synthetic_document_00010.pdf,Yes,Synthetic work product,
SYNLCPRV024-0000045,SYNLCPRV024-0000047,Synthetic Person 012,blind001@example.test,copy012@example.test,2025-12-12 09:30:00 -08:00,2025-12-12 09:31:00 -08:00,sender012@example.test,Synthetic title 00011,Synthetic subject 00011,recipient012@example.test,synthetic_document_00011.pdf,No,Synthetic joint defense,
SYNLCPRV024-0000049,SYNLCPRV024-0000049,Synthetic Person 013,blind002@example.test,copy013@example.test,2025-01-13 09:30:00 -08:00,2025-01-13 09:31:00 -08:00,sender013@example.test,Synthetic title 00012,Synthetic subject 00012,recipient013@example.test,synthetic_document_00012.pdf,Yes,Synthetic attorney-client,Yes
SYNLCPRV024-0000053,SYNLCPRV024-0000054,Synthetic Person 014,blind003@example.test,copy014@example.test,2025-02-14 09:30:00 -08:00,2025-02-14 09:31:00 -08:00,sender014@example.test,Synthetic title 00013,Synthetic subject 00013,recipient014@example.test,synthetic_document_00013.pdf,No,Synthetic work product,
SYNLCPRV024-0000057,SYNLCPRV024-0000059,Synthetic Person 015,blind004@example.test,copy015@example.test,2025-03-15 09:30:00 -08:00,2025-03-15 09:31:00 -08:00,sender015@example.test,Synthetic title 00014,Synthetic subject 00014,recipient015@example.test,synthetic_document_00014.pdf,Yes,Synthetic joint defense,
SYNLCPRV024-0000061,SYNLCPRV024-0000061,Synthetic Person 016,blind005@example.test,copy016@example.test,2025-04-16 09:30:00 -08:00,2025-04-16 09:31:00 -08:00,sender016@example.test,Synthetic title 00015,Synthetic subject 00015,recipient016@example.test,synthetic_document_00015.pdf,No,Synthetic attorney-client,
SYNLCPRV024-0000065,SYNLCPRV024-0000066,Synthetic Person 017,blind006@example.test,copy017@example.test,2025-05-17 09:30:00 -08:00,2025-05-17 09:31:00 -08:00,sender017@example.test,Synthetic title 00016,Synthetic subject 00016,recipient017@example.test,synthetic_document_00016.pdf,Yes,Synthetic work product,Yes
SYNLCPRV024-0000069,SYNLCPRV024-0000071,Synthetic Person 018,blind007@example.test,copy018@example.test,2025-06-18 09:30:00 -08:00,2025-06-18 09:31:00 -08:00,sender018@example.test,Synthetic title 00017,Synthetic subject 00017,recipient018@example.test,synthetic_document_00017.pdf,No,Synthetic joint defense,
SYNLCPRV024-0000073,SYNLCPRV024-0000073,Synthetic Person 019,blind008@example.test,copy019@example.test,2025-07-19 09:30:00 -08:00,2025-07-19 09:31:00 -08:00,sender019@example.test,Synthetic title 00018,Synthetic subject 00018,recipient019@example.test,synthetic_document_00018.pdf,Yes,Synthetic attorney-client,
SYNLCPRV024-0000077,SYNLCPRV024-0000078,Synthetic Person 020,blind009@example.test,copy001@example.test,2025-08-20 09:30:00 -08:00,2025-08-20 09:31:00 -08:00,sender020@example.test,Synthetic title 00019,Synthetic subject 00019,recipient020@example.test,synthetic_document_00019.pdf,No,Synthetic work product,
SYNLCPRV024-0000081,SYNLCPRV024-0000083,Synthetic Person 021,blind010@example.test,copy002@example.test,2025-09-21 09:30:00 -08:00,2025-09-21 09:31:00 -08:00,sender021@example.test,Synthetic title 00020,Synthetic subject 00020,recipient021@example.test,synthetic_document_00020.pdf,Yes,Synthetic joint defense,Yes
SYNLCPRV024-0000085,SYNLCPRV024-0000085,Synthetic Person 022,blind011@example.test,copy003@example.test,2025-10-22 09:30:00 -08:00,2025-10-22 09:31:00 -08:00,sender022@example.test,Synthetic title 00021,Synthetic subject 00021,recipient022@example.test,synthetic_document_00021.pdf,No,Synthetic attorney-client,
SYNLCPRV024-0000089,SYNLCPRV024-0000090,Synthetic Person 023,blind001@example.test,copy004@example.test,2025-11-23 09:30:00 -08:00,2025-11-23 09:31:00 -08:00,sender023@example.test,Synthetic title 00022,Synthetic subject 00022,recipient023@example.test,synthetic_document_00022.pdf,Yes,Synthetic work product,
SYNLCPRV024-0000093,SYNLCPRV024-0000095,Synthetic Person 024,blind002@example.test,copy005@example.test,2025-12-24 09:30:00 -08:00,2025-12-24 09:31:00 -08:00,sender024@example.test,Synthetic title 00023,Synthetic subject 00023,recipient024@example.test,synthetic_document_00023.pdf,No,Synthetic joint defense,
SYNLCPRV024-0000097,SYNLCPRV024-0000097,Synthetic Person 025,blind003@example.test,copy006@example.test,2025-01-25 09:30:00 -08:00,2025-01-25 09:31:00 -08:00,sender025@example.test,Synthetic title 00024,Synthetic subject 00024,recipient025@example.test,synthetic_document_00024.pdf,Yes,Synthetic attorney-client,Yes
SYNLCPRV024-0000101,SYNLCPRV024-0000102,Synthetic Person 026,blind004@example.test,copy007@example.test,2025-02-26 09:30:00 -08:00,2025-02-26 09:31:00 -08:00,sender026@example.test,Synthetic title 00025,Synthetic subject 00025,recipient026@example.test,synthetic_document_00025.pdf,No,Synthetic work product,
SYNLCPRV024-0000105,SYNLCPRV024-0000107,Synthetic Person 027,blind005@example.test,copy008@example.test,2025-03-27 09:30:00 -08:00,2025-03-27 09:31:00 -08:00,sender027@example.test,Synthetic title 00026,Synthetic subject 00026,recipient027@example.test,synthetic_document_00026.pdf,Yes,Synthetic joint defense,
SYNLCPRV024-0000109,SYNLCPRV024-0000109,Synthetic Person 028,blind006@example.test,copy009@example.test,2025-04-28 09:30:00 -08:00,2025-04-28 09:31:00 -08:00,sender028@example.test,Synthetic title 00027,Synthetic subject 00027,recipient028@example.test,synthetic_document_00027.pdf,No,Synthetic attorney-client,
SYNLCPRV024-0000113,SYNLCPRV024-0000114,Synthetic Person 029,blind007@example.test,copy010@example.test,2025-05-01 09:30:00 -08:00,2025-05-01 09:31:00 -08:00,sender029@example.test,Synthetic title 00028,Synthetic subject 00028,recipient029@example.test,synthetic_document_00028.pdf,Yes,Synthetic work product,Yes
SYNLCPRV024-0000117,SYNLCPRV024-0000119,Synthetic Person 030,blind008@example.test,copy011@example.test,2025-06-02 09:30:00 -08:00,2025-06-02 09:31:00 -08:00,sender030@example.test,Synthetic title 00029,Synthetic subject 00029,recipient030@example.test,synthetic_document_00029.pdf,No,Synthetic joint defense,
SYNLCPRV024-0000121,SYNLCPRV024-0000121,Synthetic Person 031,blind009@example.test,copy012@example.test,2025-07-03 09:30:00 -08:00,2025-07-03 09:31:00 -08:00,sender031@example.test,Synthetic title 00030,Synthetic subject 00030,recipient031@example.test,synthetic_document_00030.pdf,Yes,Synthetic attorney-client,
SYNLCPRV024-0000125,SYNLCPRV024-0000126,Synthetic Person 032,blind010@example.test,copy013@example.test,2025-08-04 09:30:00 -08:00,2025-08-04 09:31:00 -08:00,sender001@example.test,Synthetic title 00031,Synthetic subject 00031,recipient032@example.test,synthetic_document_00031.pdf,No,Synthetic work product,
SYNLCPRV024-0000129,SYNLCPRV024-0000131,Synthetic Person 033,blind011@example.test,copy014@example.test,2025-09-05 09:30:00 -08:00,2025-09-05 09:31:00 -08:00,sender002@example.test,Synthetic title 00032,Synthetic subject 00032,recipient033@example.test,synthetic_document_00032.pdf,Yes,Synthetic joint defense,Yes
SYNLCPRV024-0000133,SYNLCPRV024-0000133,Synthetic Person 034,blind001@example.test,copy015@example.test,2025-10-06 09:30:00 -08:00,2025-10-06 09:31:00 -08:00,sender003@example.test,Synthetic title 00033,Synthetic subject 00033,recipient034@example.test,synthetic_document_00033.pdf,No,Synthetic attorney-client,
SYNLCPRV024-0000137,SYNLCPRV024-0000138,Synthetic Person 035,blind002@example.test,copy016@example.test,2025-11-07 09:30:00 -08:00,2025-11-07 09:31:00 -08:00,sender004@example.test,Synthetic title 00034,Synthetic subject 00034,recipient035@example.test,synthetic_document_00034.pdf,Yes,Synthetic work product,
SYNLCPRV024-0000141,SYNLCPRV024-0000143,Synthetic Person 036,blind003@example.test,copy017@example.test,2025-12-08 09:30:00 -08:00,2025-12-08 09:31:00 -08:00,sender005@example.test,Synthetic title 00035,Synthetic subject 00035,recipient036@example.test,synthetic_document_00035.pdf,No,Synthetic joint defense,
SYNLCPRV024-0000145,SYNLCPRV024-0000145,Synthetic Person 037,blind004@example.test,copy018@example.test,2025-01-09 09:30:00 -08:00,2025-01-09 09:31:00 -08:00,sender006@example.test,Synthetic title 00036,Synthetic subject 00036,recipient037@example.test,synthetic_document_00036.pdf,Yes,Synthetic attorney-client,Yes
SYNLCPRV024-0000149,SYNLCPRV024-0000150,Synthetic Person 001,blind005@example.test,copy019@example.test,2025-02-10 09:30:00 -08:00,2025-02-10 09:31:00 -08:00,sender007@example.test,Synthetic title 00037,Synthetic subject 00037,recipient038@example.test,synthetic_document_00037.pdf,No,Synthetic work product,
SYNLCPRV024-0000153,SYNLCPRV024-0000155,Synthetic Person 002,blind006@example.test,copy001@example.test,2025-03-11 09:30:00 -08:00,2025-03-11 09:31:00 -08:00,sender008@example.test,Synthetic title 00038,Synthetic subject 00038,recipient039@example.test,synthetic_document_00038.pdf,Yes,Synthetic joint defense,
SYNLCPRV024-0000157,SYNLCPRV024-0000157,Synthetic Person 003,blind007@example.test,copy002@example.test,2025-04-12 09:30:00 -08:00,2025-04-12 09:31:00 -08:00,sender009@example.test,Synthetic title 00039,Synthetic subject 00039,recipient040@example.test,synthetic_document_00039.pdf,No,Synthetic attorney-client,
SYNLCPRV024-0000161,SYNLCPRV024-0000162,Synthetic Person 004,blind008@example.test,copy003@example.test,2025-05-13 09:30:00 -08:00,2025-05-13 09:31:00 -08:00,sender010@example.test,Synthetic title 00040,Synthetic subject 00040,recipient041@example.test,synthetic_document_00040.pdf,Yes,Synthetic work product,Yes
SYNLCPRV024-0000165,SYNLCPRV024-0000167,Synthetic Person 005,blind009@example.test,copy004@example.test,2025-06-14 09:30:00 -08:00,2025-06-14 09:31:00 -08:00,sender011@example.test,Synthetic title 00041,Synthetic subject 00041,recipient042@example.test,synthetic_document_00041.pdf,No,Synthetic joint defense,
SYNLCPRV024-0000169,SYNLCPRV024-0000169,Synthetic Person 006,blind010@example.test,copy005@example.test,2025-07-15 09:30:00 -08:00,2025-07-15 09:31:00 -08:00,sender012@example.test,Synthetic title 00042,Synthetic subject 00042,recipient043@example.test,synthetic_document_00042.pdf,Yes,Synthetic attorney-client,
SYNLCPRV024-0000173,SYNLCPRV024-0000174,Synthetic Person 007,blind011@example.test,copy006@example.test,2025-08-16 09:30:00 -08:00,2025-08-16 09:31:00 -08:00,sender013@example.test,Synthetic title 00043,Synthetic subject 00043,recipient001@example.test,synthetic_document_00043.pdf,No,Synthetic work product,
SYNLCPRV024-0000177,SYNLCPRV024-0000179,Synthetic Person 008,blind001@example.test,copy007@example.test,2025-09-17 09:30:00 -08:00,2025-09-17 09:31:00 -08:00,sender014@example.test,Synthetic title 00044,Synthetic subject 00044,recipient002@example.test,synthetic_document_00044.pdf,Yes,Synthetic joint defense,Yes
SYNLCPRV024-0000181,SYNLCPRV024-0000181,Synthetic Person 009,blind002@example.test,copy008@example.test,2025-10-18 09:30:00 -08:00,2025-10-18 09:31:00 -08:00,sender015@example.test,Synthetic title 00045,Synthetic subject 00045,recipient003@example.test,synthetic_document_00045.pdf,No,Synthetic attorney-client,
SYNLCPRV024-0000185,SYNLCPRV024-0000186,Synthetic Person 010,blind003@example.test,copy009@example.test,2025-11-19 09:30:00 -08:00,2025-11-19 09:31:00 -08:00,sender016@example.test,Synthetic title 00046,Synthetic subject 00046,recipient004@example.test,synthetic_document_00046.pdf,Yes,Synthetic work product,
SYNLCPRV024-0000189,SYNLCPRV024-0000191,Synthetic Person 011,blind004@example.test,copy010@example.test,2025-12-20 09:30:00 -08:00,2025-12-20 09:31:00 -08:00,sender017@example.test,Synthetic title 00047,Synthetic subject 00047,recipient005@example.test,synthetic_document_00047.pdf,No,Synthetic joint defense,
SYNLCPRV024-0000193,SYNLCPRV024-0000193,Synthetic Person 012,blind005@example.test,copy011@example.test,2025-01-21 09:30:00 -08:00,2025-01-21 09:31:00 -08:00,sender018@example.test,Synthetic title 00048,Synthetic subject 00048,recipient006@example.test,synthetic_document_00048.pdf,Yes,Synthetic attorney-client,Yes
SYNLCPRV024-0000197,SYNLCPRV024-0000198,Synthetic Person 013,blind006@example.test,copy012@example.test,2025-02-22 09:30:00 -08:00,2025-02-22 09:31:00 -08:00,sender019@example.test,Synthetic title 00049,Synthetic subject 00049,recipient007@example.test,synthetic_document_00049.pdf,No,Synthetic work product,
SYNLCPRV024-0000201,SYNLCPRV024-0000203,Synthetic Person 014,blind007@example.test,copy013@example.test,2025-03-23 09:30:00 -08:00,2025-03-23 09:31:00 -08:00,sender020@example.test,Synthetic title 00050,Synthetic subject 00050,recipient008@example.test,synthetic_document_00050.pdf,Yes,Synthetic joint defense,
SYNLCPRV024-0000205,SYNLCPRV024-0000205,Synthetic Person 015,blind008@example.test,copy014@example.test,2025-04-24 09:30:00 -08:00,2025-04-24 09:31:00 -08:00,sender021@example.test,Synthetic title 00051,Synthetic subject 00051,recipient009@example.test,synthetic_document_00051.pdf,No,Synthetic attorney-client,
SYNLCPRV024-0000209,SYNLCPRV024-0000210,Synthetic Person 016,blind009@example.test,copy015@example.test,2025-05-25 09:30:00 -08:00,2025-05-25 09:31:00 -08:00,sender022@example.test,Synthetic title 00052,Synthetic subject 00052,recipient010@example.test,synthetic_document_00052.pdf,Yes,Synthetic work product,Yes
SYNLCPRV024-0000213,SYNLCPRV024-0000215,Synthetic Person 017,blind010@example.test,copy016@example.test,2025-06-26 09:30:00 -08:00,2025-06-26 09:31:00 -08:00,sender023@example.test,Synthetic title 00053,Synthetic subject 00053,recipient011@example.test,synthetic_document_00053.pdf,No,Synthetic joint defense,
SYNLCPRV024-0000217,SYNLCPRV024-0000217,Synthetic Person 018,blind011@example.test,copy017@example.test,2025-07-27 09:30:00 -08:00,2025-07-27 09:31:00 -08:00,sender024@example.test,Synthetic title 00054,Synthetic subject 00054,recipient012@example.test,synthetic_document_00054.pdf,Yes,Synthetic attorney-client,
SYNLCPRV024-0000221,SYNLCPRV024-0000222,Synthetic Person 019,blind001@example.test,copy018@example.test,2025-08-28 09:30:00 -08:00,2025-08-28 09:31:00 -08:00,sender025@example.test,Synthetic title 00055,Synthetic subject 00055,recipient013@example.test,synthetic_document_00055.pdf,No,Synthetic work product,
SYNLCPRV024-0000225,SYNLCPRV024-0000227,Synthetic Person 020,blind002@example.test,copy019@example.test,2025-09-01 09:30:00 -08:00,2025-09-01 09:31:00 -08:00,sender026@example.test,Synthetic title 00056,Synthetic subject 00056,recipient014@example.test,synthetic_document_00056.pdf,Yes,Synthetic joint defense,Yes
SYNLCPRV024-0000229,SYNLCPRV024-0000229,Synthetic Person 021,blind003@example.test,copy001@example.test,2025-10-02 09:30:00 -08:00,2025-10-02 09:31:00 -08:00,sender027@example.test,Synthetic title 00057,Synthetic subject 00057,recipient015@example.test,synthetic_document_00057.pdf,No,Synthetic attorney-client,
SYNLCPRV024-0000233,SYNLCPRV024-0000234,Synthetic Person 022,blind004@example.test,copy002@example.test,2025-11-03 09:30:00 -08:00,2025-11-03 09:31:00 -08:00,sender028@example.test,Synthetic title 00058,Synthetic subject 00058,recipient016@example.test,synthetic_document_00058.pdf,Yes,Synthetic work product,
SYNLCPRV024-0000237,SYNLCPRV024-0000239,Synthetic Person 023,blind005@example.test,copy003@example.test,2025-12-04 09:30:00 -08:00,2025-12-04 09:31:00 -08:00,sender029@example.test,Synthetic title 00059,Synthetic subject 00059,recipient017@example.test,synthetic_document_00059.pdf,No,Synthetic joint defense,
SYNLCPRV024-0000241,SYNLCPRV024-0000241,Synthetic Person 024,blind006@example.test,copy004@example.test,2025-01-05 09:30:00 -08:00,2025-01-05 09:31:00 -08:00,sender030@example.test,Synthetic title 00060,Synthetic subject 00060,recipient018@example.test,synthetic_document_00060.pdf,Yes,Synthetic attorney-client,Yes
SYNLCPRV024-0000245,SYNLCPRV024-0000246,Synthetic Person 025,blind007@example.test,copy005@example.test,2025-02-06 09:30:00 -08:00,2025-02-06 09:31:00 -08:00,sender031@example.test,Synthetic title 00061,Synthetic subject 00061,recipient019@example.test,synthetic_document_00061.pdf,No,Synthetic work product,
SYNLCPRV024-0000249,SYNLCPRV024-0000251,Synthetic Person 026,blind008@example.test,copy006@example.test,2025-03-07 09:30:00 -08:00,2025-03-07 09:31:00 -08:00,sender001@example.test,Synthetic title 00062,Synthetic subject 00062,recipient020@example.test,synthetic_document_00062.pdf,Yes,Synthetic joint defense,
SYNLCPRV024-0000253,SYNLCPRV024-0000253,Synthetic Person 027,blind009@example.test,copy007@example.test,2025-04-08 09:30:00 -08:00,2025-04-08 09:31:00 -08:00,sender002@example.test,Synthetic title 00063,Synthetic subject 00063,recipient021@example.test,synthetic_document_00063.pdf,No,Synthetic attorney-client,
SYNLCPRV024-0000257,SYNLCPRV024-0000258,Synthetic Person 028,blind010@example.test,copy008@example.test,2025-05-09 09:30:00 -08:00,2025-05-09 09:31:00 -08:00,sender003@example.test,Synthetic title 00064,Synthetic subject 00064,recipient022@example.test,synthetic_document_00064.pdf,Yes,Synthetic work product,Yes
SYNLCPRV024-0000261,SYNLCPRV024-0000263,Synthetic Person 029,blind011@example.test,copy009@example.test,2025-06-10 09:30:00 -08:00,2025-06-10 09:31:00 -08:00,sender004@example.test,Synthetic title 00065,Synthetic subject 00065,recipient023@example.test,synthetic_document_00065.pdf,No,Synthetic joint defense,
SYNLCPRV024-0000265,SYNLCPRV024-0000265,Synthetic Person 030,blind001@example.test,copy010@example.test,2025-07-11 09:30:00 -08:00,2025-07-11 09:31:00 -08:00,sender005@example.test,Synthetic title 00066,Synthetic subject 00066,recipient024@example.test,synthetic_document_00066.pdf,Yes,Synthetic attorney-client,
SYNLCPRV024-0000269,SYNLCPRV024-0000270,Synthetic Person 031,blind002@example.test,copy011@example.test,2025-08-12 09:30:00 -08:00,2025-08-12 09:31:00 -08:00,sender006@example.test,Synthetic title 00067,Synthetic subject 00067,recipient025@example.test,synthetic_document_00067.pdf,No,Synthetic work product,
SYNLCPRV024-0000273,SYNLCPRV024-0000275,Synthetic Person 032,blind003@example.test,copy012@example.test,2025-09-13 09:30:00 -08:00,2025-09-13 09:31:00 -08:00,sender007@example.test,Synthetic title 00068,Synthetic subject 00068,recipient026@example.test,synthetic_document_00068.pdf,Yes,Synthetic joint defense,Yes
SYNLCPRV024-0000277,SYNLCPRV024-0000277,Synthetic Person 033,blind004@example.test,copy013@example.test,2025-10-14 09:30:00 -08:00,2025-10-14 09:31:00 -08:00,sender008@example.test,Synthetic title 00069,Synthetic subject 00069,recipient027@example.test,synthetic_document_00069.pdf,No,Synthetic attorney-client,
SYNLCPRV024-0000281,SYNLCPRV024-0000282,Synthetic Person 034,blind005@example.test,copy014@example.test,2025-11-15 09:30:00 -08:00,2025-11-15 09:31:00 -08:00,sender009@example.test,Synthetic title 00070,Synthetic subject 00070,recipient028@example.test,synthetic_document_00070.pdf,Yes,Synthetic work product,
SYNLCPRV024-0000285,SYNLCPRV024-0000287,Synthetic Person 035,blind006@example.test,copy015@example.test,2025-12-16 09:30:00 -08:00,2025-12-16 09:31:00 -08:00,sender010@example.test,Synthetic title 00071,Synthetic subject 00071,recipient029@example.test,synthetic_document_00071.pdf,No,Synthetic joint defense,
SYNLCPRV024-0000289,SYNLCPRV024-0000289,Synthetic Person 036,blind007@example.test,copy016@example.test,2025-01-17 09:30:00 -08:00,2025-01-17 09:31:00 -08:00,sender011@example.test,Synthetic title 00072,Synthetic subject 00072,recipient030@example.test,synthetic_document_00072.pdf,Yes,Synthetic attorney-client,Yes
SYNLCPRV024-0000293,SYNLCPRV024-0000294,Synthetic Person 037,blind008@example.test,copy017@example.test,2025-02-18 09:30:00 -08:00,2025-02-18 09:31:00 -08:00,sender012@example.test,Synthetic title 00073,Synthetic subject 00073,recipient031@example.test,synthetic_document_00073.pdf,No,Synthetic work product,
SYNLCPRV024-0000297,SYNLCPRV024-0000299,Synthetic Person 001,blind009@example.test,copy018@example.test,2025-03-19 09:30:00 -08:00,2025-03-19 09:31:00 -08:00,sender013@example.test,Synthetic title 00074,Synthetic subject 00074,recipient032@example.test,synthetic_document_00074.pdf,Yes,Synthetic joint defense,
SYNLCPRV024-0000301,SYNLCPRV024-0000301,Synthetic Person 002,blind010@example.test,copy019@example.test,2025-04-20 09:30:00 -08:00,2025-04-20 09:31:00 -08:00,sender014@example.test,Synthetic title 00075,Synthetic subject 00075,recipient033@example.test,synthetic_document_00075.pdf,No,Synthetic attorney-client,
SYNLCPRV024-0000305,SYNLCPRV024-0000306,Synthetic Person 003,blind011@example.test,copy001@example.test,2025-05-21 09:30:00 -08:00,2025-05-21 09:31:00 -08:00,sender015@example.test,Synthetic title 00076,Synthetic subject 00076,recipient034@example.test,synthetic_document_00076.pdf,Yes,Synthetic work product,Yes
SYNLCPRV024-0000309,SYNLCPRV024-0000311,Synthetic Person 004,blind001@example.test,copy002@example.test,2025-06-22 09:30:00 -08:00,2025-06-22 09:31:00 -08:00,sender016@example.test,Synthetic title 00077,Synthetic subject 00077,recipient035@example.test,synthetic_document_00077.pdf,No,Synthetic joint defense,
SYNLCPRV024-0000313,SYNLCPRV024-0000313,Synthetic Person 005,blind002@example.test,copy003@example.test,2025-07-23 09:30:00 -08:00,2025-07-23 09:31:00 -08:00,sender017@example.test,Synthetic title 00078,Synthetic subject 00078,recipient036@example.test,synthetic_document_00078.pdf,Yes,Synthetic attorney-client,
SYNLCPRV024-0000317,SYNLCPRV024-0000318,Synthetic Person 006,blind003@example.test,copy004@example.test,2025-08-24 09:30:00 -08:00,2025-08-24 09:31:00 -08:00,sender018@example.test,Synthetic title 00079,Synthetic subject 00079,recipient037@example.test,synthetic_document_00079.pdf,No,Synthetic work product,
SYNLCPRV024-0000321,SYNLCPRV024-0000323,Synthetic Person 007,blind004@example.test,copy005@example.test,2025-09-25 09:30:00 -08:00,2025-09-25 09:31:00 -08:00,sender019@example.test,Synthetic title 00080,Synthetic subject 00080,recipient038@example.test,synthetic_document_00080.pdf,Yes,Synthetic joint defense,Yes
SYNLCPRV024-0000325,SYNLCPRV024-0000325,Synthetic Person 008,blind005@example.test,copy006@example.test,2025-10-26 09:30:00 -08:00,2025-10-26 09:31:00 -08:00,sender020@example.test,Synthetic title 00081,Synthetic subject 00081,recipient039@example.test,synthetic_document_00081.pdf,No,Synthetic attorney-client,
SYNLCPRV024-0000329,SYNLCPRV024-0000330,Synthetic Person 009,blind006@example.test,copy007@example.test,2025-11-27 09:30:00 -08:00,2025-11-27 09:31:00 -08:00,sender021@example.test,Synthetic title 00082,Synthetic subject 00082,recipient040@example.test,synthetic_document_00082.pdf,Yes,Synthetic work product,
SYNLCPRV024-0000333,SYNLCPRV024-0000335,Synthetic Person 010,blind007@example.test,copy008@example.test,2025-12-28 09:30:00 -08:00,2025-12-28 09:31:00 -08:00,sender022@example.test,Synthetic title 00083,Synthetic subject 00083,recipient041@example.test,synthetic_document_00083.pdf,No,Synthetic joint defense,
SYNLCPRV024-0000337,SYNLCPRV024-0000337,Synthetic Person 011,blind008@example.test,copy009@example.test,2025-01-01 09:30:00 -08:00,2025-01-01 09:31:00 -08:00,sender023@example.test,Synthetic title 00084,Synthetic subject 00084,recipient042@example.test,synthetic_document_00084.pdf,Yes,Synthetic attorney-client,Yes
SYNLCPRV024-0000341,SYNLCPRV024-0000342,Synthetic Person 012,blind009@example.test,copy010@example.test,2025-02-02 09:30:00 -08:00,2025-02-02 09:31:00 -08:00,sender024@example.test,Synthetic title 00085,Synthetic subject 00085,recipient043@example.test,synthetic_document_00085.pdf,No,Synthetic work product,
SYNLCPRV024-0000345,SYNLCPRV024-0000347,Synthetic Person 013,blind010@example.test,copy011@example.test,2025-03-03 09:30:00 -08:00,2025-03-03 09:31:00 -08:00,sender025@example.test,Synthetic title 00086,Synthetic subject 00086,recipient001@example.test,synthetic_document_00086.pdf,Yes,Synthetic joint defense,
SYNLCPRV024-0000349,SYNLCPRV024-0000349,Synthetic Person 014,blind011@example.test,copy012@example.test,2025-04-04 09:30:00 -08:00,2025-04-04 09:31:00 -08:00,sender026@example.test,Synthetic title 00087,Synthetic subject 00087,recipient002@example.test,synthetic_document_00087.pdf,No,Synthetic attorney-client,
SYNLCPRV024-0000353,SYNLCPRV024-0000354,Synthetic Person 015,blind001@example.test,copy013@example.test,2025-05-05 09:30:00 -08:00,2025-05-05 09:31:00 -08:00,sender027@example.test,Synthetic title 00088,Synthetic subject 00088,recipient003@example.test,synthetic_document_00088.pdf,Yes,Synthetic work product,Yes
SYNLCPRV024-0000357,SYNLCPRV024-0000359,Synthetic Person 016,blind002@example.test,copy014@example.test,2025-06-06 09:30:00 -08:00,2025-06-06 09:31:00 -08:00,sender028@example.test,Synthetic title 00089,Synthetic subject 00089,recipient004@example.test,synthetic_document_00089.pdf,No,Synthetic joint defense,
SYNLCPRV024-0000361,SYNLCPRV024-0000361,Synthetic Person 017,blind003@example.test,copy015@example.test,2025-07-07 09:30:00 -08:00,2025-07-07 09:31:00 -08:00,sender029@example.test,Synthetic title 00090,Synthetic subject 00090,recipient005@example.test,synthetic_document_00090.pdf,Yes,Synthetic attorney-client,
SYNLCPRV024-0000365,SYNLCPRV024-0000366,Synthetic Person 018,blind004@example.test,copy016@example.test,2025-08-08 09:30:00 -08:00,2025-08-08 09:31:00 -08:00,sender030@example.test,Synthetic title 00091,Synthetic subject 00091,recipient006@example.test,synthetic_document_00091.pdf,No,Synthetic work product,
SYNLCPRV024-0000369,SYNLCPRV024-0000371,Synthetic Person 019,blind005@example.test,copy017@example.test,2025-09-09 09:30:00 -08:00,2025-09-09 09:31:00 -08:00,sender031@example.test,Synthetic title 00092,Synthetic subject 00092,recipient007@example.test,synthetic_document_00092.pdf,Yes,Synthetic joint defense,Yes
SYNLCPRV024-0000373,SYNLCPRV024-0000373,Synthetic Person 020,blind006@example.test,copy018@example.test,2025-10-10 09:30:00 -08:00,2025-10-10 09:31:00 -08:00,sender001@example.test,Synthetic title 00093,Synthetic subject 00093,recipient008@example.test,synthetic_document_00093.pdf,No,Synthetic attorney-client,
SYNLCPRV024-0000377,SYNLCPRV024-0000378,Synthetic Person 021,blind007@example.test,copy019@example.test,2025-11-11 09:30:00 -08:00,2025-11-11 09:31:00 -08:00,sender002@example.test,Synthetic title 00094,Synthetic subject 00094,recipient009@example.test,synthetic_document_00094.pdf,Yes,Synthetic work product,
SYNLCPRV024-0000381,SYNLCPRV024-0000383,Synthetic Person 022,blind008@example.test,copy001@example.test,2025-12-12 09:30:00 -08:00,2025-12-12 09:31:00 -08:00,sender003@example.test,Synthetic title 00095,Synthetic subject 00095,recipient010@example.test,synthetic_document_00095.pdf,No,Synthetic joint defense,
SYNLCPRV024-0000385,SYNLCPRV024-0000385,Synthetic Person 023,blind009@example.test,copy002@example.test,2025-01-13 09:30:00 -08:00,2025-01-13 09:31:00 -08:00,sender004@example.test,Synthetic title 00096,Synthetic subject 00096,recipient011@example.test,synthetic_document_00096.pdf,Yes,Synthetic attorney-client,Yes
SYNLCPRV024-0000389,SYNLCPRV024-0000390,Synthetic Person 024,blind010@example.test,copy003@example.test,2025-02-14 09:30:00 -08:00,2025-02-14 09:31:00 -08:00,sender005@example.test,Synthetic title 00097,Synthetic subject 00097,recipient012@example.test,synthetic_document_00097.pdf,No,Synthetic work product,
SYNLCPRV024-0000393,SYNLCPRV024-0000395,Synthetic Person 025,blind011@example.test,copy004@example.test,2025-03-15 09:30:00 -08:00,2025-03-15 09:31:00 -08:00,sender006@example.test,Synthetic title 00098,Synthetic subject 00098,recipient013@example.test,synthetic_document_00098.pdf,Yes,Synthetic joint defense,
SYNLCPRV024-0000397,SYNLCPRV024-0000397,Synthetic Person 026,blind001@example.test,copy005@example.test,2025-04-16 09:30:00 -08:00,2025-04-16 09:31:00 -08:00,sender007@example.test,Synthetic title 00099,Synthetic subject 00099,recipient014@example.test,synthetic_document_00099.pdf,No,Synthetic attorney-client,
SYNLCPRV024-0000401,SYNLCPRV024-0000402,Synthetic Person 027,blind002@example.test,copy006@example.test,2025-05-17 09:30:00 -08:00,2025-05-17 09:31:00 -08:00,sender008@example.test,Synthetic title 00100,Synthetic subject 00100,recipient015@example.test,synthetic_document_00100.pdf,Yes,Synthetic work product,Yes
SYNLCPRV024-0000405,SYNLCPRV024-0000407,Synthetic Person 028,blind003@example.test,copy007@example.test,2025-06-18 09:30:00 -08:00,2025-06-18 09:31:00 -08:00,sender009@example.test,Synthetic title 00101,Synthetic subject 00101,recipient016@example.test,synthetic_document_00101.pdf,No,Synthetic joint defense,
SYNLCPRV024-0000409,SYNLCPRV024-0000409,Synthetic Person 029,blind004@example.test,copy008@example.test,2025-07-19 09:30:00 -08:00,2025-07-19 09:31:00 -08:00,sender010@example.test,Synthetic title 00102,Synthetic subject 00102,recipient017@example.test,synthetic_document_00102.pdf,Yes,Synthetic attorney-client,
SYNLCPRV024-0000413,SYNLCPRV024-0000414,Synthetic Person 030,blind005@example.test,copy009@example.test,2025-08-20 09:30:00 -08:00,2025-08-20 09:31:00 -08:00,sender011@example.test,Synthetic title 00103,Synthetic subject 00103,recipient018@example.test,synthetic_document_00103.pdf,No,Synthetic work product,
SYNLCPRV024-0000417,SYNLCPRV024-0000419,Synthetic Person 031,blind006@example.test,copy010@example.test,2025-09-21 09:30:00 -08:00,2025-09-21 09:31:00 -08:00,sender012@example.test,Synthetic title 00104,Synthetic subject 00104,recipient019@example.test,synthetic_document_00104.pdf,Yes,Synthetic joint defense,Yes
SYNLCPRV024-0000421,SYNLCPRV024-0000421,Synthetic Person 032,blind007@example.test,copy011@example.test,2025-10-22 09:30:00 -08:00,2025-10-22 09:31:00 -08:00,sender013@example.test,Synthetic title 00105,Synthetic subject 00105,recipient020@example.test,synthetic_document_00105.pdf,No,Synthetic attorney-client,
SYNLCPRV024-0000425,SYNLCPRV024-0000426,Synthetic Person 033,blind008@example.test,copy012@example.test,2025-11-23 09:30:00 -08:00,2025-11-23 09:31:00 -08:00,sender014@example.test,Synthetic title 00106,Synthetic subject 00106,recipient021@example.test,synthetic_document_00106.pdf,Yes,Synthetic work product,
SYNLCPRV024-0000429,SYNLCPRV024-0000431,Synthetic Person 034,blind009@example.test,copy013@example.test,2025-12-24 09:30:00 -08:00,2025-12-24 09:31:00 -08:00,sender015@example.test,Synthetic title 00107,Synthetic subject 00107,recipient022@example.test,synthetic_document_00107.pdf,No,Synthetic joint defense,
SYNLCPRV024-0000433,SYNLCPRV024-0000433,Synthetic Person 035,blind010@example.test,copy014@example.test,2025-01-25 09:30:00 -08:00,2025-01-25 09:31:00 -08:00,sender016@example.test,Synthetic title 00108,Synthetic subject 00108,recipient023@example.test,synthetic_document_00108.pdf,Yes,Synthetic attorney-client,Yes
SYNLCPRV024-0000437,SYNLCPRV024-0000438,Synthetic Person 036,blind011@example.test,copy015@example.test,2025-02-26 09:30:00 -08:00,2025-02-26 09:31:00 -08:00,sender017@example.test,Synthetic title 00109,Synthetic subject 00109,recipient024@example.test,synthetic_document_00109.pdf,No,Synthetic work product,
SYNLCPRV024-0000441,SYNLCPRV024-0000443,Synthetic Person 037,blind001@example.test,copy016@example.test,2025-03-27 09:30:00 -08:00,2025-03-27 09:31:00 -08:00,sender018@example.test,Synthetic title 00110,Synthetic subject 00110,recipient025@example.test,synthetic_document_00110.pdf,Yes,Synthetic joint defense,
SYNLCPRV024-0000445,SYNLCPRV024-0000445,Synthetic Person 001,blind002@example.test,copy017@example.test,2025-04-28 09:30:00 -08:00,2025-04-28 09:31:00 -08:00,sender019@example.test,Synthetic title 00111,Synthetic subject 00111,recipient026@example.test,synthetic_document_00111.pdf,No,Synthetic attorney-client,
SYNLCPRV024-0000449,SYNLCPRV024-0000450,Synthetic Person 002,blind003@example.test,copy018@example.test,2025-05-01 09:30:00 -08:00,2025-05-01 09:31:00 -08:00,sender020@example.test,Synthetic title 00112,Synthetic subject 00112,recipient027@example.test,synthetic_document_00112.pdf,Yes,Synthetic work product,Yes
SYNLCPRV024-0000453,SYNLCPRV024-0000455,Synthetic Person 003,blind004@example.test,copy019@example.test,2025-06-02 09:30:00 -08:00,2025-06-02 09:31:00 -08:00,sender021@example.test,Synthetic title 00113,Synthetic subject 00113,recipient028@example.test,synthetic_document_00113.pdf,No,Synthetic joint defense,
SYNLCPRV024-0000457,SYNLCPRV024-0000457,Synthetic Person 004,blind005@example.test,copy001@example.test,2025-07-03 09:30:00 -08:00,2025-07-03 09:31:00 -08:00,sender022@example.test,Synthetic title 00114,Synthetic subject 00114,recipient029@example.test,synthetic_document_00114.pdf,Yes,Synthetic attorney-client,
SYNLCPRV024-0000461,SYNLCPRV024-0000462,Synthetic Person 005,blind006@example.test,copy002@example.test,2025-08-04 09:30:00 -08:00,2025-08-04 09:31:00 -08:00,sender023@example.test,Synthetic title 00115,Synthetic subject 00115,recipient030@example.test,synthetic_document_00115.pdf,No,Synthetic work product,
SYNLCPRV024-0000465,SYNLCPRV024-0000467,Synthetic Person 006,blind007@example.test,copy003@example.test,2025-09-05 09:30:00 -08:00,2025-09-05 09:31:00 -08:00,sender024@example.test,Synthetic title 00116,Synthetic subject 00116,recipient031@example.test,synthetic_document_00116.pdf,Yes,Synthetic joint defense,Yes
SYNLCPRV024-0000469,SYNLCPRV024-0000469,Synthetic Person 007,blind008@example.test,copy004@example.test,2025-10-06 09:30:00 -08:00,2025-10-06 09:31:00 -08:00,sender025@example.test,Synthetic title 00117,Synthetic subject 00117,recipient032@example.test,synthetic_document_00117.pdf,No,Synthetic attorney-client,
SYNLCPRV024-0000473,SYNLCPRV024-0000474,Synthetic Person 008,blind009@example.test,copy005@example.test,2025-11-07 09:30:00 -08:00,2025-11-07 09:31:00 -08:00,sender026@example.test,Synthetic title 00118,Synthetic subject 00118,recipient033@example.test,synthetic_document_00118.pdf,Yes,Synthetic work product,
SYNLCPRV024-0000477,SYNLCPRV024-0000479,Synthetic Person 009,blind010@example.test,copy006@example.test,2025-12-08 09:30:00 -08:00,2025-12-08 09:31:00 -08:00,sender027@example.test,Synthetic title 00119,Synthetic subject 00119,recipient034@example.test,synthetic_document_00119.pdf,No,Synthetic joint defense,
SYNLCPRV024-0000481,SYNLCPRV024-0000481,Synthetic Person 010,blind011@example.test,copy007@example.test,2025-01-09 09:30:00 -08:00,2025-01-09 09:31:00 -08:00,sender028@example.test,Synthetic title 00120,Synthetic subject 00120,recipient035@example.test,synthetic_document_00120.pdf,Yes,Synthetic attorney-client,Yes
SYNLCPRV024-0000485,SYNLCPRV024-0000486,Synthetic Person 011,blind001@example.test,copy008@example.test,2025-02-10 09:30:00 -08:00,2025-02-10 09:31:00 -08:00,sender029@example.test,Synthetic title 00121,Synthetic subject 00121,recipient036@example.test,synthetic_document_00121.pdf,No,Synthetic work product,
SYNLCPRV024-0000489,SYNLCPRV024-0000491,Synthetic Person 012,blind002@example.test,copy009@example.test,2025-03-11 09:30:00 -08:00,2025-03-11 09:31:00 -08:00,sender030@example.test,Synthetic title 00122,Synthetic subject 00122,recipient037@example.test,synthetic_document_00122.pdf,Yes,Synthetic joint defense,
SYNLCPRV024-0000493,SYNLCPRV024-0000493,Synthetic Person 013,blind003@example.test,copy010@example.test,2025-04-12 09:30:00 -08:00,2025-04-12 09:31:00 -08:00,sender031@example.test,Synthetic title 00123,Synthetic subject 00123,recipient038@example.test,synthetic_document_00123.pdf,No,Synthetic attorney-client,
SYNLCPRV024-0000497,SYNLCPRV024-0000498,Synthetic Person 014,blind004@example.test,copy011@example.test,2025-05-13 09:30:00 -08:00,2025-05-13 09:31:00 -08:00,sender001@example.test,Synthetic title 00124,Synthetic subject 00124,recipient039@example.test,synthetic_document_00124.pdf,Yes,Synthetic work product,Yes
SYNLCPRV024-0000501,SYNLCPRV024-0000503,Synthetic Person 015,blind005@example.test,copy012@example.test,2025-06-14 09:30:00 -08:00,2025-06-14 09:31:00 -08:00,sender002@example.test,Synthetic title 00125,Synthetic subject 00125,recipient040@example.test,synthetic_document_00125.pdf,No,Synthetic joint defense,
SYNLCPRV024-0000505,SYNLCPRV024-0000505,Synthetic Person 016,blind006@example.test,copy013@example.test,2025-07-15 09:30:00 -08:00,2025-07-15 09:31:00 -08:00,sender003@example.test,Synthetic title 00126,Synthetic subject 00126,recipient041@example.test,synthetic_document_00126.pdf,Yes,Synthetic attorney-client,
SYNLCPRV024-0000509,SYNLCPRV024-0000510,Synthetic Person 017,blind007@example.test,copy014@example.test,2025-08-16 09:30:00 -08:00,2025-08-16 09:31:00 -08:00,sender004@example.test,Synthetic title 00127,Synthetic subject 00127,recipient042@example.test,synthetic_document_00127.pdf,No,Synthetic work product,
SYNLCPRV024-0000513,SYNLCPRV024-0000515,Synthetic Person 018,blind008@example.test,copy015@example.test,2025-09-17 09:30:00 -08:00,2025-09-17 09:31:00 -08:00,sender005@example.test,Synthetic title 00128,Synthetic subject 00128,recipient043@example.test,synthetic_document_00128.pdf,Yes,Synthetic joint defense,Yes
SYNLCPRV024-0000517,SYNLCPRV024-0000517,Synthetic Person 019,blind009@example.test,copy016@example.test,2025-10-18 09:30:00 -08:00,2025-10-18 09:31:00 -08:00,sender006@example.test,Synthetic title 00129,Synthetic subject 00129,recipient001@example.test,synthetic_document_00129.pdf,No,Synthetic attorney-client,
SYNLCPRV024-0000521,SYNLCPRV024-0000522,Synthetic Person 020,blind010@example.test,copy017@example.test,2025-11-19 09:30:00 -08:00,2025-11-19 09:31:00 -08:00,sender007@example.test,Synthetic title 00130,Synthetic subject 00130,recipient002@example.test,synthetic_document_00130.pdf,Yes,Synthetic work product,
SYNLCPRV024-0000525,SYNLCPRV024-0000527,Synthetic Person 021,blind011@example.test,copy018@example.test,2025-12-20 09:30:00 -08:00,2025-12-20 09:31:00 -08:00,sender008@example.test,Synthetic title 00131,Synthetic subject 00131,recipient003@example.test,synthetic_document_00131.pdf,No,Synthetic joint defense,
SYNLCPRV024-0000529,SYNLCPRV024-0000529,Synthetic Person 022,blind001@example.test,copy019@example.test,2025-01-21 09:30:00 -08:00,2025-01-21 09:31:00 -08:00,sender009@example.test,Synthetic title 00132,Synthetic subject 00132,recipient004@example.test,synthetic_document_00132.pdf,Yes,Synthetic attorney-client,Yes
SYNLCPRV024-0000533,SYNLCPRV024-0000534,Synthetic Person 023,blind002@example.test,copy001@example.test,2025-02-22 09:30:00 -08:00,2025-02-22 09:31:00 -08:00,sender010@example.test,Synthetic title 00133,Synthetic subject 00133,recipient005@example.test,synthetic_document_00133.pdf,No,Synthetic work product,
SYNLCPRV024-0000537,SYNLCPRV024-0000539,Synthetic Person 024,blind003@example.test,copy002@example.test,2025-03-23 09:30:00 -08:00,2025-03-23 09:31:00 -08:00,sender011@example.test,Synthetic title 00134,Synthetic subject 00134,recipient006@example.test,synthetic_document_00134.pdf,Yes,Synthetic joint defense,
SYNLCPRV024-0000541,SYNLCPRV024-0000541,Synthetic Person 025,blind004@example.test,copy003@example.test,2025-04-24 09:30:00 -08:00,2025-04-24 09:31:00 -08:00,sender012@example.test,Synthetic title 00135,Synthetic subject 00135,recipient007@example.test,synthetic_document_00135.pdf,No,Synthetic attorney-client,
SYNLCPRV024-0000545,SYNLCPRV024-0000546,Synthetic Person 026,blind005@example.test,copy004@example.test,2025-05-25 09:30:00 -08:00,2025-05-25 09:31:00 -08:00,sender013@example.test,Synthetic title 00136,Synthetic subject 00136,recipient008@example.test,synthetic_document_00136.pdf,Yes,Synthetic work product,Yes
SYNLCPRV024-0000549,SYNLCPRV024-0000551,Synthetic Person 027,blind006@example.test,copy005@example.test,2025-06-26 09:30:00 -08:00,2025-06-26 09:31:00 -08:00,sender014@example.test,Synthetic title 00137,Synthetic subject 00137,recipient009@example.test,synthetic_document_00137.pdf,No,Synthetic joint defense,
SYNLCPRV024-0000553,SYNLCPRV024-0000553,Synthetic Person 028,blind007@example.test,copy006@example.test,2025-07-27 09:30:00 -08:00,2025-07-27 09:31:00 -08:00,sender015@example.test,Synthetic title 00138,Synthetic subject 00138,recipient010@example.test,synthetic_document_00138.pdf,Yes,Synthetic attorney-client,
SYNLCPRV024-0000557,SYNLCPRV024-0000558,Synthetic Person 029,blind008@example.test,copy007@example.test,2025-08-28 09:30:00 -08:00,2025-08-28 09:31:00 -08:00,sender016@example.test,Synthetic title 00139,Synthetic subject 00139,recipient011@example.test,synthetic_document_00139.pdf,No,Synthetic work product,
SYNLCPRV024-0000561,SYNLCPRV024-0000563,Synthetic Person 030,blind009@example.test,copy008@example.test,2025-09-01 09:30:00 -08:00,2025-09-01 09:31:00 -08:00,sender017@example.test,Synthetic title 00140,Synthetic subject 00140,recipient012@example.test,synthetic_document_00140.pdf,Yes,Synthetic joint defense,Yes
SYNLCPRV024-0000565,SYNLCPRV024-0000565,Synthetic Person 031,blind010@example.test,copy009@example.test,2025-10-02 09:30:00 -08:00,2025-10-02 09:31:00 -08:00,sender018@example.test,Synthetic title 00141,Synthetic subject 00141,recipient013@example.test,synthetic_document_00141.pdf,No,Synthetic attorney-client,
SYNLCPRV024-0000569,SYNLCPRV024-0000570,Synthetic Person 032,blind011@example.test,copy010@example.test,2025-11-03 09:30:00 -08:00,2025-11-03 09:31:00 -08:00,sender019@example.test,Synthetic title 00142,Synthetic subject 00142,recipient014@example.test,synthetic_document_00142.pdf,Yes,Synthetic work product,
SYNLCPRV024-0000573,SYNLCPRV024-0000575,Synthetic Person 033,blind001@example.test,copy011@example.test,2025-12-04 09:30:00 -08:00,2025-12-04 09:31:00 -08:00,sender020@example.test,Synthetic title 00143,Synthetic subject 00143,recipient015@example.test,synthetic_document_00143.pdf,No,Synthetic joint defense,
SYNLCPRV024-0000577,SYNLCPRV024-0000577,Synthetic Person 034,blind002@example.test,copy012@example.test,2025-01-05 09:30:00 -08:00,2025-01-05 09:31:00 -08:00,sender021@example.test,Synthetic title 00144,Synthetic subject 00144,recipient016@example.test,synthetic_document_00144.pdf,Yes,Synthetic attorney-client,Yes
SYNLCPRV024-0000581,SYNLCPRV024-0000582,Synthetic Person 035,blind003@example.test,copy013@example.test,2025-02-06 09:30:00 -08:00,2025-02-06 09:31:00 -08:00,sender022@example.test,Synthetic title 00145,Synthetic subject 00145,recipient017@example.test,synthetic_document_00145.pdf,No,Synthetic work product,
SYNLCPRV024-0000585,SYNLCPRV024-0000587,Synthetic Person 036,blind004@example.test,copy014@example.test,2025-03-07 09:30:00 -08:00,2025-03-07 09:31:00 -08:00,sender023@example.test,Synthetic title 00146,Synthetic subject 00146,recipient018@example.test,synthetic_document_00146.pdf,Yes,Synthetic joint defense,
SYNLCPRV024-0000589,SYNLCPRV024-0000589,Synthetic Person 037,blind005@example.test,copy015@example.test,2025-04-08 09:30:00 -08:00,2025-04-08 09:31:00 -08:00,sender024@example.test,Synthetic title 00147,Synthetic subject 00147,recipient019@example.test,synthetic_document_00147.pdf,No,Synthetic attorney-client,
SYNLCPRV024-0000593,SYNLCPRV024-0000594,Synthetic Person 001,blind006@example.test,copy016@example.test,2025-05-09 09:30:00 -08:00,2025-05-09 09:31:00 -08:00,sender025@example.test,Synthetic title 00148,Synthetic subject 00148,recipient020@example.test,synthetic_document_00148.pdf,Yes,Synthetic work product,Yes
SYNLCPRV024-0000597,SYNLCPRV024-0000599,Synthetic Person 002,blind007@example.test,copy017@example.test,2025-06-10 09:30:00 -08:00,2025-06-10 09:31:00 -08:00,sender026@example.test,Synthetic title 00149,Synthetic subject 00149,recipient021@example.test,synthetic_document_00149.pdf,No,Synthetic joint defense,
SYNLCPRV024-0000601,SYNLCPRV024-0000601,Synthetic Person 003,blind008@example.test,copy018@example.test,2025-07-11 09:30:00 -08:00,2025-07-11 09:31:00 -08:00,sender027@example.test,Synthetic title 00150,Synthetic subject 00150,recipient022@example.test,synthetic_document_00150.pdf,Yes,Synthetic attorney-client,
SYNLCPRV024-0000605,SYNLCPRV024-0000606,Synthetic Person 004,blind009@example.test,copy019@example.test,2025-08-12 09:30:00 -08:00,2025-08-12 09:31:00 -08:00,sender028@example.test,Synthetic title 00151,Synthetic subject 00151,recipient023@example.test,synthetic_document_00151.pdf,No,Synthetic work product,
SYNLCPRV024-0000609,SYNLCPRV024-0000611,Synthetic Person 005,blind010@example.test,copy001@example.test,2025-09-13 09:30:00 -08:00,2025-09-13 09:31:00 -08:00,sender029@example.test,Synthetic title 00152,Synthetic subject 00152,recipient024@example.test,synthetic_document_00152.pdf,Yes,Synthetic joint defense,Yes
SYNLCPRV024-0000613,SYNLCPRV024-0000613,Synthetic Person 006,blind011@example.test,copy002@example.test,2025-10-14 09:30:00 -08:00,2025-10-14 09:31:00 -08:00,sender030@example.test,Synthetic title 00153,Synthetic subject 00153,recipient025@example.test,synthetic_document_00153.pdf,No,Synthetic attorney-client,
SYNLCPRV024-0000617,SYNLCPRV024-0000618,Synthetic Person 007,blind001@example.test,copy003@example.test,2025-11-15 09:30:00 -08:00,2025-11-15 09:31:00 -08:00,sender031@example.test,Synthetic title 00154,Synthetic subject 00154,recipient026@example.test,synthetic_document_00154.pdf,Yes,Synthetic work product,
SYNLCPRV024-0000621,SYNLCPRV024-0000623,Synthetic Person 008,blind002@example.test,copy004@example.test,2025-12-16 09:30:00 -08:00,2025-12-16 09:31:00 -08:00,sender001@example.test,Synthetic title 00155,Synthetic subject 00155,recipient027@example.test,synthetic_document_00155.pdf,No,Synthetic joint defense,
SYNLCPRV024-0000625,SYNLCPRV024-0000625,Synthetic Person 009,blind003@example.test,copy005@example.test,2025-01-17 09:30:00 -08:00,2025-01-17 09:31:00 -08:00,sender002@example.test,Synthetic title 00156,Synthetic subject 00156,recipient028@example.test,synthetic_document_00156.pdf,Yes,Synthetic attorney-client,Yes
SYNLCPRV024-0000629,SYNLCPRV024-0000630,Synthetic Person 010,blind004@example.test,copy006@example.test,2025-02-18 09:30:00 -08:00,2025-02-18 09:31:00 -08:00,sender003@example.test,Synthetic title 00157,Synthetic subject 00157,recipient029@example.test,synthetic_document_00157.pdf,No,Synthetic work product,
SYNLCPRV024-0000633,SYNLCPRV024-0000635,Synthetic Person 011,blind005@example.test,copy007@example.test,2025-03-19 09:30:00 -08:00,2025-03-19 09:31:00 -08:00,sender004@example.test,Synthetic title 00158,Synthetic subject 00158,recipient030@example.test,synthetic_document_00158.pdf,Yes,Synthetic joint defense,
SYNLCPRV024-0000637,SYNLCPRV024-0000637,Synthetic Person 012,blind006@example.test,copy008@example.test,2025-04-20 09:30:00 -08:00,2025-04-20 09:31:00 -08:00,sender005@example.test,Synthetic title 00159,Synthetic subject 00159,recipient031@example.test,synthetic_document_00159.pdf,No,Synthetic attorney-client,
SYNLCPRV024-0000641,SYNLCPRV024-0000642,Synthetic Person 013,blind007@example.test,copy009@example.test,2025-05-21 09:30:00 -08:00,2025-05-21 09:31:00 -08:00,sender006@example.test,Synthetic title 00160,Synthetic subject 00160,recipient032@example.test,synthetic_document_00160.pdf,Yes,Synthetic work product,Yes
SYNLCPRV024-0000645,SYNLCPRV024-0000647,Synthetic Person 014,blind008@example.test,copy010@example.test,2025-06-22 09:30:00 -08:00,2025-06-22 09:31:00 -08:00,sender007@example.test,Synthetic title 00161,Synthetic subject 00161,recipient033@example.test,synthetic_document_00161.pdf,No,Synthetic joint defense,
SYNLCPRV024-0000649,SYNLCPRV024-0000649,Synthetic Person 015,blind009@example.test,copy011@example.test,2025-07-23 09:30:00 -08:00,2025-07-23 09:31:00 -08:00,sender008@example.test,Synthetic title 00162,Synthetic subject 00162,recipient034@example.test,synthetic_document_00162.pdf,Yes,Synthetic attorney-client,
SYNLCPRV024-0000653,SYNLCPRV024-0000654,Synthetic Person 016,blind010@example.test,copy012@example.test,2025-08-24 09:30:00 -08:00,2025-08-24 09:31:00 -08:00,sender009@example.test,Synthetic title 00163,Synthetic subject 00163,recipient035@example.test,synthetic_document_00163.pdf,No,Synthetic work product,
SYNLCPRV024-0000657,SYNLCPRV024-0000659,Synthetic Person 017,blind011@example.test,copy013@example.test,2025-09-25 09:30:00 -08:00,2025-09-25 09:31:00 -08:00,sender010@example.test,Synthetic title 00164,Synthetic subject 00164,recipient036@example.test,synthetic_document_00164.pdf,Yes,Synthetic joint defense,Yes
SYNLCPRV024-0000661,SYNLCPRV024-0000661,Synthetic Person 018,blind001@example.test,copy014@example.test,2025-10-26 09:30:00 -08:00,2025-10-26 09:31:00 -08:00,sender011@example.test,Synthetic title 00165,Synthetic subject 00165,recipient037@example.test,synthetic_document_00165.pdf,No,Synthetic attorney-client,
SYNLCPRV024-0000665,SYNLCPRV024-0000666,Synthetic Person 019,blind002@example.test,copy015@example.test,2025-11-27 09:30:00 -08:00,2025-11-27 09:31:00 -08:00,sender012@example.test,Synthetic title 00166,Synthetic subject 00166,recipient038@example.test,synthetic_document_00166.pdf,Yes,Synthetic work product,
SYNLCPRV024-0000669,SYNLCPRV024-0000671,Synthetic Person 020,blind003@example.test,copy016@example.test,2025-12-28 09:30:00 -08:00,2025-12-28 09:31:00 -08:00,sender013@example.test,Synthetic title 00167,Synthetic subject 00167,recipient039@example.test,synthetic_document_00167.pdf,No,Synthetic joint defense,
SYNLCPRV024-0000673,SYNLCPRV024-0000673,Synthetic Person 021,blind004@example.test,copy017@example.test,2025-01-01 09:30:00 -08:00,2025-01-01 09:31:00 -08:00,sender014@example.test,Synthetic title 00168,Synthetic subject 00168,recipient040@example.test,synthetic_document_00168.pdf,Yes,Synthetic attorney-client,Yes
SYNLCPRV024-0000677,SYNLCPRV024-0000678,Synthetic Person 022,blind005@example.test,copy018@example.test,2025-02-02 09:30:00 -08:00,2025-02-02 09:31:00 -08:00,sender015@example.test,Synthetic title 00169,Synthetic subject 00169,recipient041@example.test,synthetic_document_00169.pdf,No,Synthetic work product,
SYNLCPRV024-0000681,SYNLCPRV024-0000683,Synthetic Person 023,blind006@example.test,copy019@example.test,2025-03-03 09:30:00 -08:00,2025-03-03 09:31:00 -08:00,sender016@example.test,Synthetic title 00170,Synthetic subject 00170,recipient042@example.test,synthetic_document_00170.pdf,Yes,Synthetic joint defense,
SYNLCPRV024-0000685,SYNLCPRV024-0000685,Synthetic Person 024,blind007@example.test,copy001@example.test,2025-04-04 09:30:00 -08:00,2025-04-04 09:31:00 -08:00,sender017@example.test,Synthetic title 00171,Synthetic subject 00171,recipient043@example.test,synthetic_document_00171.pdf,No,Synthetic attorney-client,
SYNLCPRV024-0000689,SYNLCPRV024-0000690,Synthetic Person 025,blind008@example.test,copy002@example.test,2025-05-05 09:30:00 -08:00,2025-05-05 09:31:00 -08:00,sender018@example.test,Synthetic title 00172,Synthetic subject 00172,recipient001@example.test,synthetic_document_00172.pdf,Yes,Synthetic work product,Yes
SYNLCPRV024-0000693,SYNLCPRV024-0000695,Synthetic Person 026,blind009@example.test,copy003@example.test,2025-06-06 09:30:00 -08:00,2025-06-06 09:31:00 -08:00,sender019@example.test,Synthetic title 00173,Synthetic subject 00173,recipient002@example.test,synthetic_document_00173.pdf,No,Synthetic joint defense,
SYNLCPRV024-0000697,SYNLCPRV024-0000697,Synthetic Person 027,blind010@example.test,copy004@example.test,2025-07-07 09:30:00 -08:00,2025-07-07 09:31:00 -08:00,sender020@example.test,Synthetic title 00174,Synthetic subject 00174,recipient003@example.test,synthetic_document_00174.pdf,Yes,Synthetic attorney-client,
SYNLCPRV024-0000701,SYNLCPRV024-0000702,Synthetic Person 028,blind011@example.test,copy005@example.test,2025-08-08 09:30:00 -08:00,2025-08-08 09:31:00 -08:00,sender021@example.test,Synthetic title 00175,Synthetic subject 00175,recipient004@example.test,synthetic_document_00175.pdf,No,Synthetic work product,
SYNLCPRV024-0000705,SYNLCPRV024-0000707,Synthetic Person 029,blind001@example.test,copy006@example.test,2025-09-09 09:30:00 -08:00,2025-09-09 09:31:00 -08:00,sender022@example.test,Synthetic title 00176,Synthetic subject 00176,recipient005@example.test,synthetic_document_00176.pdf,Yes,Synthetic joint defense,Yes
SYNLCPRV024-0000709,SYNLCPRV024-0000709,Synthetic Person 030,blind002@example.test,copy007@example.test,2025-10-10 09:30:00 -08:00,2025-10-10 09:31:00 -08:00,sender023@example.test,Synthetic title 00177,Synthetic subject 00177,recipient006@example.test,synthetic_document_00177.pdf,No,Synthetic attorney-client,
SYNLCPRV024-0000713,SYNLCPRV024-0000714,Synthetic Person 031,blind003@example.test,copy008@example.test,2025-11-11 09:30:00 -08:00,2025-11-11 09:31:00 -08:00,sender024@example.test,Synthetic title 00178,Synthetic subject 00178,recipient007@example.test,synthetic_document_00178.pdf,Yes,Synthetic work product,
SYNLCPRV024-0000717,SYNLCPRV024-0000719,Synthetic Person 032,blind004@example.test,copy009@example.test,2025-12-12 09:30:00 -08:00,2025-12-12 09:31:00 -08:00,sender025@example.test,Synthetic title 00179,Synthetic subject 00179,recipient008@example.test,synthetic_document_00179.pdf,No,Synthetic joint defense,
SYNLCPRV024-0000721,SYNLCPRV024-0000721,Synthetic Person 033,blind005@example.test,copy010@example.test,2025-01-13 09:30:00 -08:00,2025-01-13 09:31:00 -08:00,sender026@example.test,Synthetic title 00180,Synthetic subject 00180,recipient009@example.test,synthetic_document_00180.pdf,Yes,Synthetic attorney-client,Yes
SYNLCPRV024-0000725,SYNLCPRV024-0000726,Synthetic Person 034,blind006@example.test,copy011@example.test,2025-02-14 09:30:00 -08:00,2025-02-14 09:31:00 -08:00,sender027@example.test,Synthetic title 00181,Synthetic subject 00181,recipient010@example.test,synthetic_document_00181.pdf,No,Synthetic work product,
SYNLCPRV024-0000729,SYNLCPRV024-0000731,Synthetic Person 035,blind007@example.test,copy012@example.test,2025-03-15 09:30:00 -08:00,2025-03-15 09:31:00 -08:00,sender028@example.test,Synthetic title 00182,Synthetic subject 00182,recipient011@example.test,synthetic_document_00182.pdf,Yes,Synthetic joint defense,
SYNLCPRV024-0000733,SYNLCPRV024-0000733,Synthetic Person 036,blind008@example.test,copy013@example.test,2025-04-16 09:30:00 -08:00,2025-04-16 09:31:00 -08:00,sender029@example.test,Synthetic title 00183,Synthetic subject 00183,recipient012@example.test,synthetic_document_00183.pdf,No,Synthetic attorney-client,
SYNLCPRV024-0000737,SYNLCPRV024-0000738,Synthetic Person 037,blind009@example.test,copy014@example.test,2025-05-17 09:30:00 -08:00,2025-05-17 09:31:00 -08:00,sender030@example.test,Synthetic title 00184,Synthetic subject 00184,recipient013@example.test,synthetic_document_00184.pdf,Yes,Synthetic work product,Yes
SYNLCPRV024-0000741,SYNLCPRV024-0000743,Synthetic Person 001,blind010@example.test,copy015@example.test,2025-06-18 09:30:00 -08:00,2025-06-18 09:31:00 -08:00,sender031@example.test,Synthetic title 00185,Synthetic subject 00185,recipient014@example.test,synthetic_document_00185.pdf,No,Synthetic joint defense,
SYNLCPRV024-0000745,SYNLCPRV024-0000745,Synthetic Person 002,blind011@example.test,copy016@example.test,2025-07-19 09:30:00 -08:00,2025-07-19 09:31:00 -08:00,sender001@example.test,Synthetic title 00186,Synthetic subject 00186,recipient015@example.test,synthetic_document_00186.pdf,Yes,Synthetic attorney-client,
SYNLCPRV024-0000749,SYNLCPRV024-0000750,Synthetic Person 003,blind001@example.test,copy017@example.test,2025-08-20 09:30:00 -08:00,2025-08-20 09:31:00 -08:00,sender002@example.test,Synthetic title 00187,Synthetic subject 00187,recipient016@example.test,synthetic_document_00187.pdf,No,Synthetic work product,
SYNLCPRV024-0000753,SYNLCPRV024-0000755,Synthetic Person 004,blind002@example.test,copy018@example.test,2025-09-21 09:30:00 -08:00,2025-09-21 09:31:00 -08:00,sender003@example.test,Synthetic title 00188,Synthetic subject 00188,recipient017@example.test,synthetic_document_00188.pdf,Yes,Synthetic joint defense,Yes
SYNLCPRV024-0000757,SYNLCPRV024-0000757,Synthetic Person 005,blind003@example.test,copy019@example.test,2025-10-22 09:30:00 -08:00,2025-10-22 09:31:00 -08:00,sender004@example.test,Synthetic title 00189,Synthetic subject 00189,recipient018@example.test,synthetic_document_00189.pdf,No,Synthetic attorney-client,
SYNLCPRV024-0000761,SYNLCPRV024-0000762,Synthetic Person 006,blind004@example.test,copy001@example.test,2025-11-23 09:30:00 -08:00,2025-11-23 09:31:00 -08:00,sender005@example.test,Synthetic title 00190,Synthetic subject 00190,recipient019@example.test,synthetic_document_00190.pdf,Yes,Synthetic work product,
SYNLCPRV024-0000765,SYNLCPRV024-0000767,Synthetic Person 007,blind005@example.test,copy002@example.test,2025-12-24 09:30:00 -08:00,2025-12-24 09:31:00 -08:00,sender006@example.test,Synthetic title 00191,Synthetic subject 00191,recipient020@example.test,synthetic_document_00191.pdf,No,Synthetic joint defense,
SYNLCPRV024-0000769,SYNLCPRV024-0000769,Synthetic Person 008,blind006@example.test,copy003@example.test,2025-01-25 09:30:00 -08:00,2025-01-25 09:31:00 -08:00,sender007@example.test,Synthetic title 00192,Synthetic subject 00192,recipient021@example.test,synthetic_document_00192.pdf,Yes,Synthetic attorney-client,Yes
SYNLCPRV024-0000773,SYNLCPRV024-0000774,Synthetic Person 009,blind007@example.test,copy004@example.test,2025-02-26 09:30:00 -08:00,2025-02-26 09:31:00 -08:00,sender008@example.test,Synthetic title 00193,Synthetic subject 00193,recipient022@example.test,synthetic_document_00193.pdf,No,Synthetic work product,
SYNLCPRV024-0000777,SYNLCPRV024-0000779,Synthetic Person 010,blind008@example.test,copy005@example.test,2025-03-27 09:30:00 -08:00,2025-03-27 09:31:00 -08:00,sender009@example.test,Synthetic title 00194,Synthetic subject 00194,recipient023@example.test,synthetic_document_00194.pdf,Yes,Synthetic joint defense,
SYNLCPRV024-0000781,SYNLCPRV024-0000781,Synthetic Person 011,blind009@example.test,copy006@example.test,2025-04-28 09:30:00 -08:00,2025-04-28 09:31:00 -08:00,sender010@example.test,Synthetic title 00195,Synthetic subject 00195,recipient024@example.test,synthetic_document_00195.pdf,No,Synthetic attorney-client,
SYNLCPRV024-0000785,SYNLCPRV024-0000786,Synthetic Person 012,blind010@example.test,copy007@example.test,2025-05-01 09:30:00 -08:00,2025-05-01 09:31:00 -08:00,sender011@example.test,Synthetic title 00196,Synthetic subject 00196,recipient025@example.test,synthetic_document_00196.pdf,Yes,Synthetic work product,Yes
SYNLCPRV024-0000789,SYNLCPRV024-0000791,Synthetic Person 013,blind011@example.test,copy008@example.test,2025-06-02 09:30:00 -08:00,2025-06-02 09:31:00 -08:00,sender012@example.test,Synthetic title 00197,Synthetic subject 00197,recipient026@example.test,synthetic_document_00197.pdf,No,Synthetic joint defense,
SYNLCPRV024-0000793,SYNLCPRV024-0000793,Synthetic Person 014,blind001@example.test,copy009@example.test,2025-07-03 09:30:00 -08:00,2025-07-03 09:31:00 -08:00,sender013@example.test,Synthetic title 00198,Synthetic subject 00198,recipient027@example.test,synthetic_document_00198.pdf,Yes,Synthetic attorney-client,
SYNLCPRV024-0000797,SYNLCPRV024-0000798,Synthetic Person 015,blind002@example.test,copy010@example.test,2025-08-04 09:30:00 -08:00,2025-08-04 09:31:00 -08:00,sender014@example.test,Synthetic title 00199,Synthetic subject 00199,recipient028@example.test,synthetic_document_00199.pdf,No,Synthetic work product,
SYNLCPRV024-0000801,SYNLCPRV024-0000803,Synthetic Person 016,blind003@example.test,copy011@example.test,2025-09-05 09:30:00 -08:00,2025-09-05 09:31:00 -08:00,sender015@example.test,Synthetic title 00200,Synthetic subject 00200,recipient029@example.test,synthetic_document_00200.pdf,Yes,Synthetic joint defense,Yes
SYNLCPRV024-0000805,SYNLCPRV024-0000805,Synthetic Person 017,blind004@example.test,copy012@example.test,2025-10-06 09:30:00 -08:00,2025-10-06 09:31:00 -08:00,sender016@example.test,Synthetic title 00201,Synthetic subject 00201,recipient030@example.test,synthetic_document_00201.pdf,No,Synthetic attorney-client,
SYNLCPRV024-0000809,SYNLCPRV024-0000810,Synthetic Person 018,blind005@example.test,copy013@example.test,2025-11-07 09:30:00 -08:00,2025-11-07 09:31:00 -08:00,sender017@example.test,Synthetic title 00202,Synthetic subject 00202,recipient031@example.test,synthetic_document_00202.pdf,Yes,Synthetic work product,
SYNLCPRV024-0000813,SYNLCPRV024-0000815,Synthetic Person 019,blind006@example.test,copy014@example.test,2025-12-08 09:30:00 -08:00,2025-12-08 09:31:00 -08:00,sender018@example.test,Synthetic title 00203,Synthetic subject 00203,recipient032@example.test,synthetic_document_00203.pdf,No,Synthetic joint defense,
SYNLCPRV024-0000817,SYNLCPRV024-0000817,Synthetic Person 020,blind007@example.test,copy015@example.test,2025-01-09 09:30:00 -08:00,2025-01-09 09:31:00 -08:00,sender019@example.test,Synthetic title 00204,Synthetic subject 00204,recipient033@example.test,synthetic_document_00204.pdf,Yes,Synthetic attorney-client,Yes
SYNLCPRV024-0000821,SYNLCPRV024-0000822,Synthetic Person 021,blind008@example.test,copy016@example.test,2025-02-10 09:30:00 -08:00,2025-02-10 09:31:00 -08:00,sender020@example.test,Synthetic title 00205,Synthetic subject 00205,recipient034@example.test,synthetic_document_00205.pdf,No,Synthetic work product,
SYNLCPRV024-0000825,SYNLCPRV024-0000827,Synthetic Person 022,blind009@example.test,copy017@example.test,2025-03-11 09:30:00 -08:00,2025-03-11 09:31:00 -08:00,sender021@example.test,Synthetic title 00206,Synthetic subject 00206,recipient035@example.test,synthetic_document_00206.pdf,Yes,Synthetic joint defense,
SYNLCPRV024-0000829,SYNLCPRV024-0000829,Synthetic Person 023,blind010@example.test,copy018@example.test,2025-04-12 09:30:00 -08:00,2025-04-12 09:31:00 -08:00,sender022@example.test,Synthetic title 00207,Synthetic subject 00207,recipient036@example.test,synthetic_document_00207.pdf,No,Synthetic attorney-client,
SYNLCPRV024-0000833,SYNLCPRV024-0000834,Synthetic Person 024,blind011@example.test,copy019@example.test,2025-05-13 09:30:00 -08:00,2025-05-13 09:31:00 -08:00,sender023@example.test,Synthetic title 00208,Synthetic subject 00208,recipient037@example.test,synthetic_document_00208.pdf,Yes,Synthetic work product,Yes
SYNLCPRV024-0000837,SYNLCPRV024-0000839,Synthetic Person 025,blind001@example.test,copy001@example.test,2025-06-14 09:30:00 -08:00,2025-06-14 09:31:00 -08:00,sender024@example.test,Synthetic title 00209,Synthetic subject 00209,recipient038@example.test,synthetic_document_00209.pdf,No,Synthetic joint defense,
SYNLCPRV024-0000841,SYNLCPRV024-0000841,Synthetic Person 026,blind002@example.test,copy002@example.test,2025-07-15 09:30:00 -08:00,2025-07-15 09:31:00 -08:00,sender025@example.test,Synthetic title 00210,Synthetic subject 00210,recipient039@example.test,synthetic_document_00210.pdf,Yes,Synthetic attorney-client,
SYNLCPRV024-0000845,SYNLCPRV024-0000846,Synthetic Person 027,blind003@example.test,copy003@example.test,2025-08-16 09:30:00 -08:00,2025-08-16 09:31:00 -08:00,sender026@example.test,Synthetic title 00211,Synthetic subject 00211,recipient040@example.test,synthetic_document_00211.pdf,No,Synthetic work product,
SYNLCPRV024-0000849,SYNLCPRV024-0000851,Synthetic Person 028,blind004@example.test,copy004@example.test,2025-09-17 09:30:00 -08:00,2025-09-17 09:31:00 -08:00,sender027@example.test,Synthetic title 00212,Synthetic subject 00212,recipient041@example.test,synthetic_document_00212.pdf,Yes,Synthetic joint defense,Yes
SYNLCPRV024-0000853,SYNLCPRV024-0000853,Synthetic Person 029,blind005@example.test,copy005@example.test,2025-10-18 09:30:00 -08:00,2025-10-18 09:31:00 -08:00,sender028@example.test,Synthetic title 00213,Synthetic subject 00213,recipient042@example.test,synthetic_document_00213.pdf,No,Synthetic attorney-client,
SYNLCPRV024-0000857,SYNLCPRV024-0000858,Synthetic Person 030,blind006@example.test,copy006@example.test,2025-11-19 09:30:00 -08:00,2025-11-19 09:31:00 -08:00,sender029@example.test,Synthetic title 00214,Synthetic subject 00214,recipient043@example.test,synthetic_document_00214.pdf,Yes,Synthetic work product,
SYNLCPRV024-0000861,SYNLCPRV024-0000863,Synthetic Person 031,blind007@example.test,copy007@example.test,2025-12-20 09:30:00 -08:00,2025-12-20 09:31:00 -08:00,sender030@example.test,Synthetic title 00215,Synthetic subject 00215,recipient001@example.test,synthetic_document_00215.pdf,No,Synthetic joint defense,
SYNLCPRV024-0000865,SYNLCPRV024-0000865,Synthetic Person 032,blind008@example.test,copy008@example.test,2025-01-21 09:30:00 -08:00,2025-01-21 09:31:00 -08:00,sender031@example.test,Synthetic title 00216,Synthetic subject 00216,recipient002@example.test,synthetic_document_00216.pdf,Yes,Synthetic attorney-client,Yes
SYNLCPRV024-0000869,SYNLCPRV024-0000870,Synthetic Person 033,blind009@example.test,copy009@example.test,2025-02-22 09:30:00 -08:00,2025-02-22 09:31:00 -08:00,sender001@example.test,Synthetic title 00217,Synthetic subject 00217,recipient003@example.test,synthetic_document_00217.pdf,No,Synthetic work product,
SYNLCPRV024-0000873,SYNLCPRV024-0000875,Synthetic Person 034,blind010@example.test,copy010@example.test,2025-03-23 09:30:00 -08:00,2025-03-23 09:31:00 -08:00,sender002@example.test,Synthetic title 00218,Synthetic subject 00218,recipient004@example.test,synthetic_document_00218.pdf,Yes,Synthetic joint defense,
SYNLCPRV024-0000877,SYNLCPRV024-0000877,Synthetic Person 035,blind011@example.test,copy011@example.test,2025-04-24 09:30:00 -08:00,2025-04-24 09:31:00 -08:00,sender003@example.test,Synthetic title 00219,Synthetic subject 00219,recipient005@example.test,synthetic_document_00219.pdf,No,Synthetic attorney-client,
SYNLCPRV024-0000881,SYNLCPRV024-0000882,Synthetic Person 036,blind001@example.test,copy012@example.test,2025-05-25 09:30:00 -08:00,2025-05-25 09:31:00 -08:00,sender004@example.test,Synthetic title 00220,Synthetic subject 00220,recipient006@example.test,synthetic_document_00220.pdf,Yes,Synthetic work product,Yes
SYNLCPRV024-0000885,SYNLCPRV024-0000887,Synthetic Person 037,blind002@example.test,copy013@example.test,2025-06-26 09:30:00 -08:00,2025-06-26 09:31:00 -08:00,sender005@example.test,Synthetic title 00221,Synthetic subject 00221,recipient007@example.test,synthetic_document_00221.pdf,No,Synthetic joint defense,
SYNLCPRV024-0000889,SYNLCPRV024-0000889,Synthetic Person 001,blind003@example.test,copy014@example.test,2025-07-27 09:30:00 -08:00,2025-07-27 09:31:00 -08:00,sender006@example.test,Synthetic title 00222,Synthetic subject 00222,recipient008@example.test,synthetic_document_00222.pdf,Yes,Synthetic attorney-client,
SYNLCPRV024-0000893,SYNLCPRV024-0000894,Synthetic Person 002,blind004@example.test,copy015@example.test,2025-08-28 09:30:00 -08:00,2025-08-28 09:31:00 -08:00,sender007@example.test,Synthetic title 00223,Synthetic subject 00223,recipient009@example.test,synthetic_document_00223.pdf,No,Synthetic work product,
SYNLCPRV024-0000897,SYNLCPRV024-0000899,Synthetic Person 003,blind005@example.test,copy016@example.test,2025-09-01 09:30:00 -08:00,2025-09-01 09:31:00 -08:00,sender008@example.test,Synthetic title 00224,Synthetic subject 00224,recipient010@example.test,synthetic_document_00224.pdf,Yes,Synthetic joint defense,Yes
SYNLCPRV024-0000901,SYNLCPRV024-0000901,Synthetic Person 004,blind006@example.test,copy017@example.test,2025-10-02 09:30:00 -08:00,2025-10-02 09:31:00 -08:00,sender009@example.test,Synthetic title 00225,Synthetic subject 00225,recipient011@example.test,synthetic_document_00225.pdf,No,Synthetic attorney-client,
SYNLCPRV024-0000905,SYNLCPRV024-0000906,Synthetic Person 005,blind007@example.test,copy018@example.test,2025-11-03 09:30:00 -08:00,2025-11-03 09:31:00 -08:00,sender010@example.test,Synthetic title 00226,Synthetic subject 00226,recipient012@example.test,synthetic_document_00226.pdf,Yes,Synthetic work product,
SYNLCPRV024-0000909,SYNLCPRV024-0000911,Synthetic Person 006,blind008@example.test,copy019@example.test,2025-12-04 09:30:00 -08:00,2025-12-04 09:31:00 -08:00,sender011@example.test,Synthetic title 00227,Synthetic subject 00227,recipient013@example.test,synthetic_document_00227.pdf,No,Synthetic joint defense,
SYNLCPRV024-0000913,SYNLCPRV024-0000913,Synthetic Person 007,blind009@example.test,copy001@example.test,2025-01-05 09:30:00 -08:00,2025-01-05 09:31:00 -08:00,sender012@example.test,Synthetic title 00228,Synthetic subject 00228,recipient014@example.test,synthetic_document_00228.pdf,Yes,Synthetic attorney-client,Yes
SYNLCPRV024-0000917,SYNLCPRV024-0000918,Synthetic Person 008,blind010@example.test,copy002@example.test,2025-02-06 09:30:00 -08:00,2025-02-06 09:31:00 -08:00,sender013@example.test,Synthetic title 00229,Synthetic subject 00229,recipient015@example.test,synthetic_document_00229.pdf,No,Synthetic work product,
SYNLCPRV024-0000921,SYNLCPRV024-0000923,Synthetic Person 009,blind011@example.test,copy003@example.test,2025-03-07 09:30:00 -08:00,2025-03-07 09:31:00 -08:00,sender014@example.test,Synthetic title 00230,Synthetic subject 00230,recipient016@example.test,synthetic_document_00230.pdf,Yes,Synthetic joint defense,
SYNLCPRV024-0000925,SYNLCPRV024-0000925,Synthetic Person 010,blind001@example.test,copy004@example.test,2025-04-08 09:30:00 -08:00,2025-04-08 09:31:00 -08:00,sender015@example.test,Synthetic title 00231,Synthetic subject 00231,recipient017@example.test,synthetic_document_00231.pdf,No,Synthetic attorney-client,
SYNLCPRV024-0000929,SYNLCPRV024-0000930,Synthetic Person 011,blind002@example.test,copy005@example.test,2025-05-09 09:30:00 -08:00,2025-05-09 09:31:00 -08:00,sender016@example.test,Synthetic title 00232,Synthetic subject 00232,recipient018@example.test,synthetic_document_00232.pdf,Yes,Synthetic work product,Yes
SYNLCPRV024-0000933,SYNLCPRV024-0000935,Synthetic Person 012,blind003@example.test,copy006@example.test,2025-06-10 09:30:00 -08:00,2025-06-10 09:31:00 -08:00,sender017@example.test,Synthetic title 00233,Synthetic subject 00233,recipient019@example.test,synthetic_document_00233.pdf,No,Synthetic joint defense,
SYNLCPRV024-0000937,SYNLCPRV024-0000937,Synthetic Person 013,blind004@example.test,copy007@example.test,2025-07-11 09:30:00 -08:00,2025-07-11 09:31:00 -08:00,sender018@example.test,Synthetic title 00234,Synthetic subject 00234,recipient020@example.test,synthetic_document_00234.pdf,Yes,Synthetic attorney-client,
SYNLCPRV024-0000941,SYNLCPRV024-0000942,Synthetic Person 014,blind005@example.test,copy008@example.test,2025-08-12 09:30:00 -08:00,2025-08-12 09:31:00 -08:00,sender019@example.test,Synthetic title 00235,Synthetic subject 00235,recipient021@example.test,synthetic_document_00235.pdf,No,Synthetic work product,
SYNLCPRV024-0000945,SYNLCPRV024-0000947,Synthetic Person 015,blind006@example.test,copy009@example.test,2025-09-13 09:30:00 -08:00,2025-09-13 09:31:00 -08:00,sender020@example.test,Synthetic title 00236,Synthetic subject 00236,recipient022@example.test,synthetic_document_00236.pdf,Yes,Synthetic joint defense,Yes
SYNLCPRV024-0000949,SYNLCPRV024-0000949,Synthetic Person 016,blind007@example.test,copy010@example.test,2025-10-14 09:30:00 -08:00,2025-10-14 09:31:00 -08:00,sender021@example.test,Synthetic title 00237,Synthetic subject 00237,recipient023@example.test,synthetic_document_00237.pdf,No,Synthetic attorney-client,
SYNLCPRV024-0000953,SYNLCPRV024-0000954,Synthetic Person 017,blind008@example.test,copy011@example.test,2025-11-15 09:30:00 -08:00,2025-11-15 09:31:00 -08:00,sender022@example.test,Synthetic title 00238,Synthetic subject 00238,recipient024@example.test,synthetic_document_00238.pdf,Yes,Synthetic work product,
SYNLCPRV024-0000957,SYNLCPRV024-0000959,Synthetic Person 018,blind009@example.test,copy012@example.test,2025-12-16 09:30:00 -08:00,2025-12-16 09:31:00 -08:00,sender023@example.test,Synthetic title 00239,Synthetic subject 00239,recipient025@example.test,synthetic_document_00239.pdf,No,Synthetic joint defense,
SYNLCPRV024-0000961,SYNLCPRV024-0000961,Synthetic Person 019,blind010@example.test,copy013@example.test,2025-01-17 09:30:00 -08:00,2025-01-17 09:31:00 -08:00,sender024@example.test,Synthetic title 00240,Synthetic subject 00240,recipient026@example.test,synthetic_document_00240.pdf,Yes,Synthetic attorney-client,Yes
SYNLCPRV024-0000965,SYNLCPRV024-0000966,Synthetic Person 020,blind011@example.test,copy014@example.test,2025-02-18 09:30:00 -08:00,2025-02-18 09:31:00 -08:00,sender025@example.test,Synthetic title 00241,Synthetic subject 00241,recipient027@example.test,synthetic_document_00241.pdf,No,Synthetic work product,
SYNLCPRV024-0000969,SYNLCPRV024-0000971,Synthetic Person 021,blind001@example.test,copy015@example.test,2025-03-19 09:30:00 -08:00,2025-03-19 09:31:00 -08:00,sender026@example.test,Synthetic title 00242,Synthetic subject 00242,recipient028@example.test,synthetic_document_00242.pdf,Yes,Synthetic joint defense,
SYNLCPRV024-0000973,SYNLCPRV024-0000973,Synthetic Person 022,blind002@example.test,copy016@example.test,2025-04-20 09:30:00 -08:00,2025-04-20 09:31:00 -08:00,sender027@example.test,Synthetic title 00243,Synthetic subject 00243,recipient029@example.test,synthetic_document_00243.pdf,No,Synthetic attorney-client,
SYNLCPRV024-0000977,SYNLCPRV024-0000978,Synthetic Person 023,blind003@example.test,copy017@example.test,2025-05-21 09:30:00 -08:00,2025-05-21 09:31:00 -08:00,sender028@example.test,Synthetic title 00244,Synthetic subject 00244,recipient030@example.test,synthetic_document_00244.pdf,Yes,Synthetic work product,Yes
SYNLCPRV024-0000981,SYNLCPRV024-0000983,Synthetic Person 024,blind004@example.test,copy018@example.test,2025-06-22 09:30:00 -08:00,2025-06-22 09:31:00 -08:00,sender029@example.test,Synthetic title 00245,Synthetic subject 00245,recipient031@example.test,synthetic_document_00245.pdf,No,Synthetic joint defense,
SYNLCPRV024-0000985,SYNLCPRV024-0000985,Synthetic Person 025,blind005@example.test,copy019@example.test,2025-07-23 09:30:00 -08:00,2025-07-23 09:31:00 -08:00,sender030@example.test,Synthetic title 00246,Synthetic subject 00246,recipient032@example.test,synthetic_document_00246.pdf,Yes,Synthetic attorney-client,
SYNLCPRV024-0000989,SYNLCPRV024-0000990,Synthetic Person 026,blind006@example.test,copy001@example.test,2025-08-24 09:30:00 -08:00,2025-08-24 09:31:00 -08:00,sender031@example.test,Synthetic title 00247,Synthetic subject 00247,recipient033@example.test,synthetic_document_00247.pdf,No,Synthetic work product,
SYNLCPRV024-0000993,SYNLCPRV024-0000995,Synthetic Person 027,blind007@example.test,copy002@example.test,2025-09-25 09:30:00 -08:00,2025-09-25 09:31:00 -08:00,sender001@example.test,Synthetic title 00248,Synthetic subject 00248,recipient034@example.test,synthetic_document_00248.pdf,Yes,Synthetic joint defense,Yes
SYNLCPRV024-0000997,SYNLCPRV024-0000997,Synthetic Person 028,blind008@example.test,copy003@example.test,2025-10-26 09:30:00 -08:00,2025-10-26 09:31:00 -08:00,sender002@example.test,Synthetic title 00249,Synthetic subject 00249,recipient035@example.test,synthetic_document_00249.pdf,No,Synthetic attorney-client,
SYNLCPRV024-0001001,SYNLCPRV024-0001002,Synthetic Person 029,blind009@example.test,copy004@example.test,2025-11-27 09:30:00 -08:00,2025-11-27 09:31:00 -08:00,sender003@example.test,Synthetic title 00250,Synthetic subject 00250,recipient036@example.test,synthetic_document_00250.pdf,Yes,Synthetic work product,
SYNLCPRV024-0001005,SYNLCPRV024-0001007,Synthetic Person 030,blind010@example.test,copy005@example.test,2025-12-28 09:30:00 -08:00,2025-12-28 09:31:00 -08:00,sender004@example.test,Synthetic title 00251,Synthetic subject 00251,recipient037@example.test,synthetic_document_00251.pdf,No,Synthetic joint defense,
SYNLCPRV024-0001009,SYNLCPRV024-0001009,Synthetic Person 031,blind011@example.test,copy006@example.test,2025-01-01 09:30:00 -08:00,2025-01-01 09:31:00 -08:00,sender005@example.test,Synthetic title 00252,Synthetic subject 00252,recipient038@example.test,synthetic_document_00252.pdf,Yes,Synthetic attorney-client,Yes
SYNLCPRV024-0001013,SYNLCPRV024-0001014,Synthetic Person 032,blind001@example.test,copy007@example.test,2025-02-02 09:30:00 -08:00,2025-02-02 09:31:00 -08:00,sender006@example.test,Synthetic title 00253,Synthetic subject 00253,recipient039@example.test,synthetic_document_00253.pdf,No,Synthetic work product,
SYNLCPRV024-0001017,SYNLCPRV024-0001019,Synthetic Person 033,blind002@example.test,copy008@example.test,2025-03-03 09:30:00 -08:00,2025-03-03 09:31:00 -08:00,sender007@example.test,Synthetic title 00254,Synthetic subject 00254,recipient040@example.test,synthetic_document_00254.pdf,Yes,Synthetic joint defense,
SYNLCPRV024-0001021,SYNLCPRV024-0001021,Synthetic Person 034,blind003@example.test,copy009@example.test,2025-04-04 09:30:00 -08:00,2025-04-04 09:31:00 -08:00,sender008@example.test,Synthetic title 00255,Synthetic subject 00255,recipient041@example.test,synthetic_document_00255.pdf,No,Synthetic attorney-client,
SYNLCPRV024-0001025,SYNLCPRV024-0001026,Synthetic Person 035,blind004@example.test,copy010@example.test,2025-05-05 09:30:00 -08:00,2025-05-05 09:31:00 -08:00,sender009@example.test,Synthetic title 00256,Synthetic subject 00256,recipient042@example.test,synthetic_document_00256.pdf,Yes,Synthetic work product,Yes
SYNLCPRV024-0001029,SYNLCPRV024-0001031,Synthetic Person 036,blind005@example.test,copy011@example.test,2025-06-06 09:30:00 -08:00,2025-06-06 09:31:00 -08:00,sender010@example.test,Synthetic title 00257,Synthetic subject 00257,recipient043@example.test,synthetic_document_00257.pdf,No,Synthetic joint defense,
SYNLCPRV024-0001033,SYNLCPRV024-0001033,Synthetic Person 037,blind006@example.test,copy012@example.test,2025-07-07 09:30:00 -08:00,2025-07-07 09:31:00 -08:00,sender011@example.test,Synthetic title 00258,Synthetic subject 00258,recipient001@example.test,synthetic_document_00258.pdf,Yes,Synthetic attorney-client,
SYNLCPRV024-0001037,SYNLCPRV024-0001038,Synthetic Person 001,blind007@example.test,copy013@example.test,2025-08-08 09:30:00 -08:00,2025-08-08 09:31:00 -08:00,sender012@example.test,Synthetic title 00259,Synthetic subject 00259,recipient002@example.test,synthetic_document_00259.pdf,No,Synthetic work product,
SYNLCPRV024-0001041,SYNLCPRV024-0001043,Synthetic Person 002,blind008@example.test,copy014@example.test,2025-09-09 09:30:00 -08:00,2025-09-09 09:31:00 -08:00,sender013@example.test,Synthetic title 00260,Synthetic subject 00260,recipient003@example.test,synthetic_document_00260.pdf,Yes,Synthetic joint defense,Yes
SYNLCPRV024-0001045,SYNLCPRV024-0001045,Synthetic Person 003,blind009@example.test,copy015@example.test,2025-10-10 09:30:00 -08:00,2025-10-10 09:31:00 -08:00,sender014@example.test,Synthetic title 00261,Synthetic subject 00261,recipient004@example.test,synthetic_document_00261.pdf,No,Synthetic attorney-client,
SYNLCPRV024-0001049,SYNLCPRV024-0001050,Synthetic Person 004,blind010@example.test,copy016@example.test,2025-11-11 09:30:00 -08:00,2025-11-11 09:31:00 -08:00,sender015@example.test,Synthetic title 00262,Synthetic subject 00262,recipient005@example.test,synthetic_document_00262.pdf,Yes,Synthetic work product,
SYNLCPRV024-0001053,SYNLCPRV024-0001055,Synthetic Person 005,blind011@example.test,copy017@example.test,2025-12-12 09:30:00 -08:00,2025-12-12 09:31:00 -08:00,sender016@example.test,Synthetic title 00263,Synthetic subject 00263,recipient006@example.test,synthetic_document_00263.pdf,No,Synthetic joint defense,
SYNLCPRV024-0001057,SYNLCPRV024-0001057,Synthetic Person 006,blind001@example.test,copy018@example.test,2025-01-13 09:30:00 -08:00,2025-01-13 09:31:00 -08:00,sender017@example.test,Synthetic title 00264,Synthetic subject 00264,recipient007@example.test,synthetic_document_00264.pdf,Yes,Synthetic attorney-client,Yes
SYNLCPRV024-0001061,SYNLCPRV024-0001062,Synthetic Person 007,blind002@example.test,copy019@example.test,2025-02-14 09:30:00 -08:00,2025-02-14 09:31:00 -08:00,sender018@example.test,Synthetic title 00265,Synthetic subject 00265,recipient008@example.test,synthetic_document_00265.pdf,No,Synthetic work product,
SYNLCPRV024-0001065,SYNLCPRV024-0001067,Synthetic Person 008,blind003@example.test,copy001@example.test,2025-03-15 09:30:00 -08:00,2025-03-15 09:31:00 -08:00,sender019@example.test,Synthetic title 00266,Synthetic subject 00266,recipient009@example.test,synthetic_document_00266.pdf,Yes,Synthetic joint defense,
SYNLCPRV024-0001069,SYNLCPRV024-0001069,Synthetic Person 009,blind004@example.test,copy002@example.test,2025-04-16 09:30:00 -08:00,2025-04-16 09:31:00 -08:00,sender020@example.test,Synthetic title 00267,Synthetic subject 00267,recipient010@example.test,synthetic_document_00267.pdf,No,Synthetic attorney-client,
SYNLCPRV024-0001073,SYNLCPRV024-0001074,Synthetic Person 010,blind005@example.test,copy003@example.test,2025-05-17 09:30:00 -08:00,2025-05-17 09:31:00 -08:00,sender021@example.test,Synthetic title 00268,Synthetic subject 00268,recipient011@example.test,synthetic_document_00268.pdf,Yes,Synthetic work product,Yes
SYNLCPRV024-0001077,SYNLCPRV024-0001079,Synthetic Person 011,blind006@example.test,copy004@example.test,2025-06-18 09:30:00 -08:00,2025-06-18 09:31:00 -08:00,sender022@example.test,Synthetic title 00269,Synthetic subject 00269,recipient012@example.test,synthetic_document_00269.pdf,No,Synthetic joint defense,
SYNLCPRV024-0001081,SYNLCPRV024-0001081,Synthetic Person 012,blind007@example.test,copy005@example.test,2025-07-19 09:30:00 -08:00,2025-07-19 09:31:00 -08:00,sender023@example.test,Synthetic title 00270,Synthetic subject 00270,recipient013@example.test,synthetic_document_00270.pdf,Yes,Synthetic attorney-client,
SYNLCPRV024-0001085,SYNLCPRV024-0001086,Synthetic Person 013,blind008@example.test,copy006@example.test,2025-08-20 09:30:00 -08:00,2025-08-20 09:31:00 -08:00,sender024@example.test,Synthetic title 00271,Synthetic subject 00271,recipient014@example.test,synthetic_document_00271.pdf,No,Synthetic work product,
SYNLCPRV024-0001089,SYNLCPRV024-0001091,Synthetic Person 014,blind009@example.test,copy007@example.test,2025-09-21 09:30:00 -08:00,2025-09-21 09:31:00 -08:00,sender025@example.test,Synthetic title 00272,Synthetic subject 00272,recipient015@example.test,synthetic_document_00272.pdf,Yes,Synthetic joint defense,Yes
SYNLCPRV024-0001093,SYNLCPRV024-0001093,Synthetic Person 015,blind010@example.test,copy008@example.test,2025-10-22 09:30:00 -08:00,2025-10-22 09:31:00 -08:00,sender026@example.test,Synthetic title 00273,Synthetic subject 00273,recipient016@example.test,synthetic_document_00273.pdf,No,Synthetic attorney-client,
SYNLCPRV024-0001097,SYNLCPRV024-0001098,Synthetic Person 016,blind011@example.test,copy009@example.test,2025-11-23 09:30:00 -08:00,2025-11-23 09:31:00 -08:00,sender027@example.test,Synthetic title 00274,Synthetic subject 00274,recipient017@example.test,synthetic_document_00274.pdf,Yes,Synthetic work product,
SYNLCPRV024-0001101,SYNLCPRV024-0001103,Synthetic Person 017,blind001@example.test,copy010@example.test,2025-12-24 09:30:00 -08:00,2025-12-24 09:31:00 -08:00,sender028@example.test,Synthetic title 00275,Synthetic subject 00275,recipient018@example.test,synthetic_document_00275.pdf,No,Synthetic joint defense,
SYNLCPRV024-0001105,SYNLCPRV024-0001105,Synthetic Person 018,blind002@example.test,copy011@example.test,2025-01-25 09:30:00 -08:00,2025-01-25 09:31:00 -08:00,sender029@example.test,Synthetic title 00276,Synthetic subject 00276,recipient019@example.test,synthetic_document_00276.pdf,Yes,Synthetic attorney-client,Yes
SYNLCPRV024-0001109,SYNLCPRV024-0001110,Synthetic Person 019,blind003@example.test,copy012@example.test,2025-02-26 09:30:00 -08:00,2025-02-26 09:31:00 -08:00,sender030@example.test,Synthetic title 00277,Synthetic subject 00277,recipient020@example.test,synthetic_document_00277.pdf,No,Synthetic work product,
SYNLCPRV024-0001113,SYNLCPRV024-0001115,Synthetic Person 020,blind004@example.test,copy013@example.test,2025-03-27 09:30:00 -08:00,2025-03-27 09:31:00 -08:00,sender031@example.test,Synthetic title 00278,Synthetic subject 00278,recipient021@example.test,synthetic_document_00278.pdf,Yes,Synthetic joint defense,
SYNLCPRV024-0001117,SYNLCPRV024-0001117,Synthetic Person 021,blind005@example.test,copy014@example.test,2025-04-28 09:30:00 -08:00,2025-04-28 09:31:00 -08:00,sender001@example.test,Synthetic title 00279,Synthetic subject 00279,recipient022@example.test,synthetic_document_00279.pdf,No,Synthetic attorney-client,
SYNLCPRV024-0001121,SYNLCPRV024-0001122,Synthetic Person 022,blind006@example.test,copy015@example.test,2025-05-01 09:30:00 -08:00,2025-05-01 09:31:00 -08:00,sender002@example.test,Synthetic title 00280,Synthetic subject 00280,recipient023@example.test,synthetic_document_00280.pdf,Yes,Synthetic work product,Yes
SYNLCPRV024-0001125,SYNLCPRV024-0001127,Synthetic Person 023,blind007@example.test,copy016@example.test,2025-06-02 09:30:00 -08:00,2025-06-02 09:31:00 -08:00,sender003@example.test,Synthetic title 00281,Synthetic subject 00281,recipient024@example.test,synthetic_document_00281.pdf,No,Synthetic joint defense,
SYNLCPRV024-0001129,SYNLCPRV024-0001129,Synthetic Person 024,blind008@example.test,copy017@example.test,2025-07-03 09:30:00 -08:00,2025-07-03 09:31:00 -08:00,sender004@example.test,Synthetic title 00282,Synthetic subject 00282,recipient025@example.test,synthetic_document_00282.pdf,Yes,Synthetic attorney-client,
SYNLCPRV024-0001133,SYNLCPRV024-0001134,Synthetic Person 025,blind009@example.test,copy018@example.test,2025-08-04 09:30:00 -08:00,2025-08-04 09:31:00 -08:00,sender005@example.test,Synthetic title 00283,Synthetic subject 00283,recipient026@example.test,synthetic_document_00283.pdf,No,Synthetic work product,
SYNLCPRV024-0001137,SYNLCPRV024-0001139,Synthetic Person 026,blind010@example.test,copy019@example.test,2025-09-05 09:30:00 -08:00,2025-09-05 09:31:00 -08:00,sender006@example.test,Synthetic title 00284,Synthetic subject 00284,recipient027@example.test,synthetic_document_00284.pdf,Yes,Synthetic joint defense,Yes
SYNLCPRV024-0001141,SYNLCPRV024-0001141,Synthetic Person 027,blind011@example.test,copy001@example.test,2025-10-06 09:30:00 -08:00,2025-10-06 09:31:00 -08:00,sender007@example.test,Synthetic title 00285,Synthetic subject 00285,recipient028@example.test,synthetic_document_00285.pdf,No,Synthetic attorney-client,
SYNLCPRV024-0001145,SYNLCPRV024-0001146,Synthetic Person 028,blind001@example.test,copy002@example.test,2025-11-07 09:30:00 -08:00,2025-11-07 09:31:00 -08:00,sender008@example.test,Synthetic title 00286,Synthetic subject 00286,recipient029@example.test,synthetic_document_00286.pdf,Yes,Synthetic work product,
SYNLCPRV024-0001149,SYNLCPRV024-0001151,Synthetic Person 029,blind002@example.test,copy003@example.test,2025-12-08 09:30:00 -08:00,2025-12-08 09:31:00 -08:00,sender009@example.test,Synthetic title 00287,Synthetic subject 00287,recipient030@example.test,synthetic_document_00287.pdf,No,Synthetic joint defense,
SYNLCPRV024-0001153,SYNLCPRV024-0001153,Synthetic Person 030,blind003@example.test,copy004@example.test,2025-01-09 09:30:00 -08:00,2025-01-09 09:31:00 -08:00,sender010@example.test,Synthetic title 00288,Synthetic subject 00288,recipient031@example.test,synthetic_document_00288.pdf,Yes,Synthetic attorney-client,Yes
SYNLCPRV024-0001157,SYNLCPRV024-0001158,Synthetic Person 031,blind004@example.test,copy005@example.test,2025-02-10 09:30:00 -08:00,2025-02-10 09:31:00 -08:00,sender011@example.test,Synthetic title 00289,Synthetic subject 00289,recipient032@example.test,synthetic_document_00289.pdf,No,Synthetic work product,
SYNLCPRV024-0001161,SYNLCPRV024-0001163,Synthetic Person 032,blind005@example.test,copy006@example.test,2025-03-11 09:30:00 -08:00,2025-03-11 09:31:00 -08:00,sender012@example.test,Synthetic title 00290,Synthetic subject 00290,recipient033@example.test,synthetic_document_00290.pdf,Yes,Synthetic joint defense,
SYNLCPRV024-0001165,SYNLCPRV024-0001165,Synthetic Person 033,blind006@example.test,copy007@example.test,2025-04-12 09:30:00 -08:00,2025-04-12 09:31:00 -08:00,sender013@example.test,Synthetic title 00291,Synthetic subject 00291,recipient034@example.test,synthetic_document_00291.pdf,No,Synthetic attorney-client,
SYNLCPRV024-0001169,SYNLCPRV024-0001170,Synthetic Person 034,blind007@example.test,copy008@example.test,2025-05-13 09:30:00 -08:00,2025-05-13 09:31:00 -08:00,sender014@example.test,Synthetic title 00292,Synthetic subject 00292,recipient035@example.test,synthetic_document_00292.pdf,Yes,Synthetic work product,Yes
SYNLCPRV024-0001173,SYNLCPRV024-0001175,Synthetic Person 035,blind008@example.test,copy009@example.test,2025-06-14 09:30:00 -08:00,2025-06-14 09:31:00 -08:00,sender015@example.test,Synthetic title 00293,Synthetic subject 00293,recipient036@example.test,synthetic_document_00293.pdf,No,Synthetic joint defense,
SYNLCPRV024-0001177,SYNLCPRV024-0001177,Synthetic Person 036,blind009@example.test,copy010@example.test,2025-07-15 09:30:00 -08:00,2025-07-15 09:31:00 -08:00,sender016@example.test,Synthetic title 00294,Synthetic subject 00294,recipient037@example.test,synthetic_document_00294.pdf,Yes,Synthetic attorney-client,
SYNLCPRV024-0001181,SYNLCPRV024-0001182,Synthetic Person 037,blind010@example.test,copy011@example.test,2025-08-16 09:30:00 -08:00,2025-08-16 09:31:00 -08:00,sender017@example.test,Synthetic title 00295,Synthetic subject 00295,recipient038@example.test,synthetic_document_00295.pdf,No,Synthetic work product,
SYNLCPRV024-0001185,SYNLCPRV024-0001187,Synthetic Person 001,blind011@example.test,copy012@example.test,2025-09-17 09:30:00 -08:00,2025-09-17 09:31:00 -08:00,sender018@example.test,Synthetic title 00296,Synthetic subject 00296,recipient039@example.test,synthetic_document_00296.pdf,Yes,Synthetic joint defense,Yes
SYNLCPRV024-0001189,SYNLCPRV024-0001189,Synthetic Person 002,blind001@example.test,copy013@example.test,2025-10-18 09:30:00 -08:00,2025-10-18 09:31:00 -08:00,sender019@example.test,Synthetic title 00297,Synthetic subject 00297,recipient040@example.test,synthetic_document_00297.pdf,No,Synthetic attorney-client,
SYNLCPRV024-0001193,SYNLCPRV024-0001194,Synthetic Person 003,blind002@example.test,copy014@example.test,2025-11-19 09:30:00 -08:00,2025-11-19 09:31:00 -08:00,sender020@example.test,Synthetic title 00298,Synthetic subject 00298,recipient041@example.test,synthetic_document_00298.pdf,Yes,Synthetic work product,
SYNLCPRV024-0001197,SYNLCPRV024-0001199,Synthetic Person 004,blind003@example.test,copy015@example.test,2025-12-20 09:30:00 -08:00,2025-12-20 09:31:00 -08:00,sender021@example.test,Synthetic title 00299,Synthetic subject 00299,recipient042@example.test,synthetic_document_00299.pdf,No,Synthetic joint defense,
SYNLCPRV024-0001201,SYNLCPRV024-0001201,Synthetic Person 005,blind004@example.test,copy016@example.test,2025-01-21 09:30:00 -08:00,2025-01-21 09:31:00 -08:00,sender022@example.test,Synthetic title 00300,Synthetic subject 00300,recipient043@example.test,synthetic_document_00300.pdf,Yes,Synthetic attorney-client,Yes
SYNLCPRV024-0001205,SYNLCPRV024-0001206,Synthetic Person 006,blind005@example.test,copy017@example.test,2025-02-22 09:30:00 -08:00,2025-02-22 09:31:00 -08:00,sender023@example.test,Synthetic title 00301,Synthetic subject 00301,recipient001@example.test,synthetic_document_00301.pdf,No,Synthetic work product,
SYNLCPRV024-0001209,SYNLCPRV024-0001211,Synthetic Person 007,blind006@example.test,copy018@example.test,2025-03-23 09:30:00 -08:00,2025-03-23 09:31:00 -08:00,sender024@example.test,Synthetic title 00302,Synthetic subject 00302,recipient002@example.test,synthetic_document_00302.pdf,Yes,Synthetic joint defense,
SYNLCPRV024-0001213,SYNLCPRV024-0001213,Synthetic Person 008,blind007@example.test,copy019@example.test,2025-04-24 09:30:00 -08:00,2025-04-24 09:31:00 -08:00,sender025@example.test,Synthetic title 00303,Synthetic subject 00303,recipient003@example.test,synthetic_document_00303.pdf,No,Synthetic attorney-client,
SYNLCPRV024-0001217,SYNLCPRV024-0001218,Synthetic Person 009,blind008@example.test,copy001@example.test,2025-05-25 09:30:00 -08:00,2025-05-25 09:31:00 -08:00,sender026@example.test,Synthetic title 00304,Synthetic subject 00304,recipient004@example.test,synthetic_document_00304.pdf,Yes,Synthetic work product,Yes
SYNLCPRV024-0001221,SYNLCPRV024-0001223,Synthetic Person 010,blind009@example.test,copy002@example.test,2025-06-26 09:30:00 -08:00,2025-06-26 09:31:00 -08:00,sender027@example.test,Synthetic title 00305,Synthetic subject 00305,recipient005@example.test,synthetic_document_00305.pdf,No,Synthetic joint defense,
SYNLCPRV024-0001225,SYNLCPRV024-0001225,Synthetic Person 011,blind010@example.test,copy003@example.test,2025-07-27 09:30:00 -08:00,2025-07-27 09:31:00 -08:00,sender028@example.test,Synthetic title 00306,Synthetic subject 00306,recipient006@example.test,synthetic_document_00306.pdf,Yes,Synthetic attorney-client,
SYNLCPRV024-0001229,SYNLCPRV024-0001230,Synthetic Person 012,blind011@example.test,copy004@example.test,2025-08-28 09:30:00 -08:00,2025-08-28 09:31:00 -08:00,sender029@example.test,Synthetic title 00307,Synthetic subject 00307,recipient007@example.test,synthetic_document_00307.pdf,No,Synthetic work product,
SYNLCPRV024-0001233,SYNLCPRV024-0001235,Synthetic Person 013,blind001@example.test,copy005@example.test,2025-09-01 09:30:00 -08:00,2025-09-01 09:31:00 -08:00,sender030@example.test,Synthetic title 00308,Synthetic subject 00308,recipient008@example.test,synthetic_document_00308.pdf,Yes,Synthetic joint defense,Yes
SYNLCPRV024-0001237,SYNLCPRV024-0001237,Synthetic Person 014,blind002@example.test,copy006@example.test,2025-10-02 09:30:00 -08:00,2025-10-02 09:31:00 -08:00,sender031@example.test,Synthetic title 00309,Synthetic subject 00309,recipient009@example.test,synthetic_document_00309.pdf,No,Synthetic attorney-client,
SYNLCPRV024-0001241,SYNLCPRV024-0001242,Synthetic Person 015,blind003@example.test,copy007@example.test,2025-11-03 09:30:00 -08:00,2025-11-03 09:31:00 -08:00,sender001@example.test,Synthetic title 00310,Synthetic subject 00310,recipient010@example.test,synthetic_document_00310.pdf,Yes,Synthetic work product,
SYNLCPRV024-0001245,SYNLCPRV024-0001247,Synthetic Person 016,blind004@example.test,copy008@example.test,2025-12-04 09:30:00 -08:00,2025-12-04 09:31:00 -08:00,sender002@example.test,Synthetic title 00311,Synthetic subject 00311,recipient011@example.test,synthetic_document_00311.pdf,No,Synthetic joint defense,
SYNLCPRV024-0001249,SYNLCPRV024-0001249,Synthetic Person 017,blind005@example.test,copy009@example.test,2025-01-05 09:30:00 -08:00,2025-01-05 09:31:00 -08:00,sender003@example.test,Synthetic title 00312,Synthetic subject 00312,recipient012@example.test,synthetic_document_00312.pdf,Yes,Synthetic attorney-client,Yes
SYNLCPRV024-0001253,SYNLCPRV024-0001254,Synthetic Person 018,blind006@example.test,copy010@example.test,2025-02-06 09:30:00 -08:00,2025-02-06 09:31:00 -08:00,sender004@example.test,Synthetic title 00313,Synthetic subject 00313,recipient013@example.test,synthetic_document_00313.pdf,No,Synthetic work product,
SYNLCPRV024-0001257,SYNLCPRV024-0001259,Synthetic Person 019,blind007@example.test,copy011@example.test,2025-03-07 09:30:00 -08:00,2025-03-07 09:31:00 -08:00,sender005@example.test,Synthetic title 00314,Synthetic subject 00314,recipient014@example.test,synthetic_document_00314.pdf,Yes,Synthetic joint defense,
SYNLCPRV024-0001261,SYNLCPRV024-0001261,Synthetic Person 020,blind008@example.test,copy012@example.test,2025-04-08 09:30:00 -08:00,2025-04-08 09:31:00 -08:00,sender006@example.test,Synthetic title 00315,Synthetic subject 00315,recipient015@example.test,synthetic_document_00315.pdf,No,Synthetic attorney-client,
SYNLCPRV024-0001265,SYNLCPRV024-0001266,Synthetic Person 021,blind009@example.test,copy013@example.test,2025-05-09 09:30:00 -08:00,2025-05-09 09:31:00 -08:00,sender007@example.test,Synthetic title 00316,Synthetic subject 00316,recipient016@example.test,synthetic_document_00316.pdf,Yes,Synthetic work product,Yes
SYNLCPRV024-0001269,SYNLCPRV024-0001271,Synthetic Person 022,blind010@example.test,copy014@example.test,2025-06-10 09:30:00 -08:00,2025-06-10 09:31:00 -08:00,sender008@example.test,Synthetic title 00317,Synthetic subject 00317,recipient017@example.test,synthetic_document_00317.pdf,No,Synthetic joint defense,
SYNLCPRV024-0001273,SYNLCPRV024-0001273,Synthetic Person 023,blind011@example.test,copy015@example.test,2025-07-11 09:30:00 -08:00,2025-07-11 09:31:00 -08:00,sender009@example.test,Synthetic title 00318,Synthetic subject 00318,recipient018@example.test,synthetic_document_00318.pdf,Yes,Synthetic attorney-client,
SYNLCPRV024-0001277,SYNLCPRV024-0001278,Synthetic Person 024,blind001@example.test,copy016@example.test,2025-08-12 09:30:00 -08:00,2025-08-12 09:31:00 -08:00,sender010@example.test,Synthetic title 00319,Synthetic subject 00319,recipient019@example.test,synthetic_document_00319.pdf,No,Synthetic work product,
SYNLCPRV024-0001281,SYNLCPRV024-0001283,Synthetic Person 025,blind002@example.test,copy017@example.test,2025-09-13 09:30:00 -08:00,2025-09-13 09:31:00 -08:00,sender011@example.test,Synthetic title 00320,Synthetic subject 00320,recipient020@example.test,synthetic_document_00320.pdf,Yes,Synthetic joint defense,Yes
SYNLCPRV024-0001285,SYNLCPRV024-0001285,Synthetic Person 026,blind003@example.test,copy018@example.test,2025-10-14 09:30:00 -08:00,2025-10-14 09:31:00 -08:00,sender012@example.test,Synthetic title 00321,Synthetic subject 00321,recipient021@example.test,synthetic_document_00321.pdf,No,Synthetic attorney-client,
SYNLCPRV024-0001289,SYNLCPRV024-0001290,Synthetic Person 027,blind004@example.test,copy019@example.test,2025-11-15 09:30:00 -08:00,2025-11-15 09:31:00 -08:00,sender013@example.test,Synthetic title 00322,Synthetic subject 00322,recipient022@example.test,synthetic_document_00322.pdf,Yes,Synthetic work product,
SYNLCPRV024-0001293,SYNLCPRV024-0001295,Synthetic Person 028,blind005@example.test,copy001@example.test,2025-12-16 09:30:00 -08:00,2025-12-16 09:31:00 -08:00,sender014@example.test,Synthetic title 00323,Synthetic subject 00323,recipient023@example.test,synthetic_document_00323.pdf,No,Synthetic joint defense,
SYNLCPRV024-0001297,SYNLCPRV024-0001297,Synthetic Person 029,blind006@example.test,copy002@example.test,2025-01-17 09:30:00 -08:00,2025-01-17 09:31:00 -08:00,sender015@example.test,Synthetic title 00324,Synthetic subject 00324,recipient024@example.test,synthetic_document_00324.pdf,Yes,Synthetic attorney-client,Yes
SYNLCPRV024-0001301,SYNLCPRV024-0001302,Synthetic Person 030,blind007@example.test,copy003@example.test,2025-02-18 09:30:00 -08:00,2025-02-18 09:31:00 -08:00,sender016@example.test,Synthetic title 00325,Synthetic subject 00325,recipient025@example.test,synthetic_document_00325.pdf,No,Synthetic work product,
SYNLCPRV024-0001305,SYNLCPRV024-0001307,Synthetic Person 031,blind008@example.test,copy004@example.test,2025-03-19 09:30:00 -08:00,2025-03-19 09:31:00 -08:00,sender017@example.test,Synthetic title 00326,Synthetic subject 00326,recipient026@example.test,synthetic_document_00326.pdf,Yes,Synthetic joint defense,
SYNLCPRV024-0001309,SYNLCPRV024-0001309,Synthetic Person 032,blind009@example.test,copy005@example.test,2025-04-20 09:30:00 -08:00,2025-04-20 09:31:00 -08:00,sender018@example.test,Synthetic title 00327,Synthetic subject 00327,recipient027@example.test,synthetic_document_00327.pdf,No,Synthetic attorney-client,
SYNLCPRV024-0001313,SYNLCPRV024-0001314,Synthetic Person 033,blind010@example.test,copy006@example.test,2025-05-21 09:30:00 -08:00,2025-05-21 09:31:00 -08:00,sender019@example.test,Synthetic title 00328,Synthetic subject 00328,recipient028@example.test,synthetic_document_00328.pdf,Yes,Synthetic work product,Yes
SYNLCPRV024-0001317,SYNLCPRV024-0001319,Synthetic Person 034,blind011@example.test,copy007@example.test,2025-06-22 09:30:00 -08:00,2025-06-22 09:31:00 -08:00,sender020@example.test,Synthetic title 00329,Synthetic subject 00329,recipient029@example.test,synthetic_document_00329.pdf,No,Synthetic joint defense,
SYNLCPRV024-0001321,SYNLCPRV024-0001321,Synthetic Person 035,blind001@example.test,copy008@example.test,2025-07-23 09:30:00 -08:00,2025-07-23 09:31:00 -08:00,sender021@example.test,Synthetic title 00330,Synthetic subject 00330,recipient030@example.test,synthetic_document_00330.pdf,Yes,Synthetic attorney-client,
SYNLCPRV024-0001325,SYNLCPRV024-0001326,Synthetic Person 036,blind002@example.test,copy009@example.test,2025-08-24 09:30:00 -08:00,2025-08-24 09:31:00 -08:00,sender022@example.test,Synthetic title 00331,Synthetic subject 00331,recipient031@example.test,synthetic_document_00331.pdf,No,Synthetic work product,
SYNLCPRV024-0001329,SYNLCPRV024-0001331,Synthetic Person 037,blind003@example.test,copy010@example.test,2025-09-25 09:30:00 -08:00,2025-09-25 09:31:00 -08:00,sender023@example.test,Synthetic title 00332,Synthetic subject 00332,recipient032@example.test,synthetic_document_00332.pdf,Yes,Synthetic joint defense,Yes
SYNLCPRV024-0001333,SYNLCPRV024-0001333,Synthetic Person 001,blind004@example.test,copy011@example.test,2025-10-26 09:30:00 -08:00,2025-10-26 09:31:00 -08:00,sender024@example.test,Synthetic title 00333,Synthetic subject 00333,recipient033@example.test,synthetic_document_00333.pdf,No,Synthetic attorney-client,
SYNLCPRV024-0001337,SYNLCPRV024-0001338,Synthetic Person 002,blind005@example.test,copy012@example.test,2025-11-27 09:30:00 -08:00,2025-11-27 09:31:00 -08:00,sender025@example.test,Synthetic title 00334,Synthetic subject 00334,recipient034@example.test,synthetic_document_00334.pdf,Yes,Synthetic work product,
SYNLCPRV024-0001341,SYNLCPRV024-0001343,Synthetic Person 003,blind006@example.test,copy013@example.test,2025-12-28 09:30:00 -08:00,2025-12-28 09:31:00 -08:00,sender026@example.test,Synthetic title 00335,Synthetic subject 00335,recipient035@example.test,synthetic_document_00335.pdf,No,Synthetic joint defense,
SYNLCPRV024-0001345,SYNLCPRV024-0001345,Synthetic Person 004,blind007@example.test,copy014@example.test,2025-01-01 09:30:00 -08:00,2025-01-01 09:31:00 -08:00,sender027@example.test,Synthetic title 00336,Synthetic subject 00336,recipient036@example.test,synthetic_document_00336.pdf,Yes,Synthetic attorney-client,Yes
SYNLCPRV024-0001349,SYNLCPRV024-0001350,Synthetic Person 005,blind008@example.test,copy015@example.test,2025-02-02 09:30:00 -08:00,2025-02-02 09:31:00 -08:00,sender028@example.test,Synthetic title 00337,Synthetic subject 00337,recipient037@example.test,synthetic_document_00337.pdf,No,Synthetic work product,
SYNLCPRV024-0001353,SYNLCPRV024-0001355,Synthetic Person 006,blind009@example.test,copy016@example.test,2025-03-03 09:30:00 -08:00,2025-03-03 09:31:00 -08:00,sender029@example.test,Synthetic title 00338,Synthetic subject 00338,recipient038@example.test,synthetic_document_00338.pdf,Yes,Synthetic joint defense,
SYNLCPRV024-0001357,SYNLCPRV024-0001357,Synthetic Person 007,blind010@example.test,copy017@example.test,2025-04-04 09:30:00 -08:00,2025-04-04 09:31:00 -08:00,sender030@example.test,Synthetic title 00339,Synthetic subject 00339,recipient039@example.test,synthetic_document_00339.pdf,No,Synthetic attorney-client,
SYNLCPRV024-0001361,SYNLCPRV024-0001362,Synthetic Person 008,blind011@example.test,copy018@example.test,2025-05-05 09:30:00 -08:00,2025-05-05 09:31:00 -08:00,sender031@example.test,Synthetic title 00340,Synthetic subject 00340,recipient040@example.test,synthetic_document_00340.pdf,Yes,Synthetic work product,Yes
SYNLCPRV024-0001365,SYNLCPRV024-0001367,Synthetic Person 009,blind001@example.test,copy019@example.test,2025-06-06 09:30:00 -08:00,2025-06-06 09:31:00 -08:00,sender001@example.test,Synthetic title 00341,Synthetic subject 00341,recipient041@example.test,synthetic_document_00341.pdf,No,Synthetic joint defense,
SYNLCPRV024-0001369,SYNLCPRV024-0001369,Synthetic Person 010,blind002@example.test,copy001@example.test,2025-07-07 09:30:00 -08:00,2025-07-07 09:31:00 -08:00,sender002@example.test,Synthetic title 00342,Synthetic subject 00342,recipient042@example.test,synthetic_document_00342.pdf,Yes,Synthetic attorney-client,
SYNLCPRV024-0001373,SYNLCPRV024-0001374,Synthetic Person 011,blind003@example.test,copy002@example.test,2025-08-08 09:30:00 -08:00,2025-08-08 09:31:00 -08:00,sender003@example.test,Synthetic title 00343,Synthetic subject 00343,recipient043@example.test,synthetic_document_00343.pdf,No,Synthetic work product,
SYNLCPRV024-0001377,SYNLCPRV024-0001379,Synthetic Person 012,blind004@example.test,copy003@example.test,2025-09-09 09:30:00 -08:00,2025-09-09 09:31:00 -08:00,sender004@example.test,Synthetic title 00344,Synthetic subject 00344,recipient001@example.test,synthetic_document_00344.pdf,Yes,Synthetic joint defense,Yes
SYNLCPRV024-0001381,SYNLCPRV024-0001381,Synthetic Person 013,blind005@example.test,copy004@example.test,2025-10-10 09:30:00 -08:00,2025-10-10 09:31:00 -08:00,sender005@example.test,Synthetic title 00345,Synthetic subject 00345,recipient002@example.test,synthetic_document_00345.pdf,No,Synthetic attorney-client,
SYNLCPRV024-0001385,SYNLCPRV024-0001386,Synthetic Person 014,blind006@example.test,copy005@example.test,2025-11-11 09:30:00 -08:00,2025-11-11 09:31:00 -08:00,sender006@example.test,Synthetic title 00346,Synthetic subject 00346,recipient003@example.test,synthetic_document_00346.pdf,Yes,Synthetic work product,
SYNLCPRV024-0001389,SYNLCPRV024-0001391,Synthetic Person 015,blind007@example.test,copy006@example.test,2025-12-12 09:30:00 -08:00,2025-12-12 09:31:00 -08:00,sender007@example.test,Synthetic title 00347,Synthetic subject 00347,recipient004@example.test,synthetic_document_00347.pdf,No,Synthetic joint defense,
SYNLCPRV024-0001393,SYNLCPRV024-0001393,Synthetic Person 016,blind008@example.test,copy007@example.test,2025-01-13 09:30:00 -08:00,2025-01-13 09:31:00 -08:00,sender008@example.test,Synthetic title 00348,Synthetic subject 00348,recipient005@example.test,synthetic_document_00348.pdf,Yes,Synthetic attorney-client,Yes
SYNLCPRV024-0001397,SYNLCPRV024-0001398,Synthetic Person 017,blind009@example.test,copy008@example.test,2025-02-14 09:30:00 -08:00,2025-02-14 09:31:00 -08:00,sender009@example.test,Synthetic title 00349,Synthetic subject 00349,recipient006@example.test,synthetic_document_00349.pdf,No,Synthetic work product,
SYNLCPRV024-0001401,SYNLCPRV024-0001403,Synthetic Person 018,blind010@example.test,copy009@example.test,2025-03-15 09:30:00 -08:00,2025-03-15 09:31:00 -08:00,sender010@example.test,Synthetic title 00350,Synthetic subject 00350,recipient007@example.test,synthetic_document_00350.pdf,Yes,Synthetic joint defense,
SYNLCPRV024-0001405,SYNLCPRV024-0001405,Synthetic Person 019,blind011@example.test,copy010@example.test,2025-04-16 09:30:00 -08:00,2025-04-16 09:31:00 -08:00,sender011@example.test,Synthetic title 00351,Synthetic subject 00351,recipient008@example.test,synthetic_document_00351.pdf,No,Synthetic attorney-client,
SYNLCPRV024-0001409,SYNLCPRV024-0001410,Synthetic Person 020,blind001@example.test,copy011@example.test,2025-05-17 09:30:00 -08:00,2025-05-17 09:31:00 -08:00,sender012@example.test,Synthetic title 00352,Synthetic subject 00352,recipient009@example.test,synthetic_document_00352.pdf,Yes,Synthetic work product,Yes
SYNLCPRV024-0001413,SYNLCPRV024-0001415,Synthetic Person 021,blind002@example.test,copy012@example.test,2025-06-18 09:30:00 -08:00,2025-06-18 09:31:00 -08:00,sender013@example.test,Synthetic title 00353,Synthetic subject 00353,recipient010@example.test,synthetic_document_00353.pdf,No,Synthetic joint defense,
SYNLCPRV024-0001417,SYNLCPRV024-0001417,Synthetic Person 022,blind003@example.test,copy013@example.test,2025-07-19 09:30:00 -08:00,2025-07-19 09:31:00 -08:00,sender014@example.test,Synthetic title 00354,Synthetic subject 00354,recipient011@example.test,synthetic_document_00354.pdf,Yes,Synthetic attorney-client,
SYNLCPRV024-0001421,SYNLCPRV024-0001422,Synthetic Person 023,blind004@example.test,copy014@example.test,2025-08-20 09:30:00 -08:00,2025-08-20 09:31:00 -08:00,sender015@example.test,Synthetic title 00355,Synthetic subject 00355,recipient012@example.test,synthetic_document_00355.pdf,No,Synthetic work product,
SYNLCPRV024-0001425,SYNLCPRV024-0001427,Synthetic Person 024,blind005@example.test,copy015@example.test,2025-09-21 09:30:00 -08:00,2025-09-21 09:31:00 -08:00,sender016@example.test,Synthetic title 00356,Synthetic subject 00356,recipient013@example.test,synthetic_document_00356.pdf,Yes,Synthetic joint defense,Yes
SYNLCPRV024-0001429,SYNLCPRV024-0001429,Synthetic Person 025,blind006@example.test,copy016@example.test,2025-10-22 09:30:00 -08:00,2025-10-22 09:31:00 -08:00,sender017@example.test,Synthetic title 00357,Synthetic subject 00357,recipient014@example.test,synthetic_document_00357.pdf,No,Synthetic attorney-client,
SYNLCPRV024-0001433,SYNLCPRV024-0001434,Synthetic Person 026,blind007@example.test,copy017@example.test,2025-11-23 09:30:00 -08:00,2025-11-23 09:31:00 -08:00,sender018@example.test,Synthetic title 00358,Synthetic subject 00358,recipient015@example.test,synthetic_document_00358.pdf,Yes,Synthetic work product,
SYNLCPRV024-0001437,SYNLCPRV024-0001439,Synthetic Person 027,blind008@example.test,copy018@example.test,2025-12-24 09:30:00 -08:00,2025-12-24 09:31:00 -08:00,sender019@example.test,Synthetic title 00359,Synthetic subject 00359,recipient016@example.test,synthetic_document_00359.pdf,No,Synthetic joint defense,
SYNLCPRV024-0001441,SYNLCPRV024-0001441,Synthetic Person 028,blind009@example.test,copy019@example.test,2025-01-25 09:30:00 -08:00,2025-01-25 09:31:00 -08:00,sender020@example.test,Synthetic title 00360,Synthetic subject 00360,recipient017@example.test,synthetic_document_00360.pdf,Yes,Synthetic attorney-client,Yes
SYNLCPRV024-0001445,SYNLCPRV024-0001446,Synthetic Person 029,blind010@example.test,copy001@example.test,2025-02-26 09:30:00 -08:00,2025-02-26 09:31:00 -08:00,sender021@example.test,Synthetic title 00361,Synthetic subject 00361,recipient018@example.test,synthetic_document_00361.pdf,No,Synthetic work product,
SYNLCPRV024-0001449,SYNLCPRV024-0001451,Synthetic Person 030,blind011@example.test,copy002@example.test,2025-03-27 09:30:00 -08:00,2025-03-27 09:31:00 -08:00,sender022@example.test,Synthetic title 00362,Synthetic subject 00362,recipient019@example.test,synthetic_document_00362.pdf,Yes,Synthetic joint defense,
SYNLCPRV024-0001453,SYNLCPRV024-0001453,Synthetic Person 031,blind001@example.test,copy003@example.test,2025-04-28 09:30:00 -08:00,2025-04-28 09:31:00 -08:00,sender023@example.test,Synthetic title 00363,Synthetic subject 00363,recipient020@example.test,synthetic_document_00363.pdf,No,Synthetic attorney-client,
SYNLCPRV024-0001457,SYNLCPRV024-0001458,Synthetic Person 032,blind002@example.test,copy004@example.test,2025-05-01 09:30:00 -08:00,2025-05-01 09:31:00 -08:00,sender024@example.test,Synthetic title 00364,Synthetic subject 00364,recipient021@example.test,synthetic_document_00364.pdf,Yes,Synthetic work product,Yes
SYNLCPRV024-0001461,SYNLCPRV024-0001463,Synthetic Person 033,blind003@example.test,copy005@example.test,2025-06-02 09:30:00 -08:00,2025-06-02 09:31:00 -08:00,sender025@example.test,Synthetic title 00365,Synthetic subject 00365,recipient022@example.test,synthetic_document_00365.pdf,No,Synthetic joint defense,
SYNLCPRV024-0001465,SYNLCPRV024-0001465,Synthetic Person 034,blind004@example.test,copy006@example.test,2025-07-03 09:30:00 -08:00,2025-07-03 09:31:00 -08:00,sender026@example.test,Synthetic title 00366,Synthetic subject 00366,recipient023@example.test,synthetic_document_00366.pdf,Yes,Synthetic attorney-client,
SYNLCPRV024-0001469,SYNLCPRV024-0001470,Synthetic Person 035,blind005@example.test,copy007@example.test,2025-08-04 09:30:00 -08:00,2025-08-04 09:31:00 -08:00,sender027@example.test,Synthetic title 00367,Synthetic subject 00367,recipient024@example.test,synthetic_document_00367.pdf,No,Synthetic work product,
SYNLCPRV024-0001473,SYNLCPRV024-0001475,Synthetic Person 036,blind006@example.test,copy008@example.test,2025-09-05 09:30:00 -08:00,2025-09-05 09:31:00 -08:00,sender028@example.test,Synthetic title 00368,Synthetic subject 00368,recipient025@example.test,synthetic_document_00368.pdf,Yes,Synthetic joint defense,Yes
SYNLCPRV024-0001477,SYNLCPRV024-0001477,Synthetic Person 037,blind007@example.test,copy009@example.test,2025-10-06 09:30:00 -08:00,2025-10-06 09:31:00 -08:00,sender029@example.test,Synthetic title 00369,Synthetic subject 00369,recipient026@example.test,synthetic_document_00369.pdf,No,Synthetic attorney-client,
SYNLCPRV024-0001481,SYNLCPRV024-0001482,Synthetic Person 001,blind008@example.test,copy010@example.test,2025-11-07 09:30:00 -08:00,2025-11-07 09:31:00 -08:00,sender030@example.test,Synthetic title 00370,Synthetic subject 00370,recipient027@example.test,synthetic_document_00370.pdf,Yes,Synthetic work product,
SYNLCPRV024-0001485,SYNLCPRV024-0001487,Synthetic Person 002,blind009@example.test,copy011@example.test,2025-12-08 09:30:00 -08:00,2025-12-08 09:31:00 -08:00,sender031@example.test,Synthetic title 00371,Synthetic subject 00371,recipient028@example.test,synthetic_document_00371.pdf,No,Synthetic joint defense,
SYNLCPRV024-0001489,SYNLCPRV024-0001489,Synthetic Person 003,blind010@example.test,copy012@example.test,2025-01-09 09:30:00 -08:00,2025-01-09 09:31:00 -08:00,sender001@example.test,Synthetic title 00372,Synthetic subject 00372,recipient029@example.test,synthetic_document_00372.pdf,Yes,Synthetic attorney-client,Yes
SYNLCPRV024-0001493,SYNLCPRV024-0001494,Synthetic Person 004,blind011@example.test,copy013@example.test,2025-02-10 09:30:00 -08:00,2025-02-10 09:31:00 -08:00,sender002@example.test,Synthetic title 00373,Synthetic subject 00373,recipient030@example.test,synthetic_document_00373.pdf,No,Synthetic work product,
SYNLCPRV024-0001497,SYNLCPRV024-0001499,Synthetic Person 005,blind001@example.test,copy014@example.test,2025-03-11 09:30:00 -08:00,2025-03-11 09:31:00 -08:00,sender003@example.test,Synthetic title 00374,Synthetic subject 00374,recipient031@example.test,synthetic_document_00374.pdf,Yes,Synthetic joint defense,
SYNLCPRV024-0001501,SYNLCPRV024-0001501,Synthetic Person 006,blind002@example.test,copy015@example.test,2025-04-12 09:30:00 -08:00,2025-04-12 09:31:00 -08:00,sender004@example.test,Synthetic title 00375,Synthetic subject 00375,recipient032@example.test,synthetic_document_00375.pdf,No,Synthetic attorney-client,
SYNLCPRV024-0001505,SYNLCPRV024-0001506,Synthetic Person 007,blind003@example.test,copy016@example.test,2025-05-13 09:30:00 -08:00,2025-05-13 09:31:00 -08:00,sender005@example.test,Synthetic title 00376,Synthetic subject 00376,recipient033@example.test,synthetic_document_00376.pdf,Yes,Synthetic work product,Yes
SYNLCPRV024-0001509,SYNLCPRV024-0001511,Synthetic Person 008,blind004@example.test,copy017@example.test,2025-06-14 09:30:00 -08:00,2025-06-14 09:31:00 -08:00,sender006@example.test,Synthetic title 00377,Synthetic subject 00377,recipient034@example.test,synthetic_document_00377.pdf,No,Synthetic joint defense,
SYNLCPRV024-0001513,SYNLCPRV024-0001513,Synthetic Person 009,blind005@example.test,copy018@example.test,2025-07-15 09:30:00 -08:00,2025-07-15 09:31:00 -08:00,sender007@example.test,Synthetic title 00378,Synthetic subject 00378,recipient035@example.test,synthetic_document_00378.pdf,Yes,Synthetic attorney-client,
SYNLCPRV024-0001517,SYNLCPRV024-0001518,Synthetic Person 010,blind006@example.test,copy019@example.test,2025-08-16 09:30:00 -08:00,2025-08-16 09:31:00 -08:00,sender008@example.test,Synthetic title 00379,Synthetic subject 00379,recipient036@example.test,synthetic_document_00379.pdf,No,Synthetic work product,
SYNLCPRV024-0001521,SYNLCPRV024-0001523,Synthetic Person 011,blind007@example.test,copy001@example.test,2025-09-17 09:30:00 -08:00,2025-09-17 09:31:00 -08:00,sender009@example.test,Synthetic title 00380,Synthetic subject 00380,recipient037@example.test,synthetic_document_00380.pdf,Yes,Synthetic joint defense,Yes
SYNLCPRV024-0001525,SYNLCPRV024-0001525,Synthetic Person 012,blind008@example.test,copy002@example.test,2025-10-18 09:30:00 -08:00,2025-10-18 09:31:00 -08:00,sender010@example.test,Synthetic title 00381,Synthetic subject 00381,recipient038@example.test,synthetic_document_00381.pdf,No,Synthetic attorney-client,
SYNLCPRV024-0001529,SYNLCPRV024-0001530,Synthetic Person 013,blind009@example.test,copy003@example.test,2025-11-19 09:30:00 -08:00,2025-11-19 09:31:00 -08:00,sender011@example.test,Synthetic title 00382,Synthetic subject 00382,recipient039@example.test,synthetic_document_00382.pdf,Yes,Synthetic work product,
SYNLCPRV024-0001533,SYNLCPRV024-0001535,Synthetic Person 014,blind010@example.test,copy004@example.test,2025-12-20 09:30:00 -08:00,2025-12-20 09:31:00 -08:00,sender012@example.test,Synthetic title 00383,Synthetic subject 00383,recipient040@example.test,synthetic_document_00383.pdf,No,Synthetic joint defense,
SYNLCPRV024-0001537,SYNLCPRV024-0001537,Synthetic Person 015,blind011@example.test,copy005@example.test,2025-01-21 09:30:00 -08:00,2025-01-21 09:31:00 -08:00,sender013@example.test,Synthetic title 00384,Synthetic subject 00384,recipient041@example.test,synthetic_document_00384.pdf,Yes,Synthetic attorney-client,Yes
SYNLCPRV024-0001541,SYNLCPRV024-0001542,Synthetic Person 016,blind001@example.test,copy006@example.test,2025-02-22 09:30:00 -08:00,2025-02-22 09:31:00 -08:00,sender014@example.test,Synthetic title 00385,Synthetic subject 00385,recipient042@example.test,synthetic_document_00385.pdf,No,Synthetic work product,
SYNLCPRV024-0001545,SYNLCPRV024-0001547,Synthetic Person 017,blind002@example.test,copy007@example.test,2025-03-23 09:30:00 -08:00,2025-03-23 09:31:00 -08:00,sender015@example.test,Synthetic title 00386,Synthetic subject 00386,recipient043@example.test,synthetic_document_00386.pdf,Yes,Synthetic joint defense,
SYNLCPRV024-0001549,SYNLCPRV024-0001549,Synthetic Person 018,blind003@example.test,copy008@example.test,2025-04-24 09:30:00 -08:00,2025-04-24 09:31:00 -08:00,sender016@example.test,Synthetic title 00387,Synthetic subject 00387,recipient001@example.test,synthetic_document_00387.pdf,No,Synthetic attorney-client,
SYNLCPRV024-0001553,SYNLCPRV024-0001554,Synthetic Person 019,blind004@example.test,copy009@example.test,2025-05-25 09:30:00 -08:00,2025-05-25 09:31:00 -08:00,sender017@example.test,Synthetic title 00388,Synthetic subject 00388,recipient002@example.test,synthetic_document_00388.pdf,Yes,Synthetic work product,Yes
SYNLCPRV024-0001557,SYNLCPRV024-0001559,Synthetic Person 020,blind005@example.test,copy010@example.test,2025-06-26 09:30:00 -08:00,2025-06-26 09:31:00 -08:00,sender018@example.test,Synthetic title 00389,Synthetic subject 00389,recipient003@example.test,synthetic_document_00389.pdf,No,Synthetic joint defense,
SYNLCPRV024-0001561,SYNLCPRV024-0001561,Synthetic Person 021,blind006@example.test,copy011@example.test,2025-07-27 09:30:00 -08:00,2025-07-27 09:31:00 -08:00,sender019@example.test,Synthetic title 00390,Synthetic subject 00390,recipient004@example.test,synthetic_document_00390.pdf,Yes,Synthetic attorney-client,
SYNLCPRV024-0001565,SYNLCPRV024-0001566,Synthetic Person 022,blind007@example.test,copy012@example.test,2025-08-28 09:30:00 -08:00,2025-08-28 09:31:00 -08:00,sender020@example.test,Synthetic title 00391,Synthetic subject 00391,recipient005@example.test,synthetic_document_00391.pdf,No,Synthetic work product,
SYNLCPRV024-0001569,SYNLCPRV024-0001571,Synthetic Person 023,blind008@example.test,copy013@example.test,2025-09-01 09:30:00 -08:00,2025-09-01 09:31:00 -08:00,sender021@example.test,Synthetic title 00392,Synthetic subject 00392,recipient006@example.test,synthetic_document_00392.pdf,Yes,Synthetic joint defense,Yes
SYNLCPRV024-0001573,SYNLCPRV024-0001573,Synthetic Person 024,blind009@example.test,copy014@example.test,2025-10-02 09:30:00 -08:00,2025-10-02 09:31:00 -08:00,sender022@example.test,Synthetic title 00393,Synthetic subject 00393,recipient007@example.test,synthetic_document_00393.pdf,No,Synthetic attorney-client,
SYNLCPRV024-0001577,SYNLCPRV024-0001578,Synthetic Person 025,blind010@example.test,copy015@example.test,2025-11-03 09:30:00 -08:00,2025-11-03 09:31:00 -08:00,sender023@example.test,Synthetic title 00394,Synthetic subject 00394,recipient008@example.test,synthetic_document_00394.pdf,Yes,Synthetic work product,
SYNLCPRV024-0001581,SYNLCPRV024-0001583,Synthetic Person 026,blind011@example.test,copy016@example.test,2025-12-04 09:30:00 -08:00,2025-12-04 09:31:00 -08:00,sender024@example.test,Synthetic title 00395,Synthetic subject 00395,recipient009@example.test,synthetic_document_00395.pdf,No,Synthetic joint defense,
SYNLCPRV024-0001585,SYNLCPRV024-0001585,Synthetic Person 027,blind001@example.test,copy017@example.test,2025-01-05 09:30:00 -08:00,2025-01-05 09:31:00 -08:00,sender025@example.test,Synthetic title 00396,Synthetic subject 00396,recipient010@example.test,synthetic_document_00396.pdf,Yes,Synthetic attorney-client,Yes
SYNLCPRV024-0001589,SYNLCPRV024-0001590,Synthetic Person 028,blind002@example.test,copy018@example.test,2025-02-06 09:30:00 -08:00,2025-02-06 09:31:00 -08:00,sender026@example.test,Synthetic title 00397,Synthetic subject 00397,recipient011@example.test,synthetic_document_00397.pdf,No,Synthetic work product,
SYNLCPRV024-0001593,SYNLCPRV024-0001595,Synthetic Person 029,blind003@example.test,copy019@example.test,2025-03-07 09:30:00 -08:00,2025-03-07 09:31:00 -08:00,sender027@example.test,Synthetic title 00398,Synthetic subject 00398,recipient012@example.test,synthetic_document_00398.pdf,Yes,Synthetic joint defense,
SYNLCPRV024-0001597,SYNLCPRV024-0001597,Synthetic Person 030,blind004@example.test,copy001@example.test,2025-04-08 09:30:00 -08:00,2025-04-08 09:31:00 -08:00,sender028@example.test,Synthetic title 00399,Synthetic subject 00399,recipient013@example.test,synthetic_document_00399.pdf,No,Synthetic attorney-client,
SYNLCPRV024-0001601,SYNLCPRV024-0001602,Synthetic Person 031,blind005@example.test,copy002@example.test,2025-05-09 09:30:00 -08:00,2025-05-09 09:31:00 -08:00,sender029@example.test,Synthetic title 00400,Synthetic subject 00400,recipient014@example.test,synthetic_document_00400.pdf,Yes,Synthetic work product,Yes
SYNLCPRV024-0001605,SYNLCPRV024-0001607,Synthetic Person 032,blind006@example.test,copy003@example.test,2025-06-10 09:30:00 -08:00,2025-06-10 09:31:00 -08:00,sender030@example.test,Synthetic title 00401,Synthetic subject 00401,recipient015@example.test,synthetic_document_00401.pdf,No,Synthetic joint defense,
SYNLCPRV024-0001609,SYNLCPRV024-0001609,Synthetic Person 033,blind007@example.test,copy004@example.test,2025-07-11 09:30:00 -08:00,2025-07-11 09:31:00 -08:00,sender031@example.test,Synthetic title 00402,Synthetic subject 00402,recipient016@example.test,synthetic_document_00402.pdf,Yes,Synthetic attorney-client,
SYNLCPRV024-0001613,SYNLCPRV024-0001614,Synthetic Person 034,blind008@example.test,copy005@example.test,2025-08-12 09:30:00 -08:00,2025-08-12 09:31:00 -08:00,sender001@example.test,Synthetic title 00403,Synthetic subject 00403,recipient017@example.test,synthetic_document_00403.pdf,No,Synthetic work product,
SYNLCPRV024-0001617,SYNLCPRV024-0001619,Synthetic Person 035,blind009@example.test,copy006@example.test,2025-09-13 09:30:00 -08:00,2025-09-13 09:31:00 -08:00,sender002@example.test,Synthetic title 00404,Synthetic subject 00404,recipient018@example.test,synthetic_document_00404.pdf,Yes,Synthetic joint defense,Yes
SYNLCPRV024-0001621,SYNLCPRV024-0001621,Synthetic Person 036,blind010@example.test,copy007@example.test,2025-10-14 09:30:00 -08:00,2025-10-14 09:31:00 -08:00,sender003@example.test,Synthetic title 00405,Synthetic subject 00405,recipient019@example.test,synthetic_document_00405.pdf,No,Synthetic attorney-client,
SYNLCPRV024-0001625,SYNLCPRV024-0001626,Synthetic Person 037,blind011@example.test,copy008@example.test,2025-11-15 09:30:00 -08:00,2025-11-15 09:31:00 -08:00,sender004@example.test,Synthetic title 00406,Synthetic subject 00406,recipient020@example.test,synthetic_document_00406.pdf,Yes,Synthetic work product,
SYNLCPRV024-0001629,SYNLCPRV024-0001631,Synthetic Person 001,blind001@example.test,copy009@example.test,2025-12-16 09:30:00 -08:00,2025-12-16 09:31:00 -08:00,sender005@example.test,Synthetic title 00407,Synthetic subject 00407,recipient021@example.test,synthetic_document_00407.pdf,No,Synthetic joint defense,
SYNLCPRV024-0001633,SYNLCPRV024-0001633,Synthetic Person 002,blind002@example.test,copy010@example.test,2025-01-17 09:30:00 -08:00,2025-01-17 09:31:00 -08:00,sender006@example.test,Synthetic title 00408,Synthetic subject 00408,recipient022@example.test,synthetic_document_00408.pdf,Yes,Synthetic attorney-client,Yes
SYNLCPRV024-0001637,SYNLCPRV024-0001638,Synthetic Person 003,blind003@example.test,copy011@example.test,2025-02-18 09:30:00 -08:00,2025-02-18 09:31:00 -08:00,sender007@example.test,Synthetic title 00409,Synthetic subject 00409,recipient023@example.test,synthetic_document_00409.pdf,No,Synthetic work product,
SYNLCPRV024-0001641,SYNLCPRV024-0001643,Synthetic Person 004,blind004@example.test,copy012@example.test,2025-03-19 09:30:00 -08:00,2025-03-19 09:31:00 -08:00,sender008@example.test,Synthetic title 00410,Synthetic subject 00410,recipient024@example.test,synthetic_document_00410.pdf,Yes,Synthetic joint defense,
SYNLCPRV024-0001645,SYNLCPRV024-0001645,Synthetic Person 005,blind005@example.test,copy013@example.test,2025-04-20 09:30:00 -08:00,2025-04-20 09:31:00 -08:00,sender009@example.test,Synthetic title 00411,Synthetic subject 00411,recipient025@example.test,synthetic_document_00411.pdf,No,Synthetic attorney-client,
SYNLCPRV024-0001649,SYNLCPRV024-0001650,Synthetic Person 006,blind006@example.test,copy014@example.test,2025-05-21 09:30:00 -08:00,2025-05-21 09:31:00 -08:00,sender010@example.test,Synthetic title 00412,Synthetic subject 00412,recipient026@example.test,synthetic_document_00412.pdf,Yes,Synthetic work product,Yes
SYNLCPRV024-0001653,SYNLCPRV024-0001655,Synthetic Person 007,blind007@example.test,copy015@example.test,2025-06-22 09:30:00 -08:00,2025-06-22 09:31:00 -08:00,sender011@example.test,Synthetic title 00413,Synthetic subject 00413,recipient027@example.test,synthetic_document_00413.pdf,No,Synthetic joint defense,
SYNLCPRV024-0001657,SYNLCPRV024-0001657,Synthetic Person 008,blind008@example.test,copy016@example.test,2025-07-23 09:30:00 -08:00,2025-07-23 09:31:00 -08:00,sender012@example.test,Synthetic title 00414,Synthetic subject 00414,recipient028@example.test,synthetic_document_00414.pdf,Yes,Synthetic attorney-client,
SYNLCPRV024-0001661,SYNLCPRV024-0001662,Synthetic Person 009,blind009@example.test,copy017@example.test,2025-08-24 09:30:00 -08:00,2025-08-24 09:31:00 -08:00,sender013@example.test,Synthetic title 00415,Synthetic subject 00415,recipient029@example.test,synthetic_document_00415.pdf,No,Synthetic work product,
SYNLCPRV024-0001665,SYNLCPRV024-0001667,Synthetic Person 010,blind010@example.test,copy018@example.test,2025-09-25 09:30:00 -08:00,2025-09-25 09:31:00 -08:00,sender014@example.test,Synthetic title 00416,Synthetic subject 00416,recipient030@example.test,synthetic_document_00416.pdf,Yes,Synthetic joint defense,Yes
SYNLCPRV024-0001669,SYNLCPRV024-0001669,Synthetic Person 011,blind011@example.test,copy019@example.test,2025-10-26 09:30:00 -08:00,2025-10-26 09:31:00 -08:00,sender015@example.test,Synthetic title 00417,Synthetic subject 00417,recipient031@example.test,synthetic_document_00417.pdf,No,Synthetic attorney-client,
SYNLCPRV024-0001673,SYNLCPRV024-0001674,Synthetic Person 012,blind001@example.test,copy001@example.test,2025-11-27 09:30:00 -08:00,2025-11-27 09:31:00 -08:00,sender016@example.test,Synthetic title 00418,Synthetic subject 00418,recipient032@example.test,synthetic_document_00418.pdf,Yes,Synthetic work product,
SYNLCPRV024-0001677,SYNLCPRV024-0001679,Synthetic Person 013,blind002@example.test,copy002@example.test,2025-12-28 09:30:00 -08:00,2025-12-28 09:31:00 -08:00,sender017@example.test,Synthetic title 00419,Synthetic subject 00419,recipient033@example.test,synthetic_document_00419.pdf,No,Synthetic joint defense,
SYNLCPRV024-0001681,SYNLCPRV024-0001681,Synthetic Person 014,blind003@example.test,copy003@example.test,2025-01-01 09:30:00 -08:00,2025-01-01 09:31:00 -08:00,sender018@example.test,Synthetic title 00420,Synthetic subject 00420,recipient034@example.test,synthetic_document_00420.pdf,Yes,Synthetic attorney-client,Yes
SYNLCPRV024-0001685,SYNLCPRV024-0001686,Synthetic Person 015,blind004@example.test,copy004@example.test,2025-02-02 09:30:00 -08:00,2025-02-02 09:31:00 -08:00,sender019@example.test,Synthetic title 00421,Synthetic subject 00421,recipient035@example.test,synthetic_document_00421.pdf,No,Synthetic work product,
SYNLCPRV024-0001689,SYNLCPRV024-0001691,Synthetic Person 016,blind005@example.test,copy005@example.test,2025-03-03 09:30:00 -08:00,2025-03-03 09:31:00 -08:00,sender020@example.test,Synthetic title 00422,Synthetic subject 00422,recipient036@example.test,synthetic_document_00422.pdf,Yes,Synthetic joint defense,
SYNLCPRV024-0001693,SYNLCPRV024-0001693,Synthetic Person 017,blind006@example.test,copy006@example.test,2025-04-04 09:30:00 -08:00,2025-04-04 09:31:00 -08:00,sender021@example.test,Synthetic title 00423,Synthetic subject 00423,recipient037@example.test,synthetic_document_00423.pdf,No,Synthetic attorney-client,
SYNLCPRV024-0001697,SYNLCPRV024-0001698,Synthetic Person 018,blind007@example.test,copy007@example.test,2025-05-05 09:30:00 -08:00,2025-05-05 09:31:00 -08:00,sender022@example.test,Synthetic title 00424,Synthetic subject 00424,recipient038@example.test,synthetic_document_00424.pdf,Yes,Synthetic work product,Yes
SYNLCPRV024-0001701,SYNLCPRV024-0001703,Synthetic Person 019,blind008@example.test,copy008@example.test,2025-06-06 09:30:00 -08:00,2025-06-06 09:31:00 -08:00,sender023@example.test,Synthetic title 00425,Synthetic subject 00425,recipient039@example.test,synthetic_document_00425.pdf,No,Synthetic joint defense,
SYNLCPRV024-0001705,SYNLCPRV024-0001705,Synthetic Person 020,blind009@example.test,copy009@example.test,2025-07-07 09:30:00 -08:00,2025-07-07 09:31:00 -08:00,sender024@example.test,Synthetic title 00426,Synthetic subject 00426,recipient040@example.test,synthetic_document_00426.pdf,Yes,Synthetic attorney-client,
SYNLCPRV024-0001709,SYNLCPRV024-0001710,Synthetic Person 021,blind010@example.test,copy010@example.test,2025-08-08 09:30:00 -08:00,2025-08-08 09:31:00 -08:00,sender025@example.test,Synthetic title 00427,Synthetic subject 00427,recipient041@example.test,synthetic_document_00427.pdf,No,Synthetic work product,
SYNLCPRV024-0001713,SYNLCPRV024-0001715,Synthetic Person 022,blind011@example.test,copy011@example.test,2025-09-09 09:30:00 -08:00,2025-09-09 09:31:00 -08:00,sender026@example.test,Synthetic title 00428,Synthetic subject 00428,recipient042@example.test,synthetic_document_00428.pdf,Yes,Synthetic joint defense,Yes
SYNLCPRV024-0001717,SYNLCPRV024-0001717,Synthetic Person 023,blind001@example.test,copy012@example.test,2025-10-10 09:30:00 -08:00,2025-10-10 09:31:00 -08:00,sender027@example.test,Synthetic title 00429,Synthetic subject 00429,recipient043@example.test,synthetic_document_00429.pdf,No,Synthetic attorney-client,
SYNLCPRV024-0001721,SYNLCPRV024-0001722,Synthetic Person 024,blind002@example.test,copy013@example.test,2025-11-11 09:30:00 -08:00,2025-11-11 09:31:00 -08:00,sender028@example.test,Synthetic title 00430,Synthetic subject 00430,recipient001@example.test,synthetic_document_00430.pdf,Yes,Synthetic work product,
SYNLCPRV024-0001725,SYNLCPRV024-0001727,Synthetic Person 025,blind003@example.test,copy014@example.test,2025-12-12 09:30:00 -08:00,2025-12-12 09:31:00 -08:00,sender029@example.test,Synthetic title 00431,Synthetic subject 00431,recipient002@example.test,synthetic_document_00431.pdf,No,Synthetic joint defense,
SYNLCPRV024-0001729,SYNLCPRV024-0001729,Synthetic Person 026,blind004@example.test,copy015@example.test,2025-01-13 09:30:00 -08:00,2025-01-13 09:31:00 -08:00,sender030@example.test,Synthetic title 00432,Synthetic subject 00432,recipient003@example.test,synthetic_document_00432.pdf,Yes,Synthetic attorney-client,Yes
SYNLCPRV024-0001733,SYNLCPRV024-0001734,Synthetic Person 027,blind005@example.test,copy016@example.test,2025-02-14 09:30:00 -08:00,2025-02-14 09:31:00 -08:00,sender031@example.test,Synthetic title 00433,Synthetic subject 00433,recipient004@example.test,synthetic_document_00433.pdf,No,Synthetic work product,
SYNLCPRV024-0001737,SYNLCPRV024-0001739,Synthetic Person 028,blind006@example.test,copy017@example.test,2025-03-15 09:30:00 -08:00,2025-03-15 09:31:00 -08:00,sender001@example.test,Synthetic title 00434,Synthetic subject 00434,recipient005@example.test,synthetic_document_00434.pdf,Yes,Synthetic joint defense,
SYNLCPRV024-0001741,SYNLCPRV024-0001741,Synthetic Person 029,blind007@example.test,copy018@example.test,2025-04-16 09:30:00 -08:00,2025-04-16 09:31:00 -08:00,sender002@example.test,Synthetic title 00435,Synthetic subject 00435,recipient006@example.test,synthetic_document_00435.pdf,No,Synthetic attorney-client,
SYNLCPRV024-0001745,SYNLCPRV024-0001746,Synthetic Person 030,blind008@example.test,copy019@example.test,2025-05-17 09:30:00 -08:00,2025-05-17 09:31:00 -08:00,sender003@example.test,Synthetic title 00436,Synthetic subject 00436,recipient007@example.test,synthetic_document_00436.pdf,Yes,Synthetic work product,Yes
SYNLCPRV024-0001749,SYNLCPRV024-0001751,Synthetic Person 031,blind009@example.test,copy001@example.test,2025-06-18 09:30:00 -08:00,2025-06-18 09:31:00 -08:00,sender004@example.test,Synthetic title 00437,Synthetic subject 00437,recipient008@example.test,synthetic_document_00437.pdf,No,Synthetic joint defense,
SYNLCPRV024-0001753,SYNLCPRV024-0001753,Synthetic Person 032,blind010@example.test,copy002@example.test,2025-07-19 09:30:00 -08:00,2025-07-19 09:31:00 -08:00,sender005@example.test,Synthetic title 00438,Synthetic subject 00438,recipient009@example.test,synthetic_document_00438.pdf,Yes,Synthetic attorney-client,
SYNLCPRV024-0001757,SYNLCPRV024-0001758,Synthetic Person 033,blind011@example.test,copy003@example.test,2025-08-20 09:30:00 -08:00,2025-08-20 09:31:00 -08:00,sender006@example.test,Synthetic title 00439,Synthetic subject 00439,recipient010@example.test,synthetic_document_00439.pdf,No,Synthetic work product,
SYNLCPRV024-0001761,SYNLCPRV024-0001763,Synthetic Person 034,blind001@example.test,copy004@example.test,2025-09-21 09:30:00 -08:00,2025-09-21 09:31:00 -08:00,sender007@example.test,Synthetic title 00440,Synthetic subject 00440,recipient011@example.test,synthetic_document_00440.pdf,Yes,Synthetic joint defense,Yes
SYNLCPRV024-0001765,SYNLCPRV024-0001765,Synthetic Person 035,blind002@example.test,copy005@example.test,2025-10-22 09:30:00 -08:00,2025-10-22 09:31:00 -08:00,sender008@example.test,Synthetic title 00441,Synthetic subject 00441,recipient012@example.test,synthetic_document_00441.pdf,No,Synthetic attorney-client,
SYNLCPRV024-0001769,SYNLCPRV024-0001770,Synthetic Person 036,blind003@example.test,copy006@example.test,2025-11-23 09:30:00 -08:00,2025-11-23 09:31:00 -08:00,sender009@example.test,Synthetic title 00442,Synthetic subject 00442,recipient013@example.test,synthetic_document_00442.pdf,Yes,Synthetic work product,
SYNLCPRV024-0001773,SYNLCPRV024-0001775,Synthetic Person 037,blind004@example.test,copy007@example.test,2025-12-24 09:30:00 -08:00,2025-12-24 09:31:00 -08:00,sender010@example.test,Synthetic title 00443,Synthetic subject 00443,recipient014@example.test,synthetic_document_00443.pdf,No,Synthetic joint defense,
SYNLCPRV024-0001777,SYNLCPRV024-0001777,Synthetic Person 001,blind005@example.test,copy008@example.test,2025-01-25 09:30:00 -08:00,2025-01-25 09:31:00 -08:00,sender011@example.test,Synthetic title 00444,Synthetic subject 00444,recipient015@example.test,synthetic_document_00444.pdf,Yes,Synthetic attorney-client,Yes
SYNLCPRV024-0001781,SYNLCPRV024-0001782,Synthetic Person 002,blind006@example.test,copy009@example.test,2025-02-26 09:30:00 -08:00,2025-02-26 09:31:00 -08:00,sender012@example.test,Synthetic title 00445,Synthetic subject 00445,recipient016@example.test,synthetic_document_00445.pdf,No,Synthetic work product,
SYNLCPRV024-0001785,SYNLCPRV024-0001787,Synthetic Person 003,blind007@example.test,copy010@example.test,2025-03-27 09:30:00 -08:00,2025-03-27 09:31:00 -08:00,sender013@example.test,Synthetic title 00446,Synthetic subject 00446,recipient017@example.test,synthetic_document_00446.pdf,Yes,Synthetic joint defense,
SYNLCPRV024-0001789,SYNLCPRV024-0001789,Synthetic Person 004,blind008@example.test,copy011@example.test,2025-04-28 09:30:00 -08:00,2025-04-28 09:31:00 -08:00,sender014@example.test,Synthetic title 00447,Synthetic subject 00447,recipient018@example.test,synthetic_document_00447.pdf,No,Synthetic attorney-client,
SYNLCPRV024-0001793,SYNLCPRV024-0001794,Synthetic Person 005,blind009@example.test,copy012@example.test,2025-05-01 09:30:00 -08:00,2025-05-01 09:31:00 -08:00,sender015@example.test,Synthetic title 00448,Synthetic subject 00448,recipient019@example.test,synthetic_document_00448.pdf,Yes,Synthetic work product,Yes
SYNLCPRV024-0001797,SYNLCPRV024-0001799,Synthetic Person 006,blind010@example.test,copy013@example.test,2025-06-02 09:30:00 -08:00,2025-06-02 09:31:00 -08:00,sender016@example.test,Synthetic title 00449,Synthetic subject 00449,recipient020@example.test,synthetic_document_00449.pdf,No,Synthetic joint defense,
SYNLCPRV024-0001801,SYNLCPRV024-0001801,Synthetic Person 007,blind011@example.test,copy014@example.test,2025-07-03 09:30:00 -08:00,2025-07-03 09:31:00 -08:00,sender017@example.test,Synthetic title 00450,Synthetic subject 00450,recipient021@example.test,synthetic_document_00450.pdf,Yes,Synthetic attorney-client,
SYNLCPRV024-0001805,SYNLCPRV024-0001806,Synthetic Person 008,blind001@example.test,copy015@example.test,2025-08-04 09:30:00 -08:00,2025-08-04 09:31:00 -08:00,sender018@example.test,Synthetic title 00451,Synthetic subject 00451,recipient022@example.test,synthetic_document_00451.pdf,No,Synthetic work product,
SYNLCPRV024-0001809,SYNLCPRV024-0001811,Synthetic Person 009,blind002@example.test,copy016@example.test,2025-09-05 09:30:00 -08:00,2025-09-05 09:31:00 -08:00,sender019@example.test,Synthetic title 00452,Synthetic subject 00452,recipient023@example.test,synthetic_document_00452.pdf,Yes,Synthetic joint defense,Yes
SYNLCPRV024-0001813,SYNLCPRV024-0001813,Synthetic Person 010,blind003@example.test,copy017@example.test,2025-10-06 09:30:00 -08:00,2025-10-06 09:31:00 -08:00,sender020@example.test,Synthetic title 00453,Synthetic subject 00453,recipient024@example.test,synthetic_document_00453.pdf,No,Synthetic attorney-client,
SYNLCPRV024-0001817,SYNLCPRV024-0001818,Synthetic Person 011,blind004@example.test,copy018@example.test,2025-11-07 09:30:00 -08:00,2025-11-07 09:31:00 -08:00,sender021@example.test,Synthetic title 00454,Synthetic subject 00454,recipient025@example.test,synthetic_document_00454.pdf,Yes,Synthetic work product,
SYNLCPRV024-0001821,SYNLCPRV024-0001823,Synthetic Person 012,blind005@example.test,copy019@example.test,2025-12-08 09:30:00 -08:00,2025-12-08 09:31:00 -08:00,sender022@example.test,Synthetic title 00455,Synthetic subject 00455,recipient026@example.test,synthetic_document_00455.pdf,No,Synthetic joint defense,
SYNLCPRV024-0001825,SYNLCPRV024-0001825,Synthetic Person 013,blind006@example.test,copy001@example.test,2025-01-09 09:30:00 -08:00,2025-01-09 09:31:00 -08:00,sender023@example.test,Synthetic title 00456,Synthetic subject 00456,recipient027@example.test,synthetic_document_00456.pdf,Yes,Synthetic attorney-client,Yes
SYNLCPRV024-0001829,SYNLCPRV024-0001830,Synthetic Person 014,blind007@example.test,copy002@example.test,2025-02-10 09:30:00 -08:00,2025-02-10 09:31:00 -08:00,sender024@example.test,Synthetic title 00457,Synthetic subject 00457,recipient028@example.test,synthetic_document_00457.pdf,No,Synthetic work product,
SYNLCPRV024-0001833,SYNLCPRV024-0001835,Synthetic Person 015,blind008@example.test,copy003@example.test,2025-03-11 09:30:00 -08:00,2025-03-11 09:31:00 -08:00,sender025@example.test,Synthetic title 00458,Synthetic subject 00458,recipient029@example.test,synthetic_document_00458.pdf,Yes,Synthetic joint defense,
SYNLCPRV024-0001837,SYNLCPRV024-0001837,Synthetic Person 016,blind009@example.test,copy004@example.test,2025-04-12 09:30:00 -08:00,2025-04-12 09:31:00 -08:00,sender026@example.test,Synthetic title 00459,Synthetic subject 00459,recipient030@example.test,synthetic_document_00459.pdf,No,Synthetic attorney-client,
SYNLCPRV024-0001841,SYNLCPRV024-0001842,Synthetic Person 017,blind010@example.test,copy005@example.test,2025-05-13 09:30:00 -08:00,2025-05-13 09:31:00 -08:00,sender027@example.test,Synthetic title 00460,Synthetic subject 00460,recipient031@example.test,synthetic_document_00460.pdf,Yes,Synthetic work product,Yes
SYNLCPRV024-0001845,SYNLCPRV024-0001847,Synthetic Person 018,blind011@example.test,copy006@example.test,2025-06-14 09:30:00 -08:00,2025-06-14 09:31:00 -08:00,sender028@example.test,Synthetic title 00461,Synthetic subject 00461,recipient032@example.test,synthetic_document_00461.pdf,No,Synthetic joint defense,
SYNLCPRV024-0001849,SYNLCPRV024-0001849,Synthetic Person 019,blind001@example.test,copy007@example.test,2025-07-15 09:30:00 -08:00,2025-07-15 09:31:00 -08:00,sender029@example.test,Synthetic title 00462,Synthetic subject 00462,recipient033@example.test,synthetic_document_00462.pdf,Yes,Synthetic attorney-client,
SYNLCPRV024-0001853,SYNLCPRV024-0001854,Synthetic Person 020,blind002@example.test,copy008@example.test,2025-08-16 09:30:00 -08:00,2025-08-16 09:31:00 -08:00,sender030@example.test,Synthetic title 00463,Synthetic subject 00463,recipient034@example.test,synthetic_document_00463.pdf,No,Synthetic work product,
SYNLCPRV024-0001857,SYNLCPRV024-0001859,Synthetic Person 021,blind003@example.test,copy009@example.test,2025-09-17 09:30:00 -08:00,2025-09-17 09:31:00 -08:00,sender031@example.test,Synthetic title 00464,Synthetic subject 00464,recipient035@example.test,synthetic_document_00464.pdf,Yes,Synthetic joint defense,Yes
SYNLCPRV024-0001861,SYNLCPRV024-0001861,Synthetic Person 022,blind004@example.test,copy010@example.test,2025-10-18 09:30:00 -08:00,2025-10-18 09:31:00 -08:00,sender001@example.test,Synthetic title 00465,Synthetic subject 00465,recipient036@example.test,synthetic_document_00465.pdf,No,Synthetic attorney-client,
SYNLCPRV024-0001865,SYNLCPRV024-0001866,Synthetic Person 023,blind005@example.test,copy011@example.test,2025-11-19 09:30:00 -08:00,2025-11-19 09:31:00 -08:00,sender002@example.test,Synthetic title 00466,Synthetic subject 00466,recipient037@example.test,synthetic_document_00466.pdf,Yes,Synthetic work product,
SYNLCPRV024-0001869,SYNLCPRV024-0001871,Synthetic Person 024,blind006@example.test,copy012@example.test,2025-12-20 09:30:00 -08:00,2025-12-20 09:31:00 -08:00,sender003@example.test,Synthetic title 00467,Synthetic subject 00467,recipient038@example.test,synthetic_document_00467.pdf,No,Synthetic joint defense,
SYNLCPRV024-0001873,SYNLCPRV024-0001873,Synthetic Person 025,blind007@example.test,copy013@example.test,2025-01-21 09:30:00 -08:00,2025-01-21 09:31:00 -08:00,sender004@example.test,Synthetic title 00468,Synthetic subject 00468,recipient039@example.test,synthetic_document_00468.pdf,Yes,Synthetic attorney-client,Yes
SYNLCPRV024-0001877,SYNLCPRV024-0001878,Synthetic Person 026,blind008@example.test,copy014@example.test,2025-02-22 09:30:00 -08:00,2025-02-22 09:31:00 -08:00,sender005@example.test,Synthetic title 00469,Synthetic subject 00469,recipient040@example.test,synthetic_document_00469.pdf,No,Synthetic work product,
SYNLCPRV024-0001881,SYNLCPRV024-0001883,Synthetic Person 027,blind009@example.test,copy015@example.test,2025-03-23 09:30:00 -08:00,2025-03-23 09:31:00 -08:00,sender006@example.test,Synthetic title 00470,Synthetic subject 00470,recipient041@example.test,synthetic_document_00470.pdf,Yes,Synthetic joint defense,
SYNLCPRV024-0001885,SYNLCPRV024-0001885,Synthetic Person 028,blind010@example.test,copy016@example.test,2025-04-24 09:30:00 -08:00,2025-04-24 09:31:00 -08:00,sender007@example.test,Synthetic title 00471,Synthetic subject 00471,recipient042@example.test,synthetic_document_00471.pdf,No,Synthetic attorney-client,
SYNLCPRV024-0001889,SYNLCPRV024-0001890,Synthetic Person 029,blind011@example.test,copy017@example.test,2025-05-25 09:30:00 -08:00,2025-05-25 09:31:00 -08:00,sender008@example.test,Synthetic title 00472,Synthetic subject 00472,recipient043@example.test,synthetic_document_00472.pdf,Yes,Synthetic work product,Yes
SYNLCPRV024-0001893,SYNLCPRV024-0001895,Synthetic Person 030,blind001@example.test,copy018@example.test,2025-06-26 09:30:00 -08:00,2025-06-26 09:31:00 -08:00,sender009@example.test,Synthetic title 00473,Synthetic subject 00473,recipient001@example.test,synthetic_document_00473.pdf,No,Synthetic joint defense,
SYNLCPRV024-0001897,SYNLCPRV024-0001897,Synthetic Person 031,blind002@example.test,copy019@example.test,2025-07-27 09:30:00 -08:00,2025-07-27 09:31:00 -08:00,sender010@example.test,Synthetic title 00474,Synthetic subject 00474,recipient002@example.test,synthetic_document_00474.pdf,Yes,Synthetic attorney-client,
SYNLCPRV024-0001901,SYNLCPRV024-0001902,Synthetic Person 032,blind003@example.test,copy001@example.test,2025-08-28 09:30:00 -08:00,2025-08-28 09:31:00 -08:00,sender011@example.test,Synthetic title 00475,Synthetic subject 00475,recipient003@example.test,synthetic_document_00475.pdf,No,Synthetic work product,
SYNLCPRV024-0001905,SYNLCPRV024-0001907,Synthetic Person 033,blind004@example.test,copy002@example.test,2025-09-01 09:30:00 -08:00,2025-09-01 09:31:00 -08:00,sender012@example.test,Synthetic title 00476,Synthetic subject 00476,recipient004@example.test,synthetic_document_00476.pdf,Yes,Synthetic joint defense,Yes
SYNLCPRV024-0001909,SYNLCPRV024-0001909,Synthetic Person 034,blind005@example.test,copy003@example.test,2025-10-02 09:30:00 -08:00,2025-10-02 09:31:00 -08:00,sender013@example.test,Synthetic title 00477,Synthetic subject 00477,recipient005@example.test,synthetic_document_00477.pdf,No,Synthetic attorney-client,
SYNLCPRV024-0001913,SYNLCPRV024-0001914,Synthetic Person 035,blind006@example.test,copy004@example.test,2025-11-03 09:30:00 -08:00,2025-11-03 09:31:00 -08:00,sender014@example.test,Synthetic title 00478,Synthetic subject 00478,recipient006@example.test,synthetic_document_00478.pdf,Yes,Synthetic work product,
SYNLCPRV024-0001917,SYNLCPRV024-0001919,Synthetic Person 036,blind007@example.test,copy005@example.test,2025-12-04 09:30:00 -08:00,2025-12-04 09:31:00 -08:00,sender015@example.test,Synthetic title 00479,Synthetic subject 00479,recipient007@example.test,synthetic_document_00479.pdf,No,Synthetic joint defense,
SYNLCPRV024-0001921,SYNLCPRV024-0001921,Synthetic Person 037,blind008@example.test,copy006@example.test,2025-01-05 09:30:00 -08:00,2025-01-05 09:31:00 -08:00,sender016@example.test,Synthetic title 00480,Synthetic subject 00480,recipient008@example.test,synthetic_document_00480.pdf,Yes,Synthetic attorney-client,Yes
SYNLCPRV024-0001925,SYNLCPRV024-0001926,Synthetic Person 001,blind009@example.test,copy007@example.test,2025-02-06 09:30:00 -08:00,2025-02-06 09:31:00 -08:00,sender017@example.test,Synthetic title 00481,Synthetic subject 00481,recipient009@example.test,synthetic_document_00481.pdf,No,Synthetic work product,
SYNLCPRV024-0001929,SYNLCPRV024-0001931,Synthetic Person 002,blind010@example.test,copy008@example.test,2025-03-07 09:30:00 -08:00,2025-03-07 09:31:00 -08:00,sender018@example.test,Synthetic title 00482,Synthetic subject 00482,recipient010@example.test,synthetic_document_00482.pdf,Yes,Synthetic joint defense,
SYNLCPRV024-0001933,SYNLCPRV024-0001933,Synthetic Person 003,blind011@example.test,copy009@example.test,2025-04-08 09:30:00 -08:00,2025-04-08 09:31:00 -08:00,sender019@example.test,Synthetic title 00483,Synthetic subject 00483,recipient011@example.test,synthetic_document_00483.pdf,No,Synthetic attorney-client,
SYNLCPRV024-0001937,SYNLCPRV024-0001938,Synthetic Person 004,blind001@example.test,copy010@example.test,2025-05-09 09:30:00 -08:00,2025-05-09 09:31:00 -08:00,sender020@example.test,Synthetic title 00484,Synthetic subject 00484,recipient012@example.test,synthetic_document_00484.pdf,Yes,Synthetic work product,Yes
SYNLCPRV024-0001941,SYNLCPRV024-0001943,Synthetic Person 005,blind002@example.test,copy011@example.test,2025-06-10 09:30:00 -08:00,2025-06-10 09:31:00 -08:00,sender021@example.test,Synthetic title 00485,Synthetic subject 00485,recipient013@example.test,synthetic_document_00485.pdf,No,Synthetic joint defense,
SYNLCPRV024-0001945,SYNLCPRV024-0001945,Synthetic Person 006,blind003@example.test,copy012@example.test,2025-07-11 09:30:00 -08:00,2025-07-11 09:31:00 -08:00,sender022@example.test,Synthetic title 00486,Synthetic subject 00486,recipient014@example.test,synthetic_document_00486.pdf,Yes,Synthetic attorney-client,
SYNLCPRV024-0001949,SYNLCPRV024-0001950,Synthetic Person 007,blind004@example.test,copy013@example.test,2025-08-12 09:30:00 -08:00,2025-08-12 09:31:00 -08:00,sender023@example.test,Synthetic title 00487,Synthetic subject 00487,recipient015@example.test,synthetic_document_00487.pdf,No,Synthetic work product,
SYNLCPRV024-0001953,SYNLCPRV024-0001955,Synthetic Person 008,blind005@example.test,copy014@example.test,2025-09-13 09:30:00 -08:00,2025-09-13 09:31:00 -08:00,sender024@example.test,Synthetic title 00488,Synthetic subject 00488,recipient016@example.test,synthetic_document_00488.pdf,Yes,Synthetic joint defense,Yes
SYNLCPRV024-0001957,SYNLCPRV024-0001957,Synthetic Person 009,blind006@example.test,copy015@example.test,2025-10-14 09:30:00 -08:00,2025-10-14 09:31:00 -08:00,sender025@example.test,Synthetic title 00489,Synthetic subject 00489,recipient017@example.test,synthetic_document_00489.pdf,No,Synthetic attorney-client,
SYNLCPRV024-0001961,SYNLCPRV024-0001962,Synthetic Person 010,blind007@example.test,copy016@example.test,2025-11-15 09:30:00 -08:00,2025-11-15 09:31:00 -08:00,sender026@example.test,Synthetic title 00490,Synthetic subject 00490,recipient018@example.test,synthetic_document_00490.pdf,Yes,Synthetic work product,
SYNLCPRV024-0001965,SYNLCPRV024-0001967,Synthetic Person 011,blind008@example.test,copy017@example.test,2025-12-16 09:30:00 -08:00,2025-12-16 09:31:00 -08:00,sender027@example.test,Synthetic title 00491,Synthetic subject 00491,recipient019@example.test,synthetic_document_00491.pdf,No,Synthetic joint defense,
SYNLCPRV024-0001969,SYNLCPRV024-0001969,Synthetic Person 012,blind009@example.test,copy018@example.test,2025-01-17 09:30:00 -08:00,2025-01-17 09:31:00 -08:00,sender028@example.test,Synthetic title 00492,Synthetic subject 00492,recipient020@example.test,synthetic_document_00492.pdf,Yes,Synthetic attorney-client,Yes
SYNLCPRV024-0001973,SYNLCPRV024-0001974,Synthetic Person 013,blind010@example.test,copy019@example.test,2025-02-18 09:30:00 -08:00,2025-02-18 09:31:00 -08:00,sender029@example.test,Synthetic title 00493,Synthetic subject 00493,recipient021@example.test,synthetic_document_00493.pdf,No,Synthetic work product,
SYNLCPRV024-0001977,SYNLCPRV024-0001979,Synthetic Person 014,blind011@example.test,copy001@example.test,2025-03-19 09:30:00 -08:00,2025-03-19 09:31:00 -08:00,sender030@example.test,Synthetic title 00494,Synthetic subject 00494,recipient022@example.test,synthetic_document_00494.pdf,Yes,Synthetic joint defense,
SYNLCPRV024-0001981,SYNLCPRV024-0001981,Synthetic Person 015,blind001@example.test,copy002@example.test,2025-04-20 09:30:00 -08:00,2025-04-20 09:31:00 -08:00,sender031@example.test,Synthetic title 00495,Synthetic subject 00495,recipient023@example.test,synthetic_document_00495.pdf,No,Synthetic attorney-client,
SYNLCPRV024-0001985,SYNLCPRV024-0001986,Synthetic Person 016,blind002@example.test,copy003@example.test,2025-05-21 09:30:00 -08:00,2025-05-21 09:31:00 -08:00,sender001@example.test,Synthetic title 00496,Synthetic subject 00496,recipient024@example.test,synthetic_document_00496.pdf,Yes,Synthetic work product,Yes
SYNLCPRV024-0001989,SYNLCPRV024-0001991,Synthetic Person 017,blind003@example.test,copy004@example.test,2025-06-22 09:30:00 -08:00,2025-06-22 09:31:00 -08:00,sender002@example.test,Synthetic title 00497,Synthetic subject 00497,recipient025@example.test,synthetic_document_00497.pdf,No,Synthetic joint defense,
SYNLCPRV024-0001993,SYNLCPRV024-0001993,Synthetic Person 018,blind004@example.test,copy005@example.test,2025-07-23 09:30:00 -08:00,2025-07-23 09:31:00 -08:00,sender003@example.test,Synthetic title 00498,Synthetic subject 00498,recipient026@example.test,synthetic_document_00498.pdf,Yes,Synthetic attorney-client,
SYNLCPRV024-0001997,SYNLCPRV024-0001998,Synthetic Person 019,blind005@example.test,copy006@example.test,2025-08-24 09:30:00 -08:00,2025-08-24 09:31:00 -08:00,sender004@example.test,Synthetic title 00499,Synthetic subject 00499,recipient027@example.test,synthetic_document_00499.pdf,No,Synthetic work product,
SYNLCPRV024-0002001,SYNLCPRV024-0002003,Synthetic Person 020,blind006@example.test,copy007@example.test,2025-09-25 09:30:00 -08:00,2025-09-25 09:31:00 -08:00,sender005@example.test,Synthetic title 00500,Synthetic subject 00500,recipient028@example.test,synthetic_document_00500.pdf,Yes,Synthetic joint defense,Yes
SYNLCPRV024-0002005,SYNLCPRV024-0002005,Synthetic Person 021,blind007@example.test,copy008@example.test,2025-10-26 09:30:00 -08:00,2025-10-26 09:31:00 -08:00,sender006@example.test,Synthetic title 00501,Synthetic subject 00501,recipient029@example.test,synthetic_document_00501.pdf,No,Synthetic attorney-client,
SYNLCPRV024-0002009,SYNLCPRV024-0002010,Synthetic Person 022,blind008@example.test,copy009@example.test,2025-11-27 09:30:00 -08:00,2025-11-27 09:31:00 -08:00,sender007@example.test,Synthetic title 00502,Synthetic subject 00502,recipient030@example.test,synthetic_document_00502.pdf,Yes,Synthetic work product,
SYNLCPRV024-0002013,SYNLCPRV024-0002015,Synthetic Person 023,blind009@example.test,copy010@example.test,2025-12-28 09:30:00 -08:00,2025-12-28 09:31:00 -08:00,sender008@example.test,Synthetic title 00503,Synthetic subject 00503,recipient031@example.test,synthetic_document_00503.pdf,No,Synthetic joint defense,
SYNLCPRV024-0002017,SYNLCPRV024-0002017,Synthetic Person 024,blind010@example.test,copy011@example.test,2025-01-01 09:30:00 -08:00,2025-01-01 09:31:00 -08:00,sender009@example.test,Synthetic title 00504,Synthetic subject 00504,recipient032@example.test,synthetic_document_00504.pdf,Yes,Synthetic attorney-client,Yes
SYNLCPRV024-0002021,SYNLCPRV024-0002022,Synthetic Person 025,blind011@example.test,copy012@example.test,2025-02-02 09:30:00 -08:00,2025-02-02 09:31:00 -08:00,sender010@example.test,Synthetic title 00505,Synthetic subject 00505,recipient033@example.test,synthetic_document_00505.pdf,No,Synthetic work product,
SYNLCPRV024-0002025,SYNLCPRV024-0002027,Synthetic Person 026,blind001@example.test,copy013@example.test,2025-03-03 09:30:00 -08:00,2025-03-03 09:31:00 -08:00,sender011@example.test,Synthetic title 00506,Synthetic subject 00506,recipient034@example.test,synthetic_document_00506.pdf,Yes,Synthetic joint defense,
SYNLCPRV024-0002029,SYNLCPRV024-0002029,Synthetic Person 027,blind002@example.test,copy014@example.test,2025-04-04 09:30:00 -08:00,2025-04-04 09:31:00 -08:00,sender012@example.test,Synthetic title 00507,Synthetic subject 00507,recipient035@example.test,synthetic_document_00507.pdf,No,Synthetic attorney-client,
SYNLCPRV024-0002033,SYNLCPRV024-0002034,Synthetic Person 028,blind003@example.test,copy015@example.test,2025-05-05 09:30:00 -08:00,2025-05-05 09:31:00 -08:00,sender013@example.test,Synthetic title 00508,Synthetic subject 00508,recipient036@example.test,synthetic_document_00508.pdf,Yes,Synthetic work product,Yes
SYNLCPRV024-0002037,SYNLCPRV024-0002039,Synthetic Person 029,blind004@example.test,copy016@example.test,2025-06-06 09:30:00 -08:00,2025-06-06 09:31:00 -08:00,sender014@example.test,Synthetic title 00509,Synthetic subject 00509,recipient037@example.test,synthetic_document_00509.pdf,No,Synthetic joint defense,
SYNLCPRV024-0002041,SYNLCPRV024-0002041,Synthetic Person 030,blind005@example.test,copy017@example.test,2025-07-07 09:30:00 -08:00,2025-07-07 09:31:00 -08:00,sender015@example.test,Synthetic title 00510,Synthetic subject 00510,recipient038@example.test,synthetic_document_00510.pdf,Yes,Synthetic attorney-client,
SYNLCPRV024-0002045,SYNLCPRV024-0002046,Synthetic Person 031,blind006@example.test,copy018@example.test,2025-08-08 09:30:00 -08:00,2025-08-08 09:31:00 -08:00,sender016@example.test,Synthetic title 00511,Synthetic subject 00511,recipient039@example.test,synthetic_document_00511.pdf,No,Synthetic work product,
SYNLCPRV024-0002049,SYNLCPRV024-0002051,Synthetic Person 032,blind007@example.test,copy019@example.test,2025-09-09 09:30:00 -08:00,2025-09-09 09:31:00 -08:00,sender017@example.test,Synthetic title 00512,Synthetic subject 00512,recipient040@example.test,synthetic_document_00512.pdf,Yes,Synthetic joint defense,Yes
SYNLCPRV024-0002053,SYNLCPRV024-0002053,Synthetic Person 033,blind008@example.test,copy001@example.test,2025-10-10 09:30:00 -08:00,2025-10-10 09:31:00 -08:00,sender018@example.test,Synthetic title 00513,Synthetic subject 00513,recipient041@example.test,synthetic_document_00513.pdf,No,Synthetic attorney-client,
SYNLCPRV024-0002057,SYNLCPRV024-0002058,Synthetic Person 034,blind009@example.test,copy002@example.test,2025-11-11 09:30:00 -08:00,2025-11-11 09:31:00 -08:00,sender019@example.test,Synthetic title 00514,Synthetic subject 00514,recipient042@example.test,synthetic_document_00514.pdf,Yes,Synthetic work product,
SYNLCPRV024-0002061,SYNLCPRV024-0002063,Synthetic Person 035,blind010@example.test,copy003@example.test,2025-12-12 09:30:00 -08:00,2025-12-12 09:31:00 -08:00,sender020@example.test,Synthetic title 00515,Synthetic subject 00515,recipient043@example.test,synthetic_document_00515.pdf,No,Synthetic joint defense,
SYNLCPRV024-0002065,SYNLCPRV024-0002065,Synthetic Person 036,blind011@example.test,copy004@example.test,2025-01-13 09:30:00 -08:00,2025-01-13 09:31:00 -08:00,sender021@example.test,Synthetic title 00516,Synthetic subject 00516,recipient001@example.test,synthetic_document_00516.pdf,Yes,Synthetic attorney-client,Yes
SYNLCPRV024-0002069,SYNLCPRV024-0002070,Synthetic Person 037,blind001@example.test,copy005@example.test,2025-02-14 09:30:00 -08:00,2025-02-14 09:31:00 -08:00,sender022@example.test,Synthetic title 00517,Synthetic subject 00517,recipient002@example.test,synthetic_document_00517.pdf,No,Synthetic work product,
SYNLCPRV024-0002073,SYNLCPRV024-0002075,Synthetic Person 001,blind002@example.test,copy006@example.test,2025-03-15 09:30:00 -08:00,2025-03-15 09:31:00 -08:00,sender023@example.test,Synthetic title 00518,Synthetic subject 00518,recipient003@example.test,synthetic_document_00518.pdf,Yes,Synthetic joint defense,
SYNLCPRV024-0002077,SYNLCPRV024-0002077,Synthetic Person 002,blind003@example.test,copy007@example.test,2025-04-16 09:30:00 -08:00,2025-04-16 09:31:00 -08:00,sender024@example.test,Synthetic title 00519,Synthetic subject 00519,recipient004@example.test,synthetic_document_00519.pdf,No,Synthetic attorney-client,
SYNLCPRV024-0002081,SYNLCPRV024-0002082,Synthetic Person 003,blind004@example.test,copy008@example.test,2025-05-17 09:30:00 -08:00,2025-05-17 09:31:00 -08:00,sender025@example.test,Synthetic title 00520,Synthetic subject 00520,recipient005@example.test,synthetic_document_00520.pdf,Yes,Synthetic work product,Yes
SYNLCPRV024-0002085,SYNLCPRV024-0002087,Synthetic Person 004,blind005@example.test,copy009@example.test,2025-06-18 09:30:00 -08:00,2025-06-18 09:31:00 -08:00,sender026@example.test,Synthetic title 00521,Synthetic subject 00521,recipient006@example.test,synthetic_document_00521.pdf,No,Synthetic joint defense,
SYNLCPRV024-0002089,SYNLCPRV024-0002089,Synthetic Person 005,blind006@example.test,copy010@example.test,2025-07-19 09:30:00 -08:00,2025-07-19 09:31:00 -08:00,sender027@example.test,Synthetic title 00522,Synthetic subject 00522,recipient007@example.test,synthetic_document_00522.pdf,Yes,Synthetic attorney-client,
SYNLCPRV024-0002093,SYNLCPRV024-0002094,Synthetic Person 006,blind007@example.test,copy011@example.test,2025-08-20 09:30:00 -08:00,2025-08-20 09:31:00 -08:00,sender028@example.test,Synthetic title 00523,Synthetic subject 00523,recipient008@example.test,synthetic_document_00523.pdf,No,Synthetic work product,
SYNLCPRV024-0002097,SYNLCPRV024-0002099,Synthetic Person 007,blind008@example.test,copy012@example.test,2025-09-21 09:30:00 -08:00,2025-09-21 09:31:00 -08:00,sender029@example.test,Synthetic title 00524,Synthetic subject 00524,recipient009@example.test,synthetic_document_00524.pdf,Yes,Synthetic joint defense,Yes
SYNLCPRV024-0002101,SYNLCPRV024-0002101,Synthetic Person 008,blind009@example.test,copy013@example.test,2025-10-22 09:30:00 -08:00,2025-10-22 09:31:00 -08:00,sender030@example.test,Synthetic title 00525,Synthetic subject 00525,recipient010@example.test,synthetic_document_00525.pdf,No,Synthetic attorney-client,
SYNLCPRV024-0002105,SYNLCPRV024-0002106,Synthetic Person 009,blind010@example.test,copy014@example.test,2025-11-23 09:30:00 -08:00,2025-11-23 09:31:00 -08:00,sender031@example.test,Synthetic title 00526,Synthetic subject 00526,recipient011@example.test,synthetic_document_00526.pdf,Yes,Synthetic work product,
SYNLCPRV024-0002109,SYNLCPRV024-0002111,Synthetic Person 010,blind011@example.test,copy015@example.test,2025-12-24 09:30:00 -08:00,2025-12-24 09:31:00 -08:00,sender001@example.test,Synthetic title 00527,Synthetic subject 00527,recipient012@example.test,synthetic_document_00527.pdf,No,Synthetic joint defense,
SYNLCPRV024-0002113,SYNLCPRV024-0002113,Synthetic Person 011,blind001@example.test,copy016@example.test,2025-01-25 09:30:00 -08:00,2025-01-25 09:31:00 -08:00,sender002@example.test,Synthetic title 00528,Synthetic subject 00528,recipient013@example.test,synthetic_document_00528.pdf,Yes,Synthetic attorney-client,Yes
SYNLCPRV024-0002117,SYNLCPRV024-0002118,Synthetic Person 012,blind002@example.test,copy017@example.test,2025-02-26 09:30:00 -08:00,2025-02-26 09:31:00 -08:00,sender003@example.test,Synthetic title 00529,Synthetic subject 00529,recipient014@example.test,synthetic_document_00529.pdf,No,Synthetic work product,
SYNLCPRV024-0002121,SYNLCPRV024-0002123,Synthetic Person 013,blind003@example.test,copy018@example.test,2025-03-27 09:30:00 -08:00,2025-03-27 09:31:00 -08:00,sender004@example.test,Synthetic title 00530,Synthetic subject 00530,recipient015@example.test,synthetic_document_00530.pdf,Yes,Synthetic joint defense,
SYNLCPRV024-0002125,SYNLCPRV024-0002125,Synthetic Person 014,blind004@example.test,copy019@example.test,2025-04-28 09:30:00 -08:00,2025-04-28 09:31:00 -08:00,sender005@example.test,Synthetic title 00531,Synthetic subject 00531,recipient016@example.test,synthetic_document_00531.pdf,No,Synthetic attorney-client,
SYNLCPRV024-0002129,SYNLCPRV024-0002130,Synthetic Person 015,blind005@example.test,copy001@example.test,2025-05-01 09:30:00 -08:00,2025-05-01 09:31:00 -08:00,sender006@example.test,Synthetic title 00532,Synthetic subject 00532,recipient017@example.test,synthetic_document_00532.pdf,Yes,Synthetic work product,Yes
SYNLCPRV024-0002133,SYNLCPRV024-0002135,Synthetic Person 016,blind006@example.test,copy002@example.test,2025-06-02 09:30:00 -08:00,2025-06-02 09:31:00 -08:00,sender007@example.test,Synthetic title 00533,Synthetic subject 00533,recipient018@example.test,synthetic_document_00533.pdf,No,Synthetic joint defense,
SYNLCPRV024-0002137,SYNLCPRV024-0002137,Synthetic Person 017,blind007@example.test,copy003@example.test,2025-07-03 09:30:00 -08:00,2025-07-03 09:31:00 -08:00,sender008@example.test,Synthetic title 00534,Synthetic subject 00534,recipient019@example.test,synthetic_document_00534.pdf,Yes,Synthetic attorney-client,
SYNLCPRV024-0002141,SYNLCPRV024-0002142,Synthetic Person 018,blind008@example.test,copy004@example.test,2025-08-04 09:30:00 -08:00,2025-08-04 09:31:00 -08:00,sender009@example.test,Synthetic title 00535,Synthetic subject 00535,recipient020@example.test,synthetic_document_00535.pdf,No,Synthetic work product,
SYNLCPRV024-0002145,SYNLCPRV024-0002147,Synthetic Person 019,blind009@example.test,copy005@example.test,2025-09-05 09:30:00 -08:00,2025-09-05 09:31:00 -08:00,sender010@example.test,Synthetic title 00536,Synthetic subject 00536,recipient021@example.test,synthetic_document_00536.pdf,Yes,Synthetic joint defense,Yes
SYNLCPRV024-0002149,SYNLCPRV024-0002149,Synthetic Person 020,blind010@example.test,copy006@example.test,2025-10-06 09:30:00 -08:00,2025-10-06 09:31:00 -08:00,sender011@example.test,Synthetic title 00537,Synthetic subject 00537,recipient022@example.test,synthetic_document_00537.pdf,No,Synthetic attorney-client,
SYNLCPRV024-0002153,SYNLCPRV024-0002154,Synthetic Person 021,blind011@example.test,copy007@example.test,2025-11-07 09:30:00 -08:00,2025-11-07 09:31:00 -08:00,sender012@example.test,Synthetic title 00538,Synthetic subject 00538,recipient023@example.test,synthetic_document_00538.pdf,Yes,Synthetic work product,
SYNLCPRV024-0002157,SYNLCPRV024-0002159,Synthetic Person 022,blind001@example.test,copy008@example.test,2025-12-08 09:30:00 -08:00,2025-12-08 09:31:00 -08:00,sender013@example.test,Synthetic title 00539,Synthetic subject 00539,recipient024@example.test,synthetic_document_00539.pdf,No,Synthetic joint defense,
SYNLCPRV024-0002161,SYNLCPRV024-0002161,Synthetic Person 023,blind002@example.test,copy009@example.test,2025-01-09 09:30:00 -08:00,2025-01-09 09:31:00 -08:00,sender014@example.test,Synthetic title 00540,Synthetic subject 00540,recipient025@example.test,synthetic_document_00540.pdf,Yes,Synthetic attorney-client,Yes
SYNLCPRV024-0002165,SYNLCPRV024-0002166,Synthetic Person 024,blind003@example.test,copy010@example.test,2025-02-10 09:30:00 -08:00,2025-02-10 09:31:00 -08:00,sender015@example.test,Synthetic title 00541,Synthetic subject 00541,recipient026@example.test,synthetic_document_00541.pdf,No,Synthetic work product,
SYNLCPRV024-0002169,SYNLCPRV024-0002171,Synthetic Person 025,blind004@example.test,copy011@example.test,2025-03-11 09:30:00 -08:00,2025-03-11 09:31:00 -08:00,sender016@example.test,Synthetic title 00542,Synthetic subject 00542,recipient027@example.test,synthetic_document_00542.pdf,Yes,Synthetic joint defense,
SYNLCPRV024-0002173,SYNLCPRV024-0002173,Synthetic Person 026,blind005@example.test,copy012@example.test,2025-04-12 09:30:00 -08:00,2025-04-12 09:31:00 -08:00,sender017@example.test,Synthetic title 00543,Synthetic subject 00543,recipient028@example.test,synthetic_document_00543.pdf,No,Synthetic attorney-client,
SYNLCPRV024-0002177,SYNLCPRV024-0002178,Synthetic Person 027,blind006@example.test,copy013@example.test,2025-05-13 09:30:00 -08:00,2025-05-13 09:31:00 -08:00,sender018@example.test,Synthetic title 00544,Synthetic subject 00544,recipient029@example.test,synthetic_document_00544.pdf,Yes,Synthetic work product,Yes
SYNLCPRV024-0002181,SYNLCPRV024-0002183,Synthetic Person 028,blind007@example.test,copy014@example.test,2025-06-14 09:30:00 -08:00,2025-06-14 09:31:00 -08:00,sender019@example.test,Synthetic title 00545,Synthetic subject 00545,recipient030@example.test,synthetic_document_00545.pdf,No,Synthetic joint defense,
SYNLCPRV024-0002185,SYNLCPRV024-0002185,Synthetic Person 029,blind008@example.test,copy015@example.test,2025-07-15 09:30:00 -08:00,2025-07-15 09:31:00 -08:00,sender020@example.test,Synthetic title 00546,Synthetic subject 00546,recipient031@example.test,synthetic_document_00546.pdf,Yes,Synthetic attorney-client,
SYNLCPRV024-0002189,SYNLCPRV024-0002190,Synthetic Person 030,blind009@example.test,copy016@example.test,2025-08-16 09:30:00 -08:00,2025-08-16 09:31:00 -08:00,sender021@example.test,Synthetic title 00547,Synthetic subject 00547,recipient032@example.test,synthetic_document_00547.pdf,No,Synthetic work product,
SYNLCPRV024-0002193,SYNLCPRV024-0002195,Synthetic Person 031,blind010@example.test,copy017@example.test,2025-09-17 09:30:00 -08:00,2025-09-17 09:31:00 -08:00,sender022@example.test,Synthetic title 00548,Synthetic subject 00548,recipient033@example.test,synthetic_document_00548.pdf,Yes,Synthetic joint defense,Yes
SYNLCPRV024-0002197,SYNLCPRV024-0002197,Synthetic Person 032,blind011@example.test,copy018@example.test,2025-10-18 09:30:00 -08:00,2025-10-18 09:31:00 -08:00,sender023@example.test,Synthetic title 00549,Synthetic subject 00549,recipient034@example.test,synthetic_document_00549.pdf,No,Synthetic attorney-client,
SYNLCPRV024-0002201,SYNLCPRV024-0002202,Synthetic Person 033,blind001@example.test,copy019@example.test,2025-11-19 09:30:00 -08:00,2025-11-19 09:31:00 -08:00,sender024@example.test,Synthetic title 00550,Synthetic subject 00550,recipient035@example.test,synthetic_document_00550.pdf,Yes,Synthetic work product,
SYNLCPRV024-0002205,SYNLCPRV024-0002207,Synthetic Person 034,blind002@example.test,copy001@example.test,2025-12-20 09:30:00 -08:00,2025-12-20 09:31:00 -08:00,sender025@example.test,Synthetic title 00551,Synthetic subject 00551,recipient036@example.test,synthetic_document_00551.pdf,No,Synthetic joint defense,
SYNLCPRV024-0002209,SYNLCPRV024-0002209,Synthetic Person 035,blind003@example.test,copy002@example.test,2025-01-21 09:30:00 -08:00,2025-01-21 09:31:00 -08:00,sender026@example.test,Synthetic title 00552,Synthetic subject 00552,recipient037@example.test,synthetic_document_00552.pdf,Yes,Synthetic attorney-client,Yes
SYNLCPRV024-0002213,SYNLCPRV024-0002214,Synthetic Person 036,blind004@example.test,copy003@example.test,2025-02-22 09:30:00 -08:00,2025-02-22 09:31:00 -08:00,sender027@example.test,Synthetic title 00553,Synthetic subject 00553,recipient038@example.test,synthetic_document_00553.pdf,No,Synthetic work product,
SYNLCPRV024-0002217,SYNLCPRV024-0002219,Synthetic Person 037,blind005@example.test,copy004@example.test,2025-03-23 09:30:00 -08:00,2025-03-23 09:31:00 -08:00,sender028@example.test,Synthetic title 00554,Synthetic subject 00554,recipient039@example.test,synthetic_document_00554.pdf,Yes,Synthetic joint defense,
SYNLCPRV024-0002221,SYNLCPRV024-0002221,Synthetic Person 001,blind006@example.test,copy005@example.test,2025-04-24 09:30:00 -08:00,2025-04-24 09:31:00 -08:00,sender029@example.test,Synthetic title 00555,Synthetic subject 00555,recipient040@example.test,synthetic_document_00555.pdf,No,Synthetic attorney-client,
SYNLCPRV024-0002225,SYNLCPRV024-0002226,Synthetic Person 002,blind007@example.test,copy006@example.test,2025-05-25 09:30:00 -08:00,2025-05-25 09:31:00 -08:00,sender030@example.test,Synthetic title 00556,Synthetic subject 00556,recipient041@example.test,synthetic_document_00556.pdf,Yes,Synthetic work product,Yes
SYNLCPRV024-0002229,SYNLCPRV024-0002231,Synthetic Person 003,blind008@example.test,copy007@example.test,2025-06-26 09:30:00 -08:00,2025-06-26 09:31:00 -08:00,sender031@example.test,Synthetic title 00557,Synthetic subject 00557,recipient042@example.test,synthetic_document_00557.pdf,No,Synthetic joint defense,
SYNLCPRV024-0002233,SYNLCPRV024-0002233,Synthetic Person 004,blind009@example.test,copy008@example.test,2025-07-27 09:30:00 -08:00,2025-07-27 09:31:00 -08:00,sender001@example.test,Synthetic title 00558,Synthetic subject 00558,recipient043@example.test,synthetic_document_00558.pdf,Yes,Synthetic attorney-client,
SYNLCPRV024-0002237,SYNLCPRV024-0002238,Synthetic Person 005,blind010@example.test,copy009@example.test,2025-08-28 09:30:00 -08:00,2025-08-28 09:31:00 -08:00,sender002@example.test,Synthetic title 00559,Synthetic subject 00559,recipient001@example.test,synthetic_document_00559.pdf,No,Synthetic work product,
SYNLCPRV024-0002241,SYNLCPRV024-0002243,Synthetic Person 006,blind011@example.test,copy010@example.test,2025-09-01 09:30:00 -08:00,2025-09-01 09:31:00 -08:00,sender003@example.test,Synthetic title 00560,Synthetic subject 00560,recipient002@example.test,synthetic_document_00560.pdf,Yes,Synthetic joint defense,Yes
SYNLCPRV024-0002245,SYNLCPRV024-0002245,Synthetic Person 007,blind001@example.test,copy011@example.test,2025-10-02 09:30:00 -08:00,2025-10-02 09:31:00 -08:00,sender004@example.test,Synthetic title 00561,Synthetic subject 00561,recipient003@example.test,synthetic_document_00561.pdf,No,Synthetic attorney-client,
SYNLCPRV024-0002249,SYNLCPRV024-0002250,Synthetic Person 008,blind002@example.test,copy012@example.test,2025-11-03 09:30:00 -08:00,2025-11-03 09:31:00 -08:00,sender005@example.test,Synthetic title 00562,Synthetic subject 00562,recipient004@example.test,synthetic_document_00562.pdf,Yes,Synthetic work product,
SYNLCPRV024-0002253,SYNLCPRV024-0002255,Synthetic Person 009,blind003@example.test,copy013@example.test,2025-12-04 09:30:00 -08:00,2025-12-04 09:31:00 -08:00,sender006@example.test,Synthetic title 00563,Synthetic subject 00563,recipient005@example.test,synthetic_document_00563.pdf,No,Synthetic joint defense,
SYNLCPRV024-0002257,SYNLCPRV024-0002257,Synthetic Person 010,blind004@example.test,copy014@example.test,2025-01-05 09:30:00 -08:00,2025-01-05 09:31:00 -08:00,sender007@example.test,Synthetic title 00564,Synthetic subject 00564,recipient006@example.test,synthetic_document_00564.pdf,Yes,Synthetic attorney-client,Yes
SYNLCPRV024-0002261,SYNLCPRV024-0002262,Synthetic Person 011,blind005@example.test,copy015@example.test,2025-02-06 09:30:00 -08:00,2025-02-06 09:31:00 -08:00,sender008@example.test,Synthetic title 00565,Synthetic subject 00565,recipient007@example.test,synthetic_document_00565.pdf,No,Synthetic work product,
SYNLCPRV024-0002265,SYNLCPRV024-0002267,Synthetic Person 012,blind006@example.test,copy016@example.test,2025-03-07 09:30:00 -08:00,2025-03-07 09:31:00 -08:00,sender009@example.test,Synthetic title 00566,Synthetic subject 00566,recipient008@example.test,synthetic_document_00566.pdf,Yes,Synthetic joint defense,
SYNLCPRV024-0002269,SYNLCPRV024-0002269,Synthetic Person 013,blind007@example.test,copy017@example.test,2025-04-08 09:30:00 -08:00,2025-04-08 09:31:00 -08:00,sender010@example.test,Synthetic title 00567,Synthetic subject 00567,recipient009@example.test,synthetic_document_00567.pdf,No,Synthetic attorney-client,
SYNLCPRV024-0002273,SYNLCPRV024-0002274,Synthetic Person 014,blind008@example.test,copy018@example.test,2025-05-09 09:30:00 -08:00,2025-05-09 09:31:00 -08:00,sender011@example.test,Synthetic title 00568,Synthetic subject 00568,recipient010@example.test,synthetic_document_00568.pdf,Yes,Synthetic work product,Yes
SYNLCPRV024-0002277,SYNLCPRV024-0002279,Synthetic Person 015,blind009@example.test,copy019@example.test,2025-06-10 09:30:00 -08:00,2025-06-10 09:31:00 -08:00,sender012@example.test,Synthetic title 00569,Synthetic subject 00569,recipient011@example.test,synthetic_document_00569.pdf,No,Synthetic joint defense,
SYNLCPRV024-0002281,SYNLCPRV024-0002281,Synthetic Person 016,blind010@example.test,copy001@example.test,2025-07-11 09:30:00 -08:00,2025-07-11 09:31:00 -08:00,sender013@example.test,Synthetic title 00570,Synthetic subject 00570,recipient012@example.test,synthetic_document_00570.pdf,Yes,Synthetic attorney-client,
SYNLCPRV024-0002285,SYNLCPRV024-0002286,Synthetic Person 017,blind011@example.test,copy002@example.test,2025-08-12 09:30:00 -08:00,2025-08-12 09:31:00 -08:00,sender014@example.test,Synthetic title 00571,Synthetic subject 00571,recipient013@example.test,synthetic_document_00571.pdf,No,Synthetic work product,
SYNLCPRV024-0002289,SYNLCPRV024-0002291,Synthetic Person 018,blind001@example.test,copy003@example.test,2025-09-13 09:30:00 -08:00,2025-09-13 09:31:00 -08:00,sender015@example.test,Synthetic title 00572,Synthetic subject 00572,recipient014@example.test,synthetic_document_00572.pdf,Yes,Synthetic joint defense,Yes
SYNLCPRV024-0002293,SYNLCPRV024-0002293,Synthetic Person 019,blind002@example.test,copy004@example.test,2025-10-14 09:30:00 -08:00,2025-10-14 09:31:00 -08:00,sender016@example.test,Synthetic title 00573,Synthetic subject 00573,recipient015@example.test,synthetic_document_00573.pdf,No,Synthetic attorney-client,
SYNLCPRV024-0002297,SYNLCPRV024-0002298,Synthetic Person 020,blind003@example.test,copy005@example.test,2025-11-15 09:30:00 -08:00,2025-11-15 09:31:00 -08:00,sender017@example.test,Synthetic title 00574,Synthetic subject 00574,recipient016@example.test,synthetic_document_00574.pdf,Yes,Synthetic work product,
SYNLCPRV024-0002301,SYNLCPRV024-0002303,Synthetic Person 021,blind004@example.test,copy006@example.test,2025-12-16 09:30:00 -08:00,2025-12-16 09:31:00 -08:00,sender018@example.test,Synthetic title 00575,Synthetic subject 00575,recipient017@example.test,synthetic_document_00575.pdf,No,Synthetic joint defense,
SYNLCPRV024-0002305,SYNLCPRV024-0002305,Synthetic Person 022,blind005@example.test,copy007@example.test,2025-01-17 09:30:00 -08:00,2025-01-17 09:31:00 -08:00,sender019@example.test,Synthetic title 00576,Synthetic subject 00576,recipient018@example.test,synthetic_document_00576.pdf,Yes,Synthetic attorney-client,Yes
SYNLCPRV024-0002309,SYNLCPRV024-0002310,Synthetic Person 023,blind006@example.test,copy008@example.test,2025-02-18 09:30:00 -08:00,2025-02-18 09:31:00 -08:00,sender020@example.test,Synthetic title 00577,Synthetic subject 00577,recipient019@example.test,synthetic_document_00577.pdf,No,Synthetic work product,
SYNLCPRV024-0002313,SYNLCPRV024-0002315,Synthetic Person 024,blind007@example.test,copy009@example.test,2025-03-19 09:30:00 -08:00,2025-03-19 09:31:00 -08:00,sender021@example.test,Synthetic title 00578,Synthetic subject 00578,recipient020@example.test,synthetic_document_00578.pdf,Yes,Synthetic joint defense,
SYNLCPRV024-0002317,SYNLCPRV024-0002317,Synthetic Person 025,blind008@example.test,copy010@example.test,2025-04-20 09:30:00 -08:00,2025-04-20 09:31:00 -08:00,sender022@example.test,Synthetic title 00579,Synthetic subject 00579,recipient021@example.test,synthetic_document_00579.pdf,No,Synthetic attorney-client,
SYNLCPRV024-0002321,SYNLCPRV024-0002322,Synthetic Person 026,blind009@example.test,copy011@example.test,2025-05-21 09:30:00 -08:00,2025-05-21 09:31:00 -08:00,sender023@example.test,Synthetic title 00580,Synthetic subject 00580,recipient022@example.test,synthetic_document_00580.pdf,Yes,Synthetic work product,Yes
SYNLCPRV024-0002325,SYNLCPRV024-0002327,Synthetic Person 027,blind010@example.test,copy012@example.test,2025-06-22 09:30:00 -08:00,2025-06-22 09:31:00 -08:00,sender024@example.test,Synthetic title 00581,Synthetic subject 00581,recipient023@example.test,synthetic_document_00581.pdf,No,Synthetic joint defense,
SYNLCPRV024-0002329,SYNLCPRV024-0002329,Synthetic Person 028,blind011@example.test,copy013@example.test,2025-07-23 09:30:00 -08:00,2025-07-23 09:31:00 -08:00,sender025@example.test,Synthetic title 00582,Synthetic subject 00582,recipient024@example.test,synthetic_document_00582.pdf,Yes,Synthetic attorney-client,
SYNLCPRV024-0002333,SYNLCPRV024-0002334,Synthetic Person 029,blind001@example.test,copy014@example.test,2025-08-24 09:30:00 -08:00,2025-08-24 09:31:00 -08:00,sender026@example.test,Synthetic title 00583,Synthetic subject 00583,recipient025@example.test,synthetic_document_00583.pdf,No,Synthetic work product,
SYNLCPRV024-0002337,SYNLCPRV024-0002339,Synthetic Person 030,blind002@example.test,copy015@example.test,2025-09-25 09:30:00 -08:00,2025-09-25 09:31:00 -08:00,sender027@example.test,Synthetic title 00584,Synthetic subject 00584,recipient026@example.test,synthetic_document_00584.pdf,Yes,Synthetic joint defense,Yes
SYNLCPRV024-0002341,SYNLCPRV024-0002341,Synthetic Person 031,blind003@example.test,copy016@example.test,2025-10-26 09:30:00 -08:00,2025-10-26 09:31:00 -08:00,sender028@example.test,Synthetic title 00585,Synthetic subject 00585,recipient027@example.test,synthetic_document_00585.pdf,No,Synthetic attorney-client,
SYNLCPRV024-0002345,SYNLCPRV024-0002346,Synthetic Person 032,blind004@example.test,copy017@example.test,2025-11-27 09:30:00 -08:00,2025-11-27 09:31:00 -08:00,sender029@example.test,Synthetic title 00586,Synthetic subject 00586,recipient028@example.test,synthetic_document_00586.pdf,Yes,Synthetic work product,
SYNLCPRV024-0002349,SYNLCPRV024-0002351,Synthetic Person 033,blind005@example.test,copy018@example.test,2025-12-28 09:30:00 -08:00,2025-12-28 09:31:00 -08:00,sender030@example.test,Synthetic title 00587,Synthetic subject 00587,recipient029@example.test,synthetic_document_00587.pdf,No,Synthetic joint defense,
SYNLCPRV024-0002353,SYNLCPRV024-0002353,Synthetic Person 034,blind006@example.test,copy019@example.test,2025-01-01 09:30:00 -08:00,2025-01-01 09:31:00 -08:00,sender031@example.test,Synthetic title 00588,Synthetic subject 00588,recipient030@example.test,synthetic_document_00588.pdf,Yes,Synthetic attorney-client,Yes
SYNLCPRV024-0002357,SYNLCPRV024-0002358,Synthetic Person 035,blind007@example.test,copy001@example.test,2025-02-02 09:30:00 -08:00,2025-02-02 09:31:00 -08:00,sender001@example.test,Synthetic title 00589,Synthetic subject 00589,recipient031@example.test,synthetic_document_00589.pdf,No,Synthetic work product,
SYNLCPRV024-0002361,SYNLCPRV024-0002363,Synthetic Person 036,blind008@example.test,copy002@example.test,2025-03-03 09:30:00 -08:00,2025-03-03 09:31:00 -08:00,sender002@example.test,Synthetic title 00590,Synthetic subject 00590,recipient032@example.test,synthetic_document_00590.pdf,Yes,Synthetic joint defense,
SYNLCPRV024-0002365,SYNLCPRV024-0002365,Synthetic Person 037,blind009@example.test,copy003@example.test,2025-04-04 09:30:00 -08:00,2025-04-04 09:31:00 -08:00,sender003@example.test,Synthetic title 00591,Synthetic subject 00591,recipient033@example.test,synthetic_document_00591.pdf,No,Synthetic attorney-client,
SYNLCPRV024-0002369,SYNLCPRV024-0002370,Synthetic Person 001,blind010@example.test,copy004@example.test,2025-05-05 09:30:00 -08:00,2025-05-05 09:31:00 -08:00,sender004@example.test,Synthetic title 00592,Synthetic subject 00592,recipient034@example.test,synthetic_document_00592.pdf,Yes,Synthetic work product,Yes
SYNLCPRV024-0002373,SYNLCPRV024-0002375,Synthetic Person 002,blind011@example.test,copy005@example.test,2025-06-06 09:30:00 -08:00,2025-06-06 09:31:00 -08:00,sender005@example.test,Synthetic title 00593,Synthetic subject 00593,recipient035@example.test,synthetic_document_00593.pdf,No,Synthetic joint defense,
SYNLCPRV024-0002377,SYNLCPRV024-0002377,Synthetic Person 003,blind001@example.test,copy006@example.test,2025-07-07 09:30:00 -08:00,2025-07-07 09:31:00 -08:00,sender006@example.test,Synthetic title 00594,Synthetic subject 00594,recipient036@example.test,synthetic_document_00594.pdf,Yes,Synthetic attorney-client,
SYNLCPRV024-0002381,SYNLCPRV024-0002382,Synthetic Person 004,blind002@example.test,copy007@example.test,2025-08-08 09:30:00 -08:00,2025-08-08 09:31:00 -08:00,sender007@example.test,Synthetic title 00595,Synthetic subject 00595,recipient037@example.test,synthetic_document_00595.pdf,No,Synthetic work product,
SYNLCPRV024-0002385,SYNLCPRV024-0002387,Synthetic Person 005,blind003@example.test,copy008@example.test,2025-09-09 09:30:00 -08:00,2025-09-09 09:31:00 -08:00,sender008@example.test,Synthetic title 00596,Synthetic subject 00596,recipient038@example.test,synthetic_document_00596.pdf,Yes,Synthetic joint defense,Yes
SYNLCPRV024-0002389,SYNLCPRV024-0002389,Synthetic Person 006,blind004@example.test,copy009@example.test,2025-10-10 09:30:00 -08:00,2025-10-10 09:31:00 -08:00,sender009@example.test,Synthetic title 00597,Synthetic subject 00597,recipient039@example.test,synthetic_document_00597.pdf,No,Synthetic attorney-client,
SYNLCPRV024-0002393,SYNLCPRV024-0002394,Synthetic Person 007,blind005@example.test,copy010@example.test,2025-11-11 09:30:00 -08:00,2025-11-11 09:31:00 -08:00,sender010@example.test,Synthetic title 00598,Synthetic subject 00598,recipient040@example.test,synthetic_document_00598.pdf,Yes,Synthetic work product,
SYNLCPRV024-0002397,SYNLCPRV024-0002399,Synthetic Person 008,blind006@example.test,copy011@example.test,2025-12-12 09:30:00 -08:00,2025-12-12 09:31:00 -08:00,sender011@example.test,Synthetic title 00599,Synthetic subject 00599,recipient041@example.test,synthetic_document_00599.pdf,No,Synthetic joint defense,
SYNLCPRV024-0002401,SYNLCPRV024-0002401,Synthetic Person 009,blind007@example.test,copy012@example.test,2025-01-13 09:30:00 -08:00,2025-01-13 09:31:00 -08:00,sender012@example.test,Synthetic title 00600,Synthetic subject 00600,recipient042@example.test,synthetic_document_00600.pdf,Yes,Synthetic attorney-client,Yes
SYNLCPRV024-0002405,SYNLCPRV024-0002406,Synthetic Person 010,blind008@example.test,copy013@example.test,2025-02-14 09:30:00 -08:00,2025-02-14 09:31:00 -08:00,sender013@example.test,Synthetic title 00601,Synthetic subject 00601,recipient043@example.test,synthetic_document_00601.pdf,No,Synthetic work product,
SYNLCPRV024-0002409,SYNLCPRV024-0002411,Synthetic Person 011,blind009@example.test,copy014@example.test,2025-03-15 09:30:00 -08:00,2025-03-15 09:31:00 -08:00,sender014@example.test,Synthetic title 00602,Synthetic subject 00602,recipient001@example.test,synthetic_document_00602.pdf,Yes,Synthetic joint defense,
SYNLCPRV024-0002413,SYNLCPRV024-0002413,Synthetic Person 012,blind010@example.test,copy015@example.test,2025-04-16 09:30:00 -08:00,2025-04-16 09:31:00 -08:00,sender015@example.test,Synthetic title 00603,Synthetic subject 00603,recipient002@example.test,synthetic_document_00603.pdf,No,Synthetic attorney-client,
SYNLCPRV024-0002417,SYNLCPRV024-0002418,Synthetic Person 013,blind011@example.test,copy016@example.test,2025-05-17 09:30:00 -08:00,2025-05-17 09:31:00 -08:00,sender016@example.test,Synthetic title 00604,Synthetic subject 00604,recipient003@example.test,synthetic_document_00604.pdf,Yes,Synthetic work product,Yes
SYNLCPRV024-0002421,SYNLCPRV024-0002423,Synthetic Person 014,blind001@example.test,copy017@example.test,2025-06-18 09:30:00 -08:00,2025-06-18 09:31:00 -08:00,sender017@example.test,Synthetic title 00605,Synthetic subject 00605,recipient004@example.test,synthetic_document_00605.pdf,No,Synthetic joint defense,
SYNLCPRV024-0002425,SYNLCPRV024-0002425,Synthetic Person 015,blind002@example.test,copy018@example.test,2025-07-19 09:30:00 -08:00,2025-07-19 09:31:00 -08:00,sender018@example.test,Synthetic title 00606,Synthetic subject 00606,recipient005@example.test,synthetic_document_00606.pdf,Yes,Synthetic attorney-client,
SYNLCPRV024-0002429,SYNLCPRV024-0002430,Synthetic Person 016,blind003@example.test,copy019@example.test,2025-08-20 09:30:00 -08:00,2025-08-20 09:31:00 -08:00,sender019@example.test,Synthetic title 00607,Synthetic subject 00607,recipient006@example.test,synthetic_document_00607.pdf,No,Synthetic work product,
SYNLCPRV024-0002433,SYNLCPRV024-0002435,Synthetic Person 017,blind004@example.test,copy001@example.test,2025-09-21 09:30:00 -08:00,2025-09-21 09:31:00 -08:00,sender020@example.test,Synthetic title 00608,Synthetic subject 00608,recipient007@example.test,synthetic_document_00608.pdf,Yes,Synthetic joint defense,Yes
SYNLCPRV024-0002437,SYNLCPRV024-0002437,Synthetic Person 018,blind005@example.test,copy002@example.test,2025-10-22 09:30:00 -08:00,2025-10-22 09:31:00 -08:00,sender021@example.test,Synthetic title 00609,Synthetic subject 00609,recipient008@example.test,synthetic_document_00609.pdf,No,Synthetic attorney-client,
SYNLCPRV024-0002441,SYNLCPRV024-0002442,Synthetic Person 019,blind006@example.test,copy003@example.test,2025-11-23 09:30:00 -08:00,2025-11-23 09:31:00 -08:00,sender022@example.test,Synthetic title 00610,Synthetic subject 00610,recipient009@example.test,synthetic_document_00610.pdf,Yes,Synthetic work product,
SYNLCPRV024-0002445,SYNLCPRV024-0002447,Synthetic Person 020,blind007@example.test,copy004@example.test,2025-12-24 09:30:00 -08:00,2025-12-24 09:31:00 -08:00,sender023@example.test,Synthetic title 00611,Synthetic subject 00611,recipient010@example.test,synthetic_document_00611.pdf,No,Synthetic joint defense,
SYNLCPRV024-0002449,SYNLCPRV024-0002449,Synthetic Person 021,blind008@example.test,copy005@example.test,2025-01-25 09:30:00 -08:00,2025-01-25 09:31:00 -08:00,sender024@example.test,Synthetic title 00612,Synthetic subject 00612,recipient011@example.test,synthetic_document_00612.pdf,Yes,Synthetic attorney-client,Yes
SYNLCPRV024-0002453,SYNLCPRV024-0002454,Synthetic Person 022,blind009@example.test,copy006@example.test,2025-02-26 09:30:00 -08:00,2025-02-26 09:31:00 -08:00,sender025@example.test,Synthetic title 00613,Synthetic subject 00613,recipient012@example.test,synthetic_document_00613.pdf,No,Synthetic work product,
SYNLCPRV024-0002457,SYNLCPRV024-0002459,Synthetic Person 023,blind010@example.test,copy007@example.test,2025-03-27 09:30:00 -08:00,2025-03-27 09:31:00 -08:00,sender026@example.test,Synthetic title 00614,Synthetic subject 00614,recipient013@example.test,synthetic_document_00614.pdf,Yes,Synthetic joint defense,
SYNLCPRV024-0002461,SYNLCPRV024-0002461,Synthetic Person 024,blind011@example.test,copy008@example.test,2025-04-28 09:30:00 -08:00,2025-04-28 09:31:00 -08:00,sender027@example.test,Synthetic title 00615,Synthetic subject 00615,recipient014@example.test,synthetic_document_00615.pdf,No,Synthetic attorney-client,
SYNLCPRV024-0002465,SYNLCPRV024-0002466,Synthetic Person 025,blind001@example.test,copy009@example.test,2025-05-01 09:30:00 -08:00,2025-05-01 09:31:00 -08:00,sender028@example.test,Synthetic title 00616,Synthetic subject 00616,recipient015@example.test,synthetic_document_00616.pdf,Yes,Synthetic work product,Yes
SYNLCPRV024-0002469,SYNLCPRV024-0002471,Synthetic Person 026,blind002@example.test,copy010@example.test,2025-06-02 09:30:00 -08:00,2025-06-02 09:31:00 -08:00,sender029@example.test,Synthetic title 00617,Synthetic subject 00617,recipient016@example.test,synthetic_document_00617.pdf,No,Synthetic joint defense,
SYNLCPRV024-0002473,SYNLCPRV024-0002473,Synthetic Person 027,blind003@example.test,copy011@example.test,2025-07-03 09:30:00 -08:00,2025-07-03 09:31:00 -08:00,sender030@example.test,Synthetic title 00618,Synthetic subject 00618,recipient017@example.test,synthetic_document_00618.pdf,Yes,Synthetic attorney-client,
SYNLCPRV024-0002477,SYNLCPRV024-0002478,Synthetic Person 028,blind004@example.test,copy012@example.test,2025-08-04 09:30:00 -08:00,2025-08-04 09:31:00 -08:00,sender031@example.test,Synthetic title 00619,Synthetic subject 00619,recipient018@example.test,synthetic_document_00619.pdf,No,Synthetic work product,
SYNLCPRV024-0002481,SYNLCPRV024-0002483,Synthetic Person 029,blind005@example.test,copy013@example.test,2025-09-05 09:30:00 -08:00,2025-09-05 09:31:00 -08:00,sender001@example.test,Synthetic title 00620,Synthetic subject 00620,recipient019@example.test,synthetic_document_00620.pdf,Yes,Synthetic joint defense,Yes
SYNLCPRV024-0002485,SYNLCPRV024-0002485,Synthetic Person 030,blind006@example.test,copy014@example.test,2025-10-06 09:30:00 -08:00,2025-10-06 09:31:00 -08:00,sender002@example.test,Synthetic title 00621,Synthetic subject 00621,recipient020@example.test,synthetic_document_00621.pdf,No,Synthetic attorney-client,
SYNLCPRV024-0002489,SYNLCPRV024-0002490,Synthetic Person 031,blind007@example.test,copy015@example.test,2025-11-07 09:30:00 -08:00,2025-11-07 09:31:00 -08:00,sender003@example.test,Synthetic title 00622,Synthetic subject 00622,recipient021@example.test,synthetic_document_00622.pdf,Yes,Synthetic work product,
SYNLCPRV024-0002493,SYNLCPRV024-0002495,Synthetic Person 032,blind008@example.test,copy016@example.test,2025-12-08 09:30:00 -08:00,2025-12-08 09:31:00 -08:00,sender004@example.test,Synthetic title 00623,Synthetic subject 00623,recipient022@example.test,synthetic_document_00623.pdf,No,Synthetic joint defense,
SYNLCPRV024-0002497,SYNLCPRV024-0002497,Synthetic Person 033,blind009@example.test,copy017@example.test,2025-01-09 09:30:00 -08:00,2025-01-09 09:31:00 -08:00,sender005@example.test,Synthetic title 00624,Synthetic subject 00624,recipient023@example.test,synthetic_document_00624.pdf,Yes,Synthetic attorney-client,Yes
SYNLCPRV024-0002501,SYNLCPRV024-0002502,Synthetic Person 034,blind010@example.test,copy018@example.test,2025-02-10 09:30:00 -08:00,2025-02-10 09:31:00 -08:00,sender006@example.test,Synthetic title 00625,Synthetic subject 00625,recipient024@example.test,synthetic_document_00625.pdf,No,Synthetic work product,
SYNLCPRV024-0002505,SYNLCPRV024-0002507,Synthetic Person 035,blind011@example.test,copy019@example.test,2025-03-11 09:30:00 -08:00,2025-03-11 09:31:00 -08:00,sender007@example.test,Synthetic title 00626,Synthetic subject 00626,recipient025@example.test,synthetic_document_00626.pdf,Yes,Synthetic joint defense,
SYNLCPRV024-0002509,SYNLCPRV024-0002509,Synthetic Person 036,blind001@example.test,copy001@example.test,2025-04-12 09:30:00 -08:00,2025-04-12 09:31:00 -08:00,sender008@example.test,Synthetic title 00627,Synthetic subject 00627,recipient026@example.test,synthetic_document_00627.pdf,No,Synthetic attorney-client,
SYNLCPRV024-0002513,SYNLCPRV024-0002514,Synthetic Person 037,blind002@example.test,copy002@example.test,2025-05-13 09:30:00 -08:00,2025-05-13 09:31:00 -08:00,sender009@example.test,Synthetic title 00628,Synthetic subject 00628,recipient027@example.test,synthetic_document_00628.pdf,Yes,Synthetic work product,Yes
SYNLCPRV024-0002517,SYNLCPRV024-0002519,Synthetic Person 001,blind003@example.test,copy003@example.test,2025-06-14 09:30:00 -08:00,2025-06-14 09:31:00 -08:00,sender010@example.test,Synthetic title 00629,Synthetic subject 00629,recipient028@example.test,synthetic_document_00629.pdf,No,Synthetic joint defense,
SYNLCPRV024-0002521,SYNLCPRV024-0002521,Synthetic Person 002,blind004@example.test,copy004@example.test,2025-07-15 09:30:00 -08:00,2025-07-15 09:31:00 -08:00,sender011@example.test,Synthetic title 00630,Synthetic subject 00630,recipient029@example.test,synthetic_document_00630.pdf,Yes,Synthetic attorney-client,
SYNLCPRV024-0002525,SYNLCPRV024-0002526,Synthetic Person 003,blind005@example.test,copy005@example.test,2025-08-16 09:30:00 -08:00,2025-08-16 09:31:00 -08:00,sender012@example.test,Synthetic title 00631,Synthetic subject 00631,recipient030@example.test,synthetic_document_00631.pdf,No,Synthetic work product,
SYNLCPRV024-0002529,SYNLCPRV024-0002531,Synthetic Person 004,blind006@example.test,copy006@example.test,2025-09-17 09:30:00 -08:00,2025-09-17 09:31:00 -08:00,sender013@example.test,Synthetic title 00632,Synthetic subject 00632,recipient031@example.test,synthetic_document_00632.pdf,Yes,Synthetic joint defense,Yes
SYNLCPRV024-0002533,SYNLCPRV024-0002533,Synthetic Person 005,blind007@example.test,copy007@example.test,2025-10-18 09:30:00 -08:00,2025-10-18 09:31:00 -08:00,sender014@example.test,Synthetic title 00633,Synthetic subject 00633,recipient032@example.test,synthetic_document_00633.pdf,No,Synthetic attorney-client,
SYNLCPRV024-0002537,SYNLCPRV024-0002538,Synthetic Person 006,blind008@example.test,copy008@example.test,2025-11-19 09:30:00 -08:00,2025-11-19 09:31:00 -08:00,sender015@example.test,Synthetic title 00634,Synthetic subject 00634,recipient033@example.test,synthetic_document_00634.pdf,Yes,Synthetic work product,
SYNLCPRV024-0002541,SYNLCPRV024-0002543,Synthetic Person 007,blind009@example.test,copy009@example.test,2025-12-20 09:30:00 -08:00,2025-12-20 09:31:00 -08:00,sender016@example.test,Synthetic title 00635,Synthetic subject 00635,recipient034@example.test,synthetic_document_00635.pdf,No,Synthetic joint defense,
SYNLCPRV024-0002545,SYNLCPRV024-0002545,Synthetic Person 008,blind010@example.test,copy010@example.test,2025-01-21 09:30:00 -08:00,2025-01-21 09:31:00 -08:00,sender017@example.test,Synthetic title 00636,Synthetic subject 00636,recipient035@example.test,synthetic_document_00636.pdf,Yes,Synthetic attorney-client,Yes
SYNLCPRV024-0002549,SYNLCPRV024-0002550,Synthetic Person 009,blind011@example.test,copy011@example.test,2025-02-22 09:30:00 -08:00,2025-02-22 09:31:00 -08:00,sender018@example.test,Synthetic title 00637,Synthetic subject 00637,recipient036@example.test,synthetic_document_00637.pdf,No,Synthetic work product,
SYNLCPRV024-0002553,SYNLCPRV024-0002555,Synthetic Person 010,blind001@example.test,copy012@example.test,2025-03-23 09:30:00 -08:00,2025-03-23 09:31:00 -08:00,sender019@example.test,Synthetic title 00638,Synthetic subject 00638,recipient037@example.test,synthetic_document_00638.pdf,Yes,Synthetic joint defense,
SYNLCPRV024-0002557,SYNLCPRV024-0002557,Synthetic Person 011,blind002@example.test,copy013@example.test,2025-04-24 09:30:00 -08:00,2025-04-24 09:31:00 -08:00,sender020@example.test,Synthetic title 00639,Synthetic subject 00639,recipient038@example.test,synthetic_document_00639.pdf,No,Synthetic attorney-client,
SYNLCPRV024-0002561,SYNLCPRV024-0002562,Synthetic Person 012,blind003@example.test,copy014@example.test,2025-05-25 09:30:00 -08:00,2025-05-25 09:31:00 -08:00,sender021@example.test,Synthetic title 00640,Synthetic subject 00640,recipient039@example.test,synthetic_document_00640.pdf,Yes,Synthetic work product,Yes
SYNLCPRV024-0002565,SYNLCPRV024-0002567,Synthetic Person 013,blind004@example.test,copy015@example.test,2025-06-26 09:30:00 -08:00,2025-06-26 09:31:00 -08:00,sender022@example.test,Synthetic title 00641,Synthetic subject 00641,recipient040@example.test,synthetic_document_00641.pdf,No,Synthetic joint defense,
SYNLCPRV024-0002569,SYNLCPRV024-0002569,Synthetic Person 014,blind005@example.test,copy016@example.test,2025-07-27 09:30:00 -08:00,2025-07-27 09:31:00 -08:00,sender023@example.test,Synthetic title 00642,Synthetic subject 00642,recipient041@example.test,synthetic_document_00642.pdf,Yes,Synthetic attorney-client,
SYNLCPRV024-0002573,SYNLCPRV024-0002574,Synthetic Person 015,blind006@example.test,copy017@example.test,2025-08-28 09:30:00 -08:00,2025-08-28 09:31:00 -08:00,sender024@example.test,Synthetic title 00643,Synthetic subject 00643,recipient042@example.test,synthetic_document_00643.pdf,No,Synthetic work product,
SYNLCPRV024-0002577,SYNLCPRV024-0002579,Synthetic Person 016,blind007@example.test,copy018@example.test,2025-09-01 09:30:00 -08:00,2025-09-01 09:31:00 -08:00,sender025@example.test,Synthetic title 00644,Synthetic subject 00644,recipient043@example.test,synthetic_document_00644.pdf,Yes,Synthetic joint defense,Yes
SYNLCPRV024-0002581,SYNLCPRV024-0002581,Synthetic Person 017,blind008@example.test,copy019@example.test,2025-10-02 09:30:00 -08:00,2025-10-02 09:31:00 -08:00,sender026@example.test,Synthetic title 00645,Synthetic subject 00645,recipient001@example.test,synthetic_document_00645.pdf,No,Synthetic attorney-client,
SYNLCPRV024-0002585,SYNLCPRV024-0002586,Synthetic Person 018,blind009@example.test,copy001@example.test,2025-11-03 09:30:00 -08:00,2025-11-03 09:31:00 -08:00,sender027@example.test,Synthetic title 00646,Synthetic subject 00646,recipient002@example.test,synthetic_document_00646.pdf,Yes,Synthetic work product,
SYNLCPRV024-0002589,SYNLCPRV024-0002591,Synthetic Person 019,blind010@example.test,copy002@example.test,2025-12-04 09:30:00 -08:00,2025-12-04 09:31:00 -08:00,sender028@example.test,Synthetic title 00647,Synthetic subject 00647,recipient003@example.test,synthetic_document_00647.pdf,No,Synthetic joint defense,
SYNLCPRV024-0002593,SYNLCPRV024-0002593,Synthetic Person 020,blind011@example.test,copy003@example.test,2025-01-05 09:30:00 -08:00,2025-01-05 09:31:00 -08:00,sender029@example.test,Synthetic title 00648,Synthetic subject 00648,recipient004@example.test,synthetic_document_00648.pdf,Yes,Synthetic attorney-client,Yes
SYNLCPRV024-0002597,SYNLCPRV024-0002598,Synthetic Person 021,blind001@example.test,copy004@example.test,2025-02-06 09:30:00 -08:00,2025-02-06 09:31:00 -08:00,sender030@example.test,Synthetic title 00649,Synthetic subject 00649,recipient005@example.test,synthetic_document_00649.pdf,No,Synthetic work product,
SYNLCPRV024-0002601,SYNLCPRV024-0002603,Synthetic Person 022,blind002@example.test,copy005@example.test,2025-03-07 09:30:00 -08:00,2025-03-07 09:31:00 -08:00,sender031@example.test,Synthetic title 00650,Synthetic subject 00650,recipient006@example.test,synthetic_document_00650.pdf,Yes,Synthetic joint defense,
SYNLCPRV024-0002605,SYNLCPRV024-0002605,Synthetic Person 023,blind003@example.test,copy006@example.test,2025-04-08 09:30:00 -08:00,2025-04-08 09:31:00 -08:00,sender001@example.test,Synthetic title 00651,Synthetic subject 00651,recipient007@example.test,synthetic_document_00651.pdf,No,Synthetic attorney-client,
SYNLCPRV024-0002609,SYNLCPRV024-0002610,Synthetic Person 024,blind004@example.test,copy007@example.test,2025-05-09 09:30:00 -08:00,2025-05-09 09:31:00 -08:00,sender002@example.test,Synthetic title 00652,Synthetic subject 00652,recipient008@example.test,synthetic_document_00652.pdf,Yes,Synthetic work product,Yes
SYNLCPRV024-0002613,SYNLCPRV024-0002615,Synthetic Person 025,blind005@example.test,copy008@example.test,2025-06-10 09:30:00 -08:00,2025-06-10 09:31:00 -08:00,sender003@example.test,Synthetic title 00653,Synthetic subject 00653,recipient009@example.test,synthetic_document_00653.pdf,No,Synthetic joint defense,
SYNLCPRV024-0002617,SYNLCPRV024-0002617,Synthetic Person 026,blind006@example.test,copy009@example.test,2025-07-11 09:30:00 -08:00,2025-07-11 09:31:00 -08:00,sender004@example.test,Synthetic title 00654,Synthetic subject 00654,recipient010@example.test,synthetic_document_00654.pdf,Yes,Synthetic attorney-client,
SYNLCPRV024-0002621,SYNLCPRV024-0002622,Synthetic Person 027,blind007@example.test,copy010@example.test,2025-08-12 09:30:00 -08:00,2025-08-12 09:31:00 -08:00,sender005@example.test,Synthetic title 00655,Synthetic subject 00655,recipient011@example.test,synthetic_document_00655.pdf,No,Synthetic work product,
SYNLCPRV024-0002625,SYNLCPRV024-0002627,Synthetic Person 028,blind008@example.test,copy011@example.test,2025-09-13 09:30:00 -08:00,2025-09-13 09:31:00 -08:00,sender006@example.test,Synthetic title 00656,Synthetic subject 00656,recipient012@example.test,synthetic_document_00656.pdf,Yes,Synthetic joint defense,Yes
SYNLCPRV024-0002629,SYNLCPRV024-0002629,Synthetic Person 029,blind009@example.test,copy012@example.test,2025-10-14 09:30:00 -08:00,2025-10-14 09:31:00 -08:00,sender007@example.test,Synthetic title 00657,Synthetic subject 00657,recipient013@example.test,synthetic_document_00657.pdf,No,Synthetic attorney-client,
SYNLCPRV024-0002633,SYNLCPRV024-0002634,Synthetic Person 030,blind010@example.test,copy013@example.test,2025-11-15 09:30:00 -08:00,2025-11-15 09:31:00 -08:00,sender008@example.test,Synthetic title 00658,Synthetic subject 00658,recipient014@example.test,synthetic_document_00658.pdf,Yes,Synthetic work product,
SYNLCPRV024-0002637,SYNLCPRV024-0002639,Synthetic Person 031,blind011@example.test,copy014@example.test,2025-12-16 09:30:00 -08:00,2025-12-16 09:31:00 -08:00,sender009@example.test,Synthetic title 00659,Synthetic subject 00659,recipient015@example.test,synthetic_document_00659.pdf,No,Synthetic joint defense,
SYNLCPRV024-0002641,SYNLCPRV024-0002641,Synthetic Person 032,blind001@example.test,copy015@example.test,2025-01-17 09:30:00 -08:00,2025-01-17 09:31:00 -08:00,sender010@example.test,Synthetic title 00660,Synthetic subject 00660,recipient016@example.test,synthetic_document_00660.pdf,Yes,Synthetic attorney-client,Yes
SYNLCPRV024-0002645,SYNLCPRV024-0002646,Synthetic Person 033,blind002@example.test,copy016@example.test,2025-02-18 09:30:00 -08:00,2025-02-18 09:31:00 -08:00,sender011@example.test,Synthetic title 00661,Synthetic subject 00661,recipient017@example.test,synthetic_document_00661.pdf,No,Synthetic work product,
SYNLCPRV024-0002649,SYNLCPRV024-0002651,Synthetic Person 034,blind003@example.test,copy017@example.test,2025-03-19 09:30:00 -08:00,2025-03-19 09:31:00 -08:00,sender012@example.test,Synthetic title 00662,Synthetic subject 00662,recipient018@example.test,synthetic_document_00662.pdf,Yes,Synthetic joint defense,
SYNLCPRV024-0002653,SYNLCPRV024-0002653,Synthetic Person 035,blind004@example.test,copy018@example.test,2025-04-20 09:30:00 -08:00,2025-04-20 09:31:00 -08:00,sender013@example.test,Synthetic title 00663,Synthetic subject 00663,recipient019@example.test,synthetic_document_00663.pdf,No,Synthetic attorney-client,
SYNLCPRV024-0002657,SYNLCPRV024-0002658,Synthetic Person 036,blind005@example.test,copy019@example.test,2025-05-21 09:30:00 -08:00,2025-05-21 09:31:00 -08:00,sender014@example.test,Synthetic title 00664,Synthetic subject 00664,recipient020@example.test,synthetic_document_00664.pdf,Yes,Synthetic work product,Yes
SYNLCPRV024-0002661,SYNLCPRV024-0002663,Synthetic Person 037,blind006@example.test,copy001@example.test,2025-06-22 09:30:00 -08:00,2025-06-22 09:31:00 -08:00,sender015@example.test,Synthetic title 00665,Synthetic subject 00665,recipient021@example.test,synthetic_document_00665.pdf,No,Synthetic joint defense,
SYNLCPRV024-0002665,SYNLCPRV024-0002665,Synthetic Person 001,blind007@example.test,copy002@example.test,2025-07-23 09:30:00 -08:00,2025-07-23 09:31:00 -08:00,sender016@example.test,Synthetic title 00666,Synthetic subject 00666,recipient022@example.test,synthetic_document_00666.pdf,Yes,Synthetic attorney-client,
SYNLCPRV024-0002669,SYNLCPRV024-0002670,Synthetic Person 002,blind008@example.test,copy003@example.test,2025-08-24 09:30:00 -08:00,2025-08-24 09:31:00 -08:00,sender017@example.test,Synthetic title 00667,Synthetic subject 00667,recipient023@example.test,synthetic_document_00667.pdf,No,Synthetic work product,
SYNLCPRV024-0002673,SYNLCPRV024-0002675,Synthetic Person 003,blind009@example.test,copy004@example.test,2025-09-25 09:30:00 -08:00,2025-09-25 09:31:00 -08:00,sender018@example.test,Synthetic title 00668,Synthetic subject 00668,recipient024@example.test,synthetic_document_00668.pdf,Yes,Synthetic joint defense,Yes
SYNLCPRV024-0002677,SYNLCPRV024-0002677,Synthetic Person 004,blind010@example.test,copy005@example.test,2025-10-26 09:30:00 -08:00,2025-10-26 09:31:00 -08:00,sender019@example.test,Synthetic title 00669,Synthetic subject 00669,recipient025@example.test,synthetic_document_00669.pdf,No,Synthetic attorney-client,
SYNLCPRV024-0002681,SYNLCPRV024-0002682,Synthetic Person 005,blind011@example.test,copy006@example.test,2025-11-27 09:30:00 -08:00,2025-11-27 09:31:00 -08:00,sender020@example.test,Synthetic title 00670,Synthetic subject 00670,recipient026@example.test,synthetic_document_00670.pdf,Yes,Synthetic work product,
SYNLCPRV024-0002685,SYNLCPRV024-0002687,Synthetic Person 006,blind001@example.test,copy007@example.test,2025-12-28 09:30:00 -08:00,2025-12-28 09:31:00 -08:00,sender021@example.test,Synthetic title 00671,Synthetic subject 00671,recipient027@example.test,synthetic_document_00671.pdf,No,Synthetic joint defense,
SYNLCPRV024-0002689,SYNLCPRV024-0002689,Synthetic Person 007,blind002@example.test,copy008@example.test,2025-01-01 09:30:00 -08:00,2025-01-01 09:31:00 -08:00,sender022@example.test,Synthetic title 00672,Synthetic subject 00672,recipient028@example.test,synthetic_document_00672.pdf,Yes,Synthetic attorney-client,Yes
SYNLCPRV024-0002693,SYNLCPRV024-0002694,Synthetic Person 008,blind003@example.test,copy009@example.test,2025-02-02 09:30:00 -08:00,2025-02-02 09:31:00 -08:00,sender023@example.test,Synthetic title 00673,Synthetic subject 00673,recipient029@example.test,synthetic_document_00673.pdf,No,Synthetic work product,
SYNLCPRV024-0002697,SYNLCPRV024-0002699,Synthetic Person 009,blind004@example.test,copy010@example.test,2025-03-03 09:30:00 -08:00,2025-03-03 09:31:00 -08:00,sender024@example.test,Synthetic title 00674,Synthetic subject 00674,recipient030@example.test,synthetic_document_00674.pdf,Yes,Synthetic joint defense,
SYNLCPRV024-0002701,SYNLCPRV024-0002701,Synthetic Person 010,blind005@example.test,copy011@example.test,2025-04-04 09:30:00 -08:00,2025-04-04 09:31:00 -08:00,sender025@example.test,Synthetic title 00675,Synthetic subject 00675,recipient031@example.test,synthetic_document_00675.pdf,No,Synthetic attorney-client,
SYNLCPRV024-0002705,SYNLCPRV024-0002706,Synthetic Person 011,blind006@example.test,copy012@example.test,2025-05-05 09:30:00 -08:00,2025-05-05 09:31:00 -08:00,sender026@example.test,Synthetic title 00676,Synthetic subject 00676,recipient032@example.test,synthetic_document_00676.pdf,Yes,Synthetic work product,Yes
SYNLCPRV024-0002709,SYNLCPRV024-0002711,Synthetic Person 012,blind007@example.test,copy013@example.test,2025-06-06 09:30:00 -08:00,2025-06-06 09:31:00 -08:00,sender027@example.test,Synthetic title 00677,Synthetic subject 00677,recipient033@example.test,synthetic_document_00677.pdf,No,Synthetic joint defense,
SYNLCPRV024-0002713,SYNLCPRV024-0002713,Synthetic Person 013,blind008@example.test,copy014@example.test,2025-07-07 09:30:00 -08:00,2025-07-07 09:31:00 -08:00,sender028@example.test,Synthetic title 00678,Synthetic subject 00678,recipient034@example.test,synthetic_document_00678.pdf,Yes,Synthetic attorney-client,
SYNLCPRV024-0002717,SYNLCPRV024-0002718,Synthetic Person 014,blind009@example.test,copy015@example.test,2025-08-08 09:30:00 -08:00,2025-08-08 09:31:00 -08:00,sender029@example.test,Synthetic title 00679,Synthetic subject 00679,recipient035@example.test,synthetic_document_00679.pdf,No,Synthetic work product,
SYNLCPRV024-0002721,SYNLCPRV024-0002723,Synthetic Person 015,blind010@example.test,copy016@example.test,2025-09-09 09:30:00 -08:00,2025-09-09 09:31:00 -08:00,sender030@example.test,Synthetic title 00680,Synthetic subject 00680,recipient036@example.test,synthetic_document_00680.pdf,Yes,Synthetic joint defense,Yes
SYNLCPRV024-0002725,SYNLCPRV024-0002725,Synthetic Person 016,blind011@example.test,copy017@example.test,2025-10-10 09:30:00 -08:00,2025-10-10 09:31:00 -08:00,sender031@example.test,Synthetic title 00681,Synthetic subject 00681,recipient037@example.test,synthetic_document_00681.pdf,No,Synthetic attorney-client,
SYNLCPRV024-0002729,SYNLCPRV024-0002730,Synthetic Person 017,blind001@example.test,copy018@example.test,2025-11-11 09:30:00 -08:00,2025-11-11 09:31:00 -08:00,sender001@example.test,Synthetic title 00682,Synthetic subject 00682,recipient038@example.test,synthetic_document_00682.pdf,Yes,Synthetic work product,
SYNLCPRV024-0002733,SYNLCPRV024-0002735,Synthetic Person 018,blind002@example.test,copy019@example.test,2025-12-12 09:30:00 -08:00,2025-12-12 09:31:00 -08:00,sender002@example.test,Synthetic title 00683,Synthetic subject 00683,recipient039@example.test,synthetic_document_00683.pdf,No,Synthetic joint defense,
SYNLCPRV024-0002737,SYNLCPRV024-0002737,Synthetic Person 019,blind003@example.test,copy001@example.test,2025-01-13 09:30:00 -08:00,2025-01-13 09:31:00 -08:00,sender003@example.test,Synthetic title 00684,Synthetic subject 00684,recipient040@example.test,synthetic_document_00684.pdf,Yes,Synthetic attorney-client,Yes
SYNLCPRV024-0002741,SYNLCPRV024-0002742,Synthetic Person 020,blind004@example.test,copy002@example.test,2025-02-14 09:30:00 -08:00,2025-02-14 09:31:00 -08:00,sender004@example.test,Synthetic title 00685,Synthetic subject 00685,recipient041@example.test,synthetic_document_00685.pdf,No,Synthetic work product,
SYNLCPRV024-0002745,SYNLCPRV024-0002747,Synthetic Person 021,blind005@example.test,copy003@example.test,2025-03-15 09:30:00 -08:00,2025-03-15 09:31:00 -08:00,sender005@example.test,Synthetic title 00686,Synthetic subject 00686,recipient042@example.test,synthetic_document_00686.pdf,Yes,Synthetic joint defense,
SYNLCPRV024-0002749,SYNLCPRV024-0002749,Synthetic Person 022,blind006@example.test,copy004@example.test,2025-04-16 09:30:00 -08:00,2025-04-16 09:31:00 -08:00,sender006@example.test,Synthetic title 00687,Synthetic subject 00687,recipient043@example.test,synthetic_document_00687.pdf,No,Synthetic attorney-client,
SYNLCPRV024-0002753,SYNLCPRV024-0002754,Synthetic Person 023,blind007@example.test,copy005@example.test,2025-05-17 09:30:00 -08:00,2025-05-17 09:31:00 -08:00,sender007@example.test,Synthetic title 00688,Synthetic subject 00688,recipient001@example.test,synthetic_document_00688.pdf,Yes,Synthetic work product,Yes
SYNLCPRV024-0002757,SYNLCPRV024-0002759,Synthetic Person 024,blind008@example.test,copy006@example.test,2025-06-18 09:30:00 -08:00,2025-06-18 09:31:00 -08:00,sender008@example.test,Synthetic title 00689,Synthetic subject 00689,recipient002@example.test,synthetic_document_00689.pdf,No,Synthetic joint defense,
SYNLCPRV024-0002761,SYNLCPRV024-0002761,Synthetic Person 025,blind009@example.test,copy007@example.test,2025-07-19 09:30:00 -08:00,2025-07-19 09:31:00 -08:00,sender009@example.test,Synthetic title 00690,Synthetic subject 00690,recipient003@example.test,synthetic_document_00690.pdf,Yes,Synthetic attorney-client,
SYNLCPRV024-0002765,SYNLCPRV024-0002766,Synthetic Person 026,blind010@example.test,copy008@example.test,2025-08-20 09:30:00 -08:00,2025-08-20 09:31:00 -08:00,sender010@example.test,Synthetic title 00691,Synthetic subject 00691,recipient004@example.test,synthetic_document_00691.pdf,No,Synthetic work product,
SYNLCPRV024-0002769,SYNLCPRV024-0002771,Synthetic Person 027,blind011@example.test,copy009@example.test,2025-09-21 09:30:00 -08:00,2025-09-21 09:31:00 -08:00,sender011@example.test,Synthetic title 00692,Synthetic subject 00692,recipient005@example.test,synthetic_document_00692.pdf,Yes,Synthetic joint defense,Yes
SYNLCPRV024-0002773,SYNLCPRV024-0002773,Synthetic Person 028,blind001@example.test,copy010@example.test,2025-10-22 09:30:00 -08:00,2025-10-22 09:31:00 -08:00,sender012@example.test,Synthetic title 00693,Synthetic subject 00693,recipient006@example.test,synthetic_document_00693.pdf,No,Synthetic attorney-client,
SYNLCPRV024-0002777,SYNLCPRV024-0002778,Synthetic Person 029,blind002@example.test,copy011@example.test,2025-11-23 09:30:00 -08:00,2025-11-23 09:31:00 -08:00,sender013@example.test,Synthetic title 00694,Synthetic subject 00694,recipient007@example.test,synthetic_document_00694.pdf,Yes,Synthetic work product,
SYNLCPRV024-0002781,SYNLCPRV024-0002783,Synthetic Person 030,blind003@example.test,copy012@example.test,2025-12-24 09:30:00 -08:00,2025-12-24 09:31:00 -08:00,sender014@example.test,Synthetic title 00695,Synthetic subject 00695,recipient008@example.test,synthetic_document_00695.pdf,No,Synthetic joint defense,
SYNLCPRV024-0002785,SYNLCPRV024-0002785,Synthetic Person 031,blind004@example.test,copy013@example.test,2025-01-25 09:30:00 -08:00,2025-01-25 09:31:00 -08:00,sender015@example.test,Synthetic title 00696,Synthetic subject 00696,recipient009@example.test,synthetic_document_00696.pdf,Yes,Synthetic attorney-client,Yes
SYNLCPRV024-0002789,SYNLCPRV024-0002790,Synthetic Person 032,blind005@example.test,copy014@example.test,2025-02-26 09:30:00 -08:00,2025-02-26 09:31:00 -08:00,sender016@example.test,Synthetic title 00697,Synthetic subject 00697,recipient010@example.test,synthetic_document_00697.pdf,No,Synthetic work product,
SYNLCPRV024-0002793,SYNLCPRV024-0002795,Synthetic Person 033,blind006@example.test,copy015@example.test,2025-03-27 09:30:00 -08:00,2025-03-27 09:31:00 -08:00,sender017@example.test,Synthetic title 00698,Synthetic subject 00698,recipient011@example.test,synthetic_document_00698.pdf,Yes,Synthetic joint defense,
SYNLCPRV024-0002797,SYNLCPRV024-0002797,Synthetic Person 034,blind007@example.test,copy016@example.test,2025-04-28 09:30:00 -08:00,2025-04-28 09:31:00 -08:00,sender018@example.test,Synthetic title 00699,Synthetic subject 00699,recipient012@example.test,synthetic_document_00699.pdf,No,Synthetic attorney-client,
SYNLCPRV024-0002801,SYNLCPRV024-0002802,Synthetic Person 035,blind008@example.test,copy017@example.test,2025-05-01 09:30:00 -08:00,2025-05-01 09:31:00 -08:00,sender019@example.test,Synthetic title 00700,Synthetic subject 00700,recipient013@example.test,synthetic_document_00700.pdf,Yes,Synthetic work product,Yes
SYNLCPRV024-0002805,SYNLCPRV024-0002807,Synthetic Person 036,blind009@example.test,copy018@example.test,2025-06-02 09:30:00 -08:00,2025-06-02 09:31:00 -08:00,sender020@example.test,Synthetic title 00701,Synthetic subject 00701,recipient014@example.test,synthetic_document_00701.pdf,No,Synthetic joint defense,
SYNLCPRV024-0002809,SYNLCPRV024-0002809,Synthetic Person 037,blind010@example.test,copy019@example.test,2025-07-03 09:30:00 -08:00,2025-07-03 09:31:00 -08:00,sender021@example.test,Synthetic title 00702,Synthetic subject 00702,recipient015@example.test,synthetic_document_00702.pdf,Yes,Synthetic attorney-client,
SYNLCPRV024-0002813,SYNLCPRV024-0002814,Synthetic Person 001,blind011@example.test,copy001@example.test,2025-08-04 09:30:00 -08:00,2025-08-04 09:31:00 -08:00,sender022@example.test,Synthetic title 00703,Synthetic subject 00703,recipient016@example.test,synthetic_document_00703.pdf,No,Synthetic work product,
SYNLCPRV024-0002817,SYNLCPRV024-0002819,Synthetic Person 002,blind001@example.test,copy002@example.test,2025-09-05 09:30:00 -08:00,2025-09-05 09:31:00 -08:00,sender023@example.test,Synthetic title 00704,Synthetic subject 00704,recipient017@example.test,synthetic_document_00704.pdf,Yes,Synthetic joint defense,Yes
SYNLCPRV024-0002821,SYNLCPRV024-0002821,Synthetic Person 003,blind002@example.test,copy003@example.test,2025-10-06 09:30:00 -08:00,2025-10-06 09:31:00 -08:00,sender024@example.test,Synthetic title 00705,Synthetic subject 00705,recipient018@example.test,synthetic_document_00705.pdf,No,Synthetic attorney-client,
SYNLCPRV024-0002825,SYNLCPRV024-0002826,Synthetic Person 004,blind003@example.test,copy004@example.test,2025-11-07 09:30:00 -08:00,2025-11-07 09:31:00 -08:00,sender025@example.test,Synthetic title 00706,Synthetic subject 00706,recipient019@example.test,synthetic_document_00706.pdf,Yes,Synthetic work product,
SYNLCPRV024-0002829,SYNLCPRV024-0002831,Synthetic Person 005,blind004@example.test,copy005@example.test,2025-12-08 09:30:00 -08:00,2025-12-08 09:31:00 -08:00,sender026@example.test,Synthetic title 00707,Synthetic subject 00707,recipient020@example.test,synthetic_document_00707.pdf,No,Synthetic joint defense,
SYNLCPRV024-0002833,SYNLCPRV024-0002833,Synthetic Person 006,blind005@example.test,copy006@example.test,2025-01-09 09:30:00 -08:00,2025-01-09 09:31:00 -08:00,sender027@example.test,Synthetic title 00708,Synthetic subject 00708,recipient021@example.test,synthetic_document_00708.pdf,Yes,Synthetic attorney-client,Yes
SYNLCPRV024-0002837,SYNLCPRV024-0002838,Synthetic Person 007,blind006@example.test,copy007@example.test,2025-02-10 09:30:00 -08:00,2025-02-10 09:31:00 -08:00,sender028@example.test,Synthetic title 00709,Synthetic subject 00709,recipient022@example.test,synthetic_document_00709.pdf,No,Synthetic work product,
SYNLCPRV024-0002841,SYNLCPRV024-0002843,Synthetic Person 008,blind007@example.test,copy008@example.test,2025-03-11 09:30:00 -08:00,2025-03-11 09:31:00 -08:00,sender029@example.test,Synthetic title 00710,Synthetic subject 00710,recipient023@example.test,synthetic_document_00710.pdf,Yes,Synthetic joint defense,
SYNLCPRV024-0002845,SYNLCPRV024-0002845,Synthetic Person 009,blind008@example.test,copy009@example.test,2025-04-12 09:30:00 -08:00,2025-04-12 09:31:00 -08:00,sender030@example.test,Synthetic title 00711,Synthetic subject 00711,recipient024@example.test,synthetic_document_00711.pdf,No,Synthetic attorney-client,
SYNLCPRV024-0002849,SYNLCPRV024-0002850,Synthetic Person 010,blind009@example.test,copy010@example.test,2025-05-13 09:30:00 -08:00,2025-05-13 09:31:00 -08:00,sender031@example.test,Synthetic title 00712,Synthetic subject 00712,recipient025@example.test,synthetic_document_00712.pdf,Yes,Synthetic work product,Yes
SYNLCPRV024-0002853,SYNLCPRV024-0002855,Synthetic Person 011,blind010@example.test,copy011@example.test,2025-06-14 09:30:00 -08:00,2025-06-14 09:31:00 -08:00,sender001@example.test,Synthetic title 00713,Synthetic subject 00713,recipient026@example.test,synthetic_document_00713.pdf,No,Synthetic joint defense,
SYNLCPRV024-0002857,SYNLCPRV024-0002857,Synthetic Person 012,blind011@example.test,copy012@example.test,2025-07-15 09:30:00 -08:00,2025-07-15 09:31:00 -08:00,sender002@example.test,Synthetic title 00714,Synthetic subject 00714,recipient027@example.test,synthetic_document_00714.pdf,Yes,Synthetic attorney-client,
SYNLCPRV024-0002861,SYNLCPRV024-0002862,Synthetic Person 013,blind001@example.test,copy013@example.test,2025-08-16 09:30:00 -08:00,2025-08-16 09:31:00 -08:00,sender003@example.test,Synthetic title 00715,Synthetic subject 00715,recipient028@example.test,synthetic_document_00715.pdf,No,Synthetic work product,
SYNLCPRV024-0002865,SYNLCPRV024-0002867,Synthetic Person 014,blind002@example.test,copy014@example.test,2025-09-17 09:30:00 -08:00,2025-09-17 09:31:00 -08:00,sender004@example.test,Synthetic title 00716,Synthetic subject 00716,recipient029@example.test,synthetic_document_00716.pdf,Yes,Synthetic joint defense,Yes
SYNLCPRV024-0002869,SYNLCPRV024-0002869,Synthetic Person 015,blind003@example.test,copy015@example.test,2025-10-18 09:30:00 -08:00,2025-10-18 09:31:00 -08:00,sender005@example.test,Synthetic title 00717,Synthetic subject 00717,recipient030@example.test,synthetic_document_00717.pdf,No,Synthetic attorney-client,
SYNLCPRV024-0002873,SYNLCPRV024-0002874,Synthetic Person 016,blind004@example.test,copy016@example.test,2025-11-19 09:30:00 -08:00,2025-11-19 09:31:00 -08:00,sender006@example.test,Synthetic title 00718,Synthetic subject 00718,recipient031@example.test,synthetic_document_00718.pdf,Yes,Synthetic work product,
SYNLCPRV024-0002877,SYNLCPRV024-0002879,Synthetic Person 017,blind005@example.test,copy017@example.test,2025-12-20 09:30:00 -08:00,2025-12-20 09:31:00 -08:00,sender007@example.test,Synthetic title 00719,Synthetic subject 00719,recipient032@example.test,synthetic_document_00719.pdf,No,Synthetic joint defense,
SYNLCPRV024-0002881,SYNLCPRV024-0002881,Synthetic Person 018,blind006@example.test,copy018@example.test,2025-01-21 09:30:00 -08:00,2025-01-21 09:31:00 -08:00,sender008@example.test,Synthetic title 00720,Synthetic subject 00720,recipient033@example.test,synthetic_document_00720.pdf,Yes,Synthetic attorney-client,Yes
SYNLCPRV024-0002885,SYNLCPRV024-0002886,Synthetic Person 019,blind007@example.test,copy019@example.test,2025-02-22 09:30:00 -08:00,2025-02-22 09:31:00 -08:00,sender009@example.test,Synthetic title 00721,Synthetic subject 00721,recipient034@example.test,synthetic_document_00721.pdf,No,Synthetic work product,
SYNLCPRV024-0002889,SYNLCPRV024-0002891,Synthetic Person 020,blind008@example.test,copy001@example.test,2025-03-23 09:30:00 -08:00,2025-03-23 09:31:00 -08:00,sender010@example.test,Synthetic title 00722,Synthetic subject 00722,recipient035@example.test,synthetic_document_00722.pdf,Yes,Synthetic joint defense,
SYNLCPRV024-0002893,SYNLCPRV024-0002893,Synthetic Person 021,blind009@example.test,copy002@example.test,2025-04-24 09:30:00 -08:00,2025-04-24 09:31:00 -08:00,sender011@example.test,Synthetic title 00723,Synthetic subject 00723,recipient036@example.test,synthetic_document_00723.pdf,No,Synthetic attorney-client,
SYNLCPRV024-0002897,SYNLCPRV024-0002898,Synthetic Person 022,blind010@example.test,copy003@example.test,2025-05-25 09:30:00 -08:00,2025-05-25 09:31:00 -08:00,sender012@example.test,Synthetic title 00724,Synthetic subject 00724,recipient037@example.test,synthetic_document_00724.pdf,Yes,Synthetic work product,Yes
SYNLCPRV024-0002901,SYNLCPRV024-0002903,Synthetic Person 023,blind011@example.test,copy004@example.test,2025-06-26 09:30:00 -08:00,2025-06-26 09:31:00 -08:00,sender013@example.test,Synthetic title 00725,Synthetic subject 00725,recipient038@example.test,synthetic_document_00725.pdf,No,Synthetic joint defense,
SYNLCPRV024-0002905,SYNLCPRV024-0002905,Synthetic Person 024,blind001@example.test,copy005@example.test,2025-07-27 09:30:00 -08:00,2025-07-27 09:31:00 -08:00,sender014@example.test,Synthetic title 00726,Synthetic subject 00726,recipient039@example.test,synthetic_document_00726.pdf,Yes,Synthetic attorney-client,
SYNLCPRV024-0002909,SYNLCPRV024-0002910,Synthetic Person 025,blind002@example.test,copy006@example.test,2025-08-28 09:30:00 -08:00,2025-08-28 09:31:00 -08:00,sender015@example.test,Synthetic title 00727,Synthetic subject 00727,recipient040@example.test,synthetic_document_00727.pdf,No,Synthetic work product,
SYNLCPRV024-0002913,SYNLCPRV024-0002915,Synthetic Person 026,blind003@example.test,copy007@example.test,2025-09-01 09:30:00 -08:00,2025-09-01 09:31:00 -08:00,sender016@example.test,Synthetic title 00728,Synthetic subject 00728,recipient041@example.test,synthetic_document_00728.pdf,Yes,Synthetic joint defense,Yes
SYNLCPRV024-0002917,SYNLCPRV024-0002917,Synthetic Person 027,blind004@example.test,copy008@example.test,2025-10-02 09:30:00 -08:00,2025-10-02 09:31:00 -08:00,sender017@example.test,Synthetic title 00729,Synthetic subject 00729,recipient042@example.test,synthetic_document_00729.pdf,No,Synthetic attorney-client,
SYNLCPRV024-0002921,SYNLCPRV024-0002922,Synthetic Person 028,blind005@example.test,copy009@example.test,2025-11-03 09:30:00 -08:00,2025-11-03 09:31:00 -08:00,sender018@example.test,Synthetic title 00730,Synthetic subject 00730,recipient043@example.test,synthetic_document_00730.pdf,Yes,Synthetic work product,
SYNLCPRV024-0002925,SYNLCPRV024-0002927,Synthetic Person 029,blind006@example.test,copy010@example.test,2025-12-04 09:30:00 -08:00,2025-12-04 09:31:00 -08:00,sender019@example.test,Synthetic title 00731,Synthetic subject 00731,recipient001@example.test,synthetic_document_00731.pdf,No,Synthetic joint defense,
SYNLCPRV024-0002929,SYNLCPRV024-0002929,Synthetic Person 030,blind007@example.test,copy011@example.test,2025-01-05 09:30:00 -08:00,2025-01-05 09:31:00 -08:00,sender020@example.test,Synthetic title 00732,Synthetic subject 00732,recipient002@example.test,synthetic_document_00732.pdf,Yes,Synthetic attorney-client,Yes
SYNLCPRV024-0002933,SYNLCPRV024-0002934,Synthetic Person 031,blind008@example.test,copy012@example.test,2025-02-06 09:30:00 -08:00,2025-02-06 09:31:00 -08:00,sender021@example.test,Synthetic title 00733,Synthetic subject 00733,recipient003@example.test,synthetic_document_00733.pdf,No,Synthetic work product,
SYNLCPRV024-0002937,SYNLCPRV024-0002939,Synthetic Person 032,blind009@example.test,copy013@example.test,2025-03-07 09:30:00 -08:00,2025-03-07 09:31:00 -08:00,sender022@example.test,Synthetic title 00734,Synthetic subject 00734,recipient004@example.test,synthetic_document_00734.pdf,Yes,Synthetic joint defense,
SYNLCPRV024-0002941,SYNLCPRV024-0002941,Synthetic Person 033,blind010@example.test,copy014@example.test,2025-04-08 09:30:00 -08:00,2025-04-08 09:31:00 -08:00,sender023@example.test,Synthetic title 00735,Synthetic subject 00735,recipient005@example.test,synthetic_document_00735.pdf,No,Synthetic attorney-client,
SYNLCPRV024-0002945,SYNLCPRV024-0002946,Synthetic Person 034,blind011@example.test,copy015@example.test,2025-05-09 09:30:00 -08:00,2025-05-09 09:31:00 -08:00,sender024@example.test,Synthetic title 00736,Synthetic subject 00736,recipient006@example.test,synthetic_document_00736.pdf,Yes,Synthetic work product,Yes
SYNLCPRV024-0002949,SYNLCPRV024-0002951,Synthetic Person 035,blind001@example.test,copy016@example.test,2025-06-10 09:30:00 -08:00,2025-06-10 09:31:00 -08:00,sender025@example.test,Synthetic title 00737,Synthetic subject 00737,recipient007@example.test,synthetic_document_00737.pdf,No,Synthetic joint defense,
SYNLCPRV024-0002953,SYNLCPRV024-0002953,Synthetic Person 036,blind002@example.test,copy017@example.test,2025-07-11 09:30:00 -08:00,2025-07-11 09:31:00 -08:00,sender026@example.test,Synthetic title 00738,Synthetic subject 00738,recipient008@example.test,synthetic_document_00738.pdf,Yes,Synthetic attorney-client,
SYNLCPRV024-0002957,SYNLCPRV024-0002958,Synthetic Person 037,blind003@example.test,copy018@example.test,2025-08-12 09:30:00 -08:00,2025-08-12 09:31:00 -08:00,sender027@example.test,Synthetic title 00739,Synthetic subject 00739,recipient009@example.test,synthetic_document_00739.pdf,No,Synthetic work product,
SYNLCPRV024-0002961,SYNLCPRV024-0002963,Synthetic Person 001,blind004@example.test,copy019@example.test,2025-09-13 09:30:00 -08:00,2025-09-13 09:31:00 -08:00,sender028@example.test,Synthetic title 00740,Synthetic subject 00740,recipient010@example.test,synthetic_document_00740.pdf,Yes,Synthetic joint defense,Yes
SYNLCPRV024-0002965,SYNLCPRV024-0002965,Synthetic Person 002,blind005@example.test,copy001@example.test,2025-10-14 09:30:00 -08:00,2025-10-14 09:31:00 -08:00,sender029@example.test,Synthetic title 00741,Synthetic subject 00741,recipient011@example.test,synthetic_document_00741.pdf,No,Synthetic attorney-client,
SYNLCPRV024-0002969,SYNLCPRV024-0002970,Synthetic Person 003,blind006@example.test,copy002@example.test,2025-11-15 09:30:00 -08:00,2025-11-15 09:31:00 -08:00,sender030@example.test,Synthetic title 00742,Synthetic subject 00742,recipient012@example.test,synthetic_document_00742.pdf,Yes,Synthetic work product,
SYNLCPRV024-0002973,SYNLCPRV024-0002975,Synthetic Person 004,blind007@example.test,copy003@example.test,2025-12-16 09:30:00 -08:00,2025-12-16 09:31:00 -08:00,sender031@example.test,Synthetic title 00743,Synthetic subject 00743,recipient013@example.test,synthetic_document_00743.pdf,No,Synthetic joint defense,
SYNLCPRV024-0002977,SYNLCPRV024-0002977,Synthetic Person 005,blind008@example.test,copy004@example.test,2025-01-17 09:30:00 -08:00,2025-01-17 09:31:00 -08:00,sender001@example.test,Synthetic title 00744,Synthetic subject 00744,recipient014@example.test,synthetic_document_00744.pdf,Yes,Synthetic attorney-client,Yes
SYNLCPRV024-0002981,SYNLCPRV024-0002982,Synthetic Person 006,blind009@example.test,copy005@example.test,2025-02-18 09:30:00 -08:00,2025-02-18 09:31:00 -08:00,sender002@example.test,Synthetic title 00745,Synthetic subject 00745,recipient015@example.test,synthetic_document_00745.pdf,No,Synthetic work product,
SYNLCPRV024-0002985,SYNLCPRV024-0002987,Synthetic Person 007,blind010@example.test,copy006@example.test,2025-03-19 09:30:00 -08:00,2025-03-19 09:31:00 -08:00,sender003@example.test,Synthetic title 00746,Synthetic subject 00746,recipient016@example.test,synthetic_document_00746.pdf,Yes,Synthetic joint defense,
SYNLCPRV024-0002989,SYNLCPRV024-0002989,Synthetic Person 008,blind011@example.test,copy007@example.test,2025-04-20 09:30:00 -08:00,2025-04-20 09:31:00 -08:00,sender004@example.test,Synthetic title 00747,Synthetic subject 00747,recipient017@example.test,synthetic_document_00747.pdf,No,Synthetic attorney-client,
SYNLCPRV024-0002993,SYNLCPRV024-0002994,Synthetic Person 009,blind001@example.test,copy008@example.test,2025-05-21 09:30:00 -08:00,2025-05-21 09:31:00 -08:00,sender005@example.test,Synthetic title 00748,Synthetic subject 00748,recipient018@example.test,synthetic_document_00748.pdf,Yes,Synthetic work product,Yes
SYNLCPRV024-0002997,SYNLCPRV024-0002999,Synthetic Person 010,blind002@example.test,copy009@example.test,2025-06-22 09:30:00 -08:00,2025-06-22 09:31:00 -08:00,sender006@example.test,Synthetic title 00749,Synthetic subject 00749,recipient019@example.test,synthetic_document_00749.pdf,No,Synthetic joint defense,
SYNLCPRV024-0003001,SYNLCPRV024-0003001,Synthetic Person 011,blind003@example.test,copy010@example.test,2025-07-23 09:30:00 -08:00,2025-07-23 09:31:00 -08:00,sender007@example.test,Synthetic title 00750,Synthetic subject 00750,recipient020@example.test,synthetic_document_00750.pdf,Yes,Synthetic attorney-client,
SYNLCPRV024-0003005,SYNLCPRV024-0003006,Synthetic Person 012,blind004@example.test,copy011@example.test,2025-08-24 09:30:00 -08:00,2025-08-24 09:31:00 -08:00,sender008@example.test,Synthetic title 00751,Synthetic subject 00751,recipient021@example.test,synthetic_document_00751.pdf,No,Synthetic work product,
SYNLCPRV024-0003009,SYNLCPRV024-0003011,Synthetic Person 013,blind005@example.test,copy012@example.test,2025-09-25 09:30:00 -08:00,2025-09-25 09:31:00 -08:00,sender009@example.test,Synthetic title 00752,Synthetic subject 00752,recipient022@example.test,synthetic_document_00752.pdf,Yes,Synthetic joint defense,Yes
SYNLCPRV024-0003013,SYNLCPRV024-0003013,Synthetic Person 014,blind006@example.test,copy013@example.test,2025-10-26 09:30:00 -08:00,2025-10-26 09:31:00 -08:00,sender010@example.test,Synthetic title 00753,Synthetic subject 00753,recipient023@example.test,synthetic_document_00753.pdf,No,Synthetic attorney-client,
SYNLCPRV024-0003017,SYNLCPRV024-0003018,Synthetic Person 015,blind007@example.test,copy014@example.test,2025-11-27 09:30:00 -08:00,2025-11-27 09:31:00 -08:00,sender011@example.test,Synthetic title 00754,Synthetic subject 00754,recipient024@example.test,synthetic_document_00754.pdf,Yes,Synthetic work product,
SYNLCPRV024-0003021,SYNLCPRV024-0003023,Synthetic Person 016,blind008@example.test,copy015@example.test,2025-12-28 09:30:00 -08:00,2025-12-28 09:31:00 -08:00,sender012@example.test,Synthetic title 00755,Synthetic subject 00755,recipient025@example.test,synthetic_document_00755.pdf,No,Synthetic joint defense,
SYNLCPRV024-0003025,SYNLCPRV024-0003025,Synthetic Person 017,blind009@example.test,copy016@example.test,2025-01-01 09:30:00 -08:00,2025-01-01 09:31:00 -08:00,sender013@example.test,Synthetic title 00756,Synthetic subject 00756,recipient026@example.test,synthetic_document_00756.pdf,Yes,Synthetic attorney-client,Yes
SYNLCPRV024-0003029,SYNLCPRV024-0003030,Synthetic Person 018,blind010@example.test,copy017@example.test,2025-02-02 09:30:00 -08:00,2025-02-02 09:31:00 -08:00,sender014@example.test,Synthetic title 00757,Synthetic subject 00757,recipient027@example.test,synthetic_document_00757.pdf,No,Synthetic work product,
SYNLCPRV024-0003033,SYNLCPRV024-0003035,Synthetic Person 019,blind011@example.test,copy018@example.test,2025-03-03 09:30:00 -08:00,2025-03-03 09:31:00 -08:00,sender015@example.test,Synthetic title 00758,Synthetic subject 00758,recipient028@example.test,synthetic_document_00758.pdf,Yes,Synthetic joint defense,
SYNLCPRV024-0003037,SYNLCPRV024-0003037,Synthetic Person 020,blind001@example.test,copy019@example.test,2025-04-04 09:30:00 -08:00,2025-04-04 09:31:00 -08:00,sender016@example.test,Synthetic title 00759,Synthetic subject 00759,recipient029@example.test,synthetic_document_00759.pdf,No,Synthetic attorney-client,
SYNLCPRV024-0003041,SYNLCPRV024-0003042,Synthetic Person 021,blind002@example.test,copy001@example.test,2025-05-05 09:30:00 -08:00,2025-05-05 09:31:00 -08:00,sender017@example.test,Synthetic title 00760,Synthetic subject 00760,recipient030@example.test,synthetic_document_00760.pdf,Yes,Synthetic work product,Yes
SYNLCPRV024-0003045,SYNLCPRV024-0003047,Synthetic Person 022,blind003@example.test,copy002@example.test,2025-06-06 09:30:00 -08:00,2025-06-06 09:31:00 -08:00,sender018@example.test,Synthetic title 00761,Synthetic subject 00761,recipient031@example.test,synthetic_document_00761.pdf,No,Synthetic joint defense,
SYNLCPRV024-0003049,SYNLCPRV024-0003049,Synthetic Person 023,blind004@example.test,copy003@example.test,2025-07-07 09:30:00 -08:00,2025-07-07 09:31:00 -08:00,sender019@example.test,Synthetic title 00762,Synthetic subject 00762,recipient032@example.test,synthetic_document_00762.pdf,Yes,Synthetic attorney-client,
SYNLCPRV024-0003053,SYNLCPRV024-0003054,Synthetic Person 024,blind005@example.test,copy004@example.test,2025-08-08 09:30:00 -08:00,2025-08-08 09:31:00 -08:00,sender020@example.test,Synthetic title 00763,Synthetic subject 00763,recipient033@example.test,synthetic_document_00763.pdf,No,Synthetic work product,
SYNLCPRV024-0003057,SYNLCPRV024-0003059,Synthetic Person 025,blind006@example.test,copy005@example.test,2025-09-09 09:30:00 -08:00,2025-09-09 09:31:00 -08:00,sender021@example.test,Synthetic title 00764,Synthetic subject 00764,recipient034@example.test,synthetic_document_00764.pdf,Yes,Synthetic joint defense,Yes
SYNLCPRV024-0003061,SYNLCPRV024-0003061,Synthetic Person 026,blind007@example.test,copy006@example.test,2025-10-10 09:30:00 -08:00,2025-10-10 09:31:00 -08:00,sender022@example.test,Synthetic title 00765,Synthetic subject 00765,recipient035@example.test,synthetic_document_00765.pdf,No,Synthetic attorney-client,
SYNLCPRV024-0003065,SYNLCPRV024-0003066,Synthetic Person 027,blind008@example.test,copy007@example.test,2025-11-11 09:30:00 -08:00,2025-11-11 09:31:00 -08:00,sender023@example.test,Synthetic title 00766,Synthetic subject 00766,recipient036@example.test,synthetic_document_00766.pdf,Yes,Synthetic work product,
SYNLCPRV024-0003069,SYNLCPRV024-0003071,Synthetic Person 028,blind009@example.test,copy008@example.test,2025-12-12 09:30:00 -08:00,2025-12-12 09:31:00 -08:00,sender024@example.test,Synthetic title 00767,Synthetic subject 00767,recipient037@example.test,synthetic_document_00767.pdf,No,Synthetic joint defense,
SYNLCPRV024-0003073,SYNLCPRV024-0003073,Synthetic Person 029,blind010@example.test,copy009@example.test,2025-01-13 09:30:00 -08:00,2025-01-13 09:31:00 -08:00,sender025@example.test,Synthetic title 00768,Synthetic subject 00768,recipient038@example.test,synthetic_document_00768.pdf,Yes,Synthetic attorney-client,Yes
SYNLCPRV024-0003077,SYNLCPRV024-0003078,Synthetic Person 030,blind011@example.test,copy010@example.test,2025-02-14 09:30:00 -08:00,2025-02-14 09:31:00 -08:00,sender026@example.test,Synthetic title 00769,Synthetic subject 00769,recipient039@example.test,synthetic_document_00769.pdf,No,Synthetic work product,
SYNLCPRV024-0003081,SYNLCPRV024-0003083,Synthetic Person 031,blind001@example.test,copy011@example.test,2025-03-15 09:30:00 -08:00,2025-03-15 09:31:00 -08:00,sender027@example.test,Synthetic title 00770,Synthetic subject 00770,recipient040@example.test,synthetic_document_00770.pdf,Yes,Synthetic joint defense,
SYNLCPRV024-0003085,SYNLCPRV024-0003085,Synthetic Person 032,blind002@example.test,copy012@example.test,2025-04-16 09:30:00 -08:00,2025-04-16 09:31:00 -08:00,sender028@example.test,Synthetic title 00771,Synthetic subject 00771,recipient041@example.test,synthetic_document_00771.pdf,No,Synthetic attorney-client,
SYNLCPRV024-0003089,SYNLCPRV024-0003090,Synthetic Person 033,blind003@example.test,copy013@example.test,2025-05-17 09:30:00 -08:00,2025-05-17 09:31:00 -08:00,sender029@example.test,Synthetic title 00772,Synthetic subject 00772,recipient042@example.test,synthetic_document_00772.pdf,Yes,Synthetic work product,Yes
SYNLCPRV024-0003093,SYNLCPRV024-0003095,Synthetic Person 034,blind004@example.test,copy014@example.test,2025-06-18 09:30:00 -08:00,2025-06-18 09:31:00 -08:00,sender030@example.test,Synthetic title 00773,Synthetic subject 00773,recipient043@example.test,synthetic_document_00773.pdf,No,Synthetic joint defense,
SYNLCPRV024-0003097,SYNLCPRV024-0003097,Synthetic Person 035,blind005@example.test,copy015@example.test,2025-07-19 09:30:00 -08:00,2025-07-19 09:31:00 -08:00,sender031@example.test,Synthetic title 00774,Synthetic subject 00774,recipient001@example.test,synthetic_document_00774.pdf,Yes,Synthetic attorney-client,
SYNLCPRV024-0003101,SYNLCPRV024-0003102,Synthetic Person 036,blind006@example.test,copy016@example.test,2025-08-20 09:30:00 -08:00,2025-08-20 09:31:00 -08:00,sender001@example.test,Synthetic title 00775,Synthetic subject 00775,recipient002@example.test,synthetic_document_00775.pdf,No,Synthetic work product,
SYNLCPRV024-0003105,SYNLCPRV024-0003107,Synthetic Person 037,blind007@example.test,copy017@example.test,2025-09-21 09:30:00 -08:00,2025-09-21 09:31:00 -08:00,sender002@example.test,Synthetic title 00776,Synthetic subject 00776,recipient003@example.test,synthetic_document_00776.pdf,Yes,Synthetic joint defense,Yes
SYNLCPRV024-0003109,SYNLCPRV024-0003109,Synthetic Person 001,blind008@example.test,copy018@example.test,2025-10-22 09:30:00 -08:00,2025-10-22 09:31:00 -08:00,sender003@example.test,Synthetic title 00777,Synthetic subject 00777,recipient004@example.test,synthetic_document_00777.pdf,No,Synthetic attorney-client,
SYNLCPRV024-0003113,SYNLCPRV024-0003114,Synthetic Person 002,blind009@example.test,copy019@example.test,2025-11-23 09:30:00 -08:00,2025-11-23 09:31:00 -08:00,sender004@example.test,Synthetic title 00778,Synthetic subject 00778,recipient005@example.test,synthetic_document_00778.pdf,Yes,Synthetic work product,
SYNLCPRV024-0003117,SYNLCPRV024-0003119,Synthetic Person 003,blind010@example.test,copy001@example.test,2025-12-24 09:30:00 -08:00,2025-12-24 09:31:00 -08:00,sender005@example.test,Synthetic title 00779,Synthetic subject 00779,recipient006@example.test,synthetic_document_00779.pdf,No,Synthetic joint defense,
SYNLCPRV024-0003121,SYNLCPRV024-0003121,Synthetic Person 004,blind011@example.test,copy002@example.test,2025-01-25 09:30:00 -08:00,2025-01-25 09:31:00 -08:00,sender006@example.test,Synthetic title 00780,Synthetic subject 00780,recipient007@example.test,synthetic_document_00780.pdf,Yes,Synthetic attorney-client,Yes
SYNLCPRV024-0003125,SYNLCPRV024-0003126,Synthetic Person 005,blind001@example.test,copy003@example.test,2025-02-26 09:30:00 -08:00,2025-02-26 09:31:00 -08:00,sender007@example.test,Synthetic title 00781,Synthetic subject 00781,recipient008@example.test,synthetic_document_00781.pdf,No,Synthetic work product,
SYNLCPRV024-0003129,SYNLCPRV024-0003131,Synthetic Person 006,blind002@example.test,copy004@example.test,2025-03-27 09:30:00 -08:00,2025-03-27 09:31:00 -08:00,sender008@example.test,Synthetic title 00782,Synthetic subject 00782,recipient009@example.test,synthetic_document_00782.pdf,Yes,Synthetic joint defense,
SYNLCPRV024-0003133,SYNLCPRV024-0003133,Synthetic Person 007,blind003@example.test,copy005@example.test,2025-04-28 09:30:00 -08:00,2025-04-28 09:31:00 -08:00,sender009@example.test,Synthetic title 00783,Synthetic subject 00783,recipient010@example.test,synthetic_document_00783.pdf,No,Synthetic attorney-client,
SYNLCPRV024-0003137,SYNLCPRV024-0003138,Synthetic Person 008,blind004@example.test,copy006@example.test,2025-05-01 09:30:00 -08:00,2025-05-01 09:31:00 -08:00,sender010@example.test,Synthetic title 00784,Synthetic subject 00784,recipient011@example.test,synthetic_document_00784.pdf,Yes,Synthetic work product,Yes
SYNLCPRV024-0003141,SYNLCPRV024-0003143,Synthetic Person 009,blind005@example.test,copy007@example.test,2025-06-02 09:30:00 -08:00,2025-06-02 09:31:00 -08:00,sender011@example.test,Synthetic title 00785,Synthetic subject 00785,recipient012@example.test,synthetic_document_00785.pdf,No,Synthetic joint defense,
SYNLCPRV024-0003145,SYNLCPRV024-0003145,Synthetic Person 010,blind006@example.test,copy008@example.test,2025-07-03 09:30:00 -08:00,2025-07-03 09:31:00 -08:00,sender012@example.test,Synthetic title 00786,Synthetic subject 00786,recipient013@example.test,synthetic_document_00786.pdf,Yes,Synthetic attorney-client,
SYNLCPRV024-0003149,SYNLCPRV024-0003150,Synthetic Person 011,blind007@example.test,copy009@example.test,2025-08-04 09:30:00 -08:00,2025-08-04 09:31:00 -08:00,sender013@example.test,Synthetic title 00787,Synthetic subject 00787,recipient014@example.test,synthetic_document_00787.pdf,No,Synthetic work product,
SYNLCPRV024-0003153,SYNLCPRV024-0003155,Synthetic Person 012,blind008@example.test,copy010@example.test,2025-09-05 09:30:00 -08:00,2025-09-05 09:31:00 -08:00,sender014@example.test,Synthetic title 00788,Synthetic subject 00788,recipient015@example.test,synthetic_document_00788.pdf,Yes,Synthetic joint defense,Yes
SYNLCPRV024-0003157,SYNLCPRV024-0003157,Synthetic Person 013,blind009@example.test,copy011@example.test,2025-10-06 09:30:00 -08:00,2025-10-06 09:31:00 -08:00,sender015@example.test,Synthetic title 00789,Synthetic subject 00789,recipient016@example.test,synthetic_document_00789.pdf,No,Synthetic attorney-client,
SYNLCPRV024-0003161,SYNLCPRV024-0003162,Synthetic Person 014,blind010@example.test,copy012@example.test,2025-11-07 09:30:00 -08:00,2025-11-07 09:31:00 -08:00,sender016@example.test,Synthetic title 00790,Synthetic subject 00790,recipient017@example.test,synthetic_document_00790.pdf,Yes,Synthetic work product,
SYNLCPRV024-0003165,SYNLCPRV024-0003167,Synthetic Person 015,blind011@example.test,copy013@example.test,2025-12-08 09:30:00 -08:00,2025-12-08 09:31:00 -08:00,sender017@example.test,Synthetic title 00791,Synthetic subject 00791,recipient018@example.test,synthetic_document_00791.pdf,No,Synthetic joint defense,
SYNLCPRV024-0003169,SYNLCPRV024-0003169,Synthetic Person 016,blind001@example.test,copy014@example.test,2025-01-09 09:30:00 -08:00,2025-01-09 09:31:00 -08:00,sender018@example.test,Synthetic title 00792,Synthetic subject 00792,recipient019@example.test,synthetic_document_00792.pdf,Yes,Synthetic attorney-client,Yes
SYNLCPRV024-0003173,SYNLCPRV024-0003174,Synthetic Person 017,blind002@example.test,copy015@example.test,2025-02-10 09:30:00 -08:00,2025-02-10 09:31:00 -08:00,sender019@example.test,Synthetic title 00793,Synthetic subject 00793,recipient020@example.test,synthetic_document_00793.pdf,No,Synthetic work product,
SYNLCPRV024-0003177,SYNLCPRV024-0003179,Synthetic Person 018,blind003@example.test,copy016@example.test,2025-03-11 09:30:00 -08:00,2025-03-11 09:31:00 -08:00,sender020@example.test,Synthetic title 00794,Synthetic subject 00794,recipient021@example.test,synthetic_document_00794.pdf,Yes,Synthetic joint defense,
SYNLCPRV024-0003181,SYNLCPRV024-0003181,Synthetic Person 019,blind004@example.test,copy017@example.test,2025-04-12 09:30:00 -08:00,2025-04-12 09:31:00 -08:00,sender021@example.test,Synthetic title 00795,Synthetic subject 00795,recipient022@example.test,synthetic_document_00795.pdf,No,Synthetic attorney-client,
SYNLCPRV024-0003185,SYNLCPRV024-0003186,Synthetic Person 020,blind005@example.test,copy018@example.test,2025-05-13 09:30:00 -08:00,2025-05-13 09:31:00 -08:00,sender022@example.test,Synthetic title 00796,Synthetic subject 00796,recipient023@example.test,synthetic_document_00796.pdf,Yes,Synthetic work product,Yes
SYNLCPRV024-0003189,SYNLCPRV024-0003191,Synthetic Person 021,blind006@example.test,copy019@example.test,2025-06-14 09:30:00 -08:00,2025-06-14 09:31:00 -08:00,sender023@example.test,Synthetic title 00797,Synthetic subject 00797,recipient024@example.test,synthetic_document_00797.pdf,No,Synthetic joint defense,
SYNLCPRV024-0003193,SYNLCPRV024-0003193,Synthetic Person 022,blind007@example.test,copy001@example.test,2025-07-15 09:30:00 -08:00,2025-07-15 09:31:00 -08:00,sender024@example.test,Synthetic title 00798,Synthetic subject 00798,recipient025@example.test,synthetic_document_00798.pdf,Yes,Synthetic attorney-client,
SYNLCPRV024-0003197,SYNLCPRV024-0003198,Synthetic Person 023,blind008@example.test,copy002@example.test,2025-08-16 09:30:00 -08:00,2025-08-16 09:31:00 -08:00,sender025@example.test,Synthetic title 00799,Synthetic subject 00799,recipient026@example.test,synthetic_document_00799.pdf,No,Synthetic work product,
SYNLCPRV024-0003201,SYNLCPRV024-0003203,Synthetic Person 024,blind009@example.test,copy003@example.test,2025-09-17 09:30:00 -08:00,2025-09-17 09:31:00 -08:00,sender026@example.test,Synthetic title 00800,Synthetic subject 00800,recipient027@example.test,synthetic_document_00800.pdf,Yes,Synthetic joint defense,Yes
SYNLCPRV024-0003205,SYNLCPRV024-0003205,Synthetic Person 025,blind010@example.test,copy004@example.test,2025-10-18 09:30:00 -08:00,2025-10-18 09:31:00 -08:00,sender027@example.test,Synthetic title 00801,Synthetic subject 00801,recipient028@example.test,synthetic_document_00801.pdf,No,Synthetic attorney-client,
SYNLCPRV024-0003209,SYNLCPRV024-0003210,Synthetic Person 026,blind011@example.test,copy005@example.test,2025-11-19 09:30:00 -08:00,2025-11-19 09:31:00 -08:00,sender028@example.test,Synthetic title 00802,Synthetic subject 00802,recipient029@example.test,synthetic_document_00802.pdf,Yes,Synthetic work product,
SYNLCPRV024-0003213,SYNLCPRV024-0003215,Synthetic Person 027,blind001@example.test,copy006@example.test,2025-12-20 09:30:00 -08:00,2025-12-20 09:31:00 -08:00,sender029@example.test,Synthetic title 00803,Synthetic subject 00803,recipient030@example.test,synthetic_document_00803.pdf,No,Synthetic joint defense,
SYNLCPRV024-0003217,SYNLCPRV024-0003217,Synthetic Person 028,blind002@example.test,copy007@example.test,2025-01-21 09:30:00 -08:00,2025-01-21 09:31:00 -08:00,sender030@example.test,Synthetic title 00804,Synthetic subject 00804,recipient031@example.test,synthetic_document_00804.pdf,Yes,Synthetic attorney-client,Yes
SYNLCPRV024-0003221,SYNLCPRV024-0003222,Synthetic Person 029,blind003@example.test,copy008@example.test,2025-02-22 09:30:00 -08:00,2025-02-22 09:31:00 -08:00,sender031@example.test,Synthetic title 00805,Synthetic subject 00805,recipient032@example.test,synthetic_document_00805.pdf,No,Synthetic work product,
SYNLCPRV024-0003225,SYNLCPRV024-0003227,Synthetic Person 030,blind004@example.test,copy009@example.test,2025-03-23 09:30:00 -08:00,2025-03-23 09:31:00 -08:00,sender001@example.test,Synthetic title 00806,Synthetic subject 00806,recipient033@example.test,synthetic_document_00806.pdf,Yes,Synthetic joint defense,
SYNLCPRV024-0003229,SYNLCPRV024-0003229,Synthetic Person 031,blind005@example.test,copy010@example.test,2025-04-24 09:30:00 -08:00,2025-04-24 09:31:00 -08:00,sender002@example.test,Synthetic title 00807,Synthetic subject 00807,recipient034@example.test,synthetic_document_00807.pdf,No,Synthetic attorney-client,
SYNLCPRV024-0003233,SYNLCPRV024-0003234,Synthetic Person 032,blind006@example.test,copy011@example.test,2025-05-25 09:30:00 -08:00,2025-05-25 09:31:00 -08:00,sender003@example.test,Synthetic title 00808,Synthetic subject 00808,recipient035@example.test,synthetic_document_00808.pdf,Yes,Synthetic work product,Yes
SYNLCPRV024-0003237,SYNLCPRV024-0003239,Synthetic Person 033,blind007@example.test,copy012@example.test,2025-06-26 09:30:00 -08:00,2025-06-26 09:31:00 -08:00,sender004@example.test,Synthetic title 00809,Synthetic subject 00809,recipient036@example.test,synthetic_document_00809.pdf,No,Synthetic joint defense,
SYNLCPRV024-0003241,SYNLCPRV024-0003241,Synthetic Person 034,blind008@example.test,copy013@example.test,2025-07-27 09:30:00 -08:00,2025-07-27 09:31:00 -08:00,sender005@example.test,Synthetic title 00810,Synthetic subject 00810,recipient037@example.test,synthetic_document_00810.pdf,Yes,Synthetic attorney-client,
SYNLCPRV024-0003245,SYNLCPRV024-0003246,Synthetic Person 035,blind009@example.test,copy014@example.test,2025-08-28 09:30:00 -08:00,2025-08-28 09:31:00 -08:00,sender006@example.test,Synthetic title 00811,Synthetic subject 00811,recipient038@example.test,synthetic_document_00811.pdf,No,Synthetic work product,
SYNLCPRV024-0003249,SYNLCPRV024-0003251,Synthetic Person 036,blind010@example.test,copy015@example.test,2025-09-01 09:30:00 -08:00,2025-09-01 09:31:00 -08:00,sender007@example.test,Synthetic title 00812,Synthetic subject 00812,recipient039@example.test,synthetic_document_00812.pdf,Yes,Synthetic joint defense,Yes
SYNLCPRV024-0003253,SYNLCPRV024-0003253,Synthetic Person 037,blind011@example.test,copy016@example.test,2025-10-02 09:30:00 -08:00,2025-10-02 09:31:00 -08:00,sender008@example.test,Synthetic title 00813,Synthetic subject 00813,recipient040@example.test,synthetic_document_00813.pdf,No,Synthetic attorney-client,
SYNLCPRV024-0003257,SYNLCPRV024-0003258,Synthetic Person 001,blind001@example.test,copy017@example.test,2025-11-03 09:30:00 -08:00,2025-11-03 09:31:00 -08:00,sender009@example.test,Synthetic title 00814,Synthetic subject 00814,recipient041@example.test,synthetic_document_00814.pdf,Yes,Synthetic work product,
SYNLCPRV024-0003261,SYNLCPRV024-0003263,Synthetic Person 002,blind002@example.test,copy018@example.test,2025-12-04 09:30:00 -08:00,2025-12-04 09:31:00 -08:00,sender010@example.test,Synthetic title 00815,Synthetic subject 00815,recipient042@example.test,synthetic_document_00815.pdf,No,Synthetic joint defense,
SYNLCPRV024-0003265,SYNLCPRV024-0003265,Synthetic Person 003,blind003@example.test,copy019@example.test,2025-01-05 09:30:00 -08:00,2025-01-05 09:31:00 -08:00,sender011@example.test,Synthetic title 00816,Synthetic subject 00816,recipient043@example.test,synthetic_document_00816.pdf,Yes,Synthetic attorney-client,Yes
SYNLCPRV024-0003269,SYNLCPRV024-0003270,Synthetic Person 004,blind004@example.test,copy001@example.test,2025-02-06 09:30:00 -08:00,2025-02-06 09:31:00 -08:00,sender012@example.test,Synthetic title 00817,Synthetic subject 00817,recipient001@example.test,synthetic_document_00817.pdf,No,Synthetic work product,
SYNLCPRV024-0003273,SYNLCPRV024-0003275,Synthetic Person 005,blind005@example.test,copy002@example.test,2025-03-07 09:30:00 -08:00,2025-03-07 09:31:00 -08:00,sender013@example.test,Synthetic title 00818,Synthetic subject 00818,recipient002@example.test,synthetic_document_00818.pdf,Yes,Synthetic joint defense,
SYNLCPRV024-0003277,SYNLCPRV024-0003277,Synthetic Person 006,blind006@example.test,copy003@example.test,2025-04-08 09:30:00 -08:00,2025-04-08 09:31:00 -08:00,sender014@example.test,Synthetic title 00819,Synthetic subject 00819,recipient003@example.test,synthetic_document_00819.pdf,No,Synthetic attorney-client,
SYNLCPRV024-0003281,SYNLCPRV024-0003282,Synthetic Person 007,blind007@example.test,copy004@example.test,2025-05-09 09:30:00 -08:00,2025-05-09 09:31:00 -08:00,sender015@example.test,Synthetic title 00820,Synthetic subject 00820,recipient004@example.test,synthetic_document_00820.pdf,Yes,Synthetic work product,Yes
SYNLCPRV024-0003285,SYNLCPRV024-0003287,Synthetic Person 008,blind008@example.test,copy005@example.test,2025-06-10 09:30:00 -08:00,2025-06-10 09:31:00 -08:00,sender016@example.test,Synthetic title 00821,Synthetic subject 00821,recipient005@example.test,synthetic_document_00821.pdf,No,Synthetic joint defense,
SYNLCPRV024-0003289,SYNLCPRV024-0003289,Synthetic Person 009,blind009@example.test,copy006@example.test,2025-07-11 09:30:00 -08:00,2025-07-11 09:31:00 -08:00,sender017@example.test,Synthetic title 00822,Synthetic subject 00822,recipient006@example.test,synthetic_document_00822.pdf,Yes,Synthetic attorney-client,
SYNLCPRV024-0003293,SYNLCPRV024-0003294,Synthetic Person 010,blind010@example.test,copy007@example.test,2025-08-12 09:30:00 -08:00,2025-08-12 09:31:00 -08:00,sender018@example.test,Synthetic title 00823,Synthetic subject 00823,recipient007@example.test,synthetic_document_00823.pdf,No,Synthetic work product,
SYNLCPRV024-0003297,SYNLCPRV024-0003299,Synthetic Person 011,blind011@example.test,copy008@example.test,2025-09-13 09:30:00 -08:00,2025-09-13 09:31:00 -08:00,sender019@example.test,Synthetic title 00824,Synthetic subject 00824,recipient008@example.test,synthetic_document_00824.pdf,Yes,Synthetic joint defense,Yes
SYNLCPRV024-0003301,SYNLCPRV024-0003301,Synthetic Person 012,blind001@example.test,copy009@example.test,2025-10-14 09:30:00 -08:00,2025-10-14 09:31:00 -08:00,sender020@example.test,Synthetic title 00825,Synthetic subject 00825,recipient009@example.test,synthetic_document_00825.pdf,No,Synthetic attorney-client,
SYNLCPRV024-0003305,SYNLCPRV024-0003306,Synthetic Person 013,blind002@example.test,copy010@example.test,2025-11-15 09:30:00 -08:00,2025-11-15 09:31:00 -08:00,sender021@example.test,Synthetic title 00826,Synthetic subject 00826,recipient010@example.test,synthetic_document_00826.pdf,Yes,Synthetic work product,
SYNLCPRV024-0003309,SYNLCPRV024-0003311,Synthetic Person 014,blind003@example.test,copy011@example.test,2025-12-16 09:30:00 -08:00,2025-12-16 09:31:00 -08:00,sender022@example.test,Synthetic title 00827,Synthetic subject 00827,recipient011@example.test,synthetic_document_00827.pdf,No,Synthetic joint defense,
SYNLCPRV024-0003313,SYNLCPRV024-0003313,Synthetic Person 015,blind004@example.test,copy012@example.test,2025-01-17 09:30:00 -08:00,2025-01-17 09:31:00 -08:00,sender023@example.test,Synthetic title 00828,Synthetic subject 00828,recipient012@example.test,synthetic_document_00828.pdf,Yes,Synthetic attorney-client,Yes
SYNLCPRV024-0003317,SYNLCPRV024-0003318,Synthetic Person 016,blind005@example.test,copy013@example.test,2025-02-18 09:30:00 -08:00,2025-02-18 09:31:00 -08:00,sender024@example.test,Synthetic title 00829,Synthetic subject 00829,recipient013@example.test,synthetic_document_00829.pdf,No,Synthetic work product,
SYNLCPRV024-0003321,SYNLCPRV024-0003323,Synthetic Person 017,blind006@example.test,copy014@example.test,2025-03-19 09:30:00 -08:00,2025-03-19 09:31:00 -08:00,sender025@example.test,Synthetic title 00830,Synthetic subject 00830,recipient014@example.test,synthetic_document_00830.pdf,Yes,Synthetic joint defense,
SYNLCPRV024-0003325,SYNLCPRV024-0003325,Synthetic Person 018,blind007@example.test,copy015@example.test,2025-04-20 09:30:00 -08:00,2025-04-20 09:31:00 -08:00,sender026@example.test,Synthetic title 00831,Synthetic subject 00831,recipient015@example.test,synthetic_document_00831.pdf,No,Synthetic attorney-client,
SYNLCPRV024-0003329,SYNLCPRV024-0003330,Synthetic Person 019,blind008@example.test,copy016@example.test,2025-05-21 09:30:00 -08:00,2025-05-21 09:31:00 -08:00,sender027@example.test,Synthetic title 00832,Synthetic subject 00832,recipient016@example.test,synthetic_document_00832.pdf,Yes,Synthetic work product,Yes
SYNLCPRV024-0003333,SYNLCPRV024-0003335,Synthetic Person 020,blind009@example.test,copy017@example.test,2025-06-22 09:30:00 -08:00,2025-06-22 09:31:00 -08:00,sender028@example.test,Synthetic title 00833,Synthetic subject 00833,recipient017@example.test,synthetic_document_00833.pdf,No,Synthetic joint defense,
SYNLCPRV024-0003337,SYNLCPRV024-0003337,Synthetic Person 021,blind010@example.test,copy018@example.test,2025-07-23 09:30:00 -08:00,2025-07-23 09:31:00 -08:00,sender029@example.test,Synthetic title 00834,Synthetic subject 00834,recipient018@example.test,synthetic_document_00834.pdf,Yes,Synthetic attorney-client,
SYNLCPRV024-0003341,SYNLCPRV024-0003342,Synthetic Person 022,blind011@example.test,copy019@example.test,2025-08-24 09:30:00 -08:00,2025-08-24 09:31:00 -08:00,sender030@example.test,Synthetic title 00835,Synthetic subject 00835,recipient019@example.test,synthetic_document_00835.pdf,No,Synthetic work product,
SYNLCPRV024-0003345,SYNLCPRV024-0003347,Synthetic Person 023,blind001@example.test,copy001@example.test,2025-09-25 09:30:00 -08:00,2025-09-25 09:31:00 -08:00,sender031@example.test,Synthetic title 00836,Synthetic subject 00836,recipient020@example.test,synthetic_document_00836.pdf,Yes,Synthetic joint defense,Yes
SYNLCPRV024-0003349,SYNLCPRV024-0003349,Synthetic Person 024,blind002@example.test,copy002@example.test,2025-10-26 09:30:00 -08:00,2025-10-26 09:31:00 -08:00,sender001@example.test,Synthetic title 00837,Synthetic subject 00837,recipient021@example.test,synthetic_document_00837.pdf,No,Synthetic attorney-client,
SYNLCPRV024-0003353,SYNLCPRV024-0003354,Synthetic Person 025,blind003@example.test,copy003@example.test,2025-11-27 09:30:00 -08:00,2025-11-27 09:31:00 -08:00,sender002@example.test,Synthetic title 00838,Synthetic subject 00838,recipient022@example.test,synthetic_document_00838.pdf,Yes,Synthetic work product,
SYNLCPRV024-0003357,SYNLCPRV024-0003359,Synthetic Person 026,blind004@example.test,copy004@example.test,2025-12-28 09:30:00 -08:00,2025-12-28 09:31:00 -08:00,sender003@example.test,Synthetic title 00839,Synthetic subject 00839,recipient023@example.test,synthetic_document_00839.pdf,No,Synthetic joint defense,
SYNLCPRV024-0003361,SYNLCPRV024-0003361,Synthetic Person 027,blind005@example.test,copy005@example.test,2025-01-01 09:30:00 -08:00,2025-01-01 09:31:00 -08:00,sender004@example.test,Synthetic title 00840,Synthetic subject 00840,recipient024@example.test,synthetic_document_00840.pdf,Yes,Synthetic attorney-client,Yes
SYNLCPRV024-0003365,SYNLCPRV024-0003366,Synthetic Person 028,blind006@example.test,copy006@example.test,2025-02-02 09:30:00 -08:00,2025-02-02 09:31:00 -08:00,sender005@example.test,Synthetic title 00841,Synthetic subject 00841,recipient025@example.test,synthetic_document_00841.pdf,No,Synthetic work product,
SYNLCPRV024-0003369,SYNLCPRV024-0003371,Synthetic Person 029,blind007@example.test,copy007@example.test,2025-03-03 09:30:00 -08:00,2025-03-03 09:31:00 -08:00,sender006@example.test,Synthetic title 00842,Synthetic subject 00842,recipient026@example.test,synthetic_document_00842.pdf,Yes,Synthetic joint defense,
SYNLCPRV024-0003373,SYNLCPRV024-0003373,Synthetic Person 030,blind008@example.test,copy008@example.test,2025-04-04 09:30:00 -08:00,2025-04-04 09:31:00 -08:00,sender007@example.test,Synthetic title 00843,Synthetic subject 00843,recipient027@example.test,synthetic_document_00843.pdf,No,Synthetic attorney-client,
SYNLCPRV024-0003377,SYNLCPRV024-0003378,Synthetic Person 031,blind009@example.test,copy009@example.test,2025-05-05 09:30:00 -08:00,2025-05-05 09:31:00 -08:00,sender008@example.test,Synthetic title 00844,Synthetic subject 00844,recipient028@example.test,synthetic_document_00844.pdf,Yes,Synthetic work product,Yes
SYNLCPRV024-0003381,SYNLCPRV024-0003383,Synthetic Person 032,blind010@example.test,copy010@example.test,2025-06-06 09:30:00 -08:00,2025-06-06 09:31:00 -08:00,sender009@example.test,Synthetic title 00845,Synthetic subject 00845,recipient029@example.test,synthetic_document_00845.pdf,No,Synthetic joint defense,
SYNLCPRV024-0003385,SYNLCPRV024-0003385,Synthetic Person 033,blind011@example.test,copy011@example.test,2025-07-07 09:30:00 -08:00,2025-07-07 09:31:00 -08:00,sender010@example.test,Synthetic title 00846,Synthetic subject 00846,recipient030@example.test,synthetic_document_00846.pdf,Yes,Synthetic attorney-client,
SYNLCPRV024-0003389,SYNLCPRV024-0003390,Synthetic Person 034,blind001@example.test,copy012@example.test,2025-08-08 09:30:00 -08:00,2025-08-08 09:31:00 -08:00,sender011@example.test,Synthetic title 00847,Synthetic subject 00847,recipient031@example.test,synthetic_document_00847.pdf,No,Synthetic work product,
SYNLCPRV024-0003393,SYNLCPRV024-0003395,Synthetic Person 035,blind002@example.test,copy013@example.test,2025-09-09 09:30:00 -08:00,2025-09-09 09:31:00 -08:00,sender012@example.test,Synthetic title 00848,Synthetic subject 00848,recipient032@example.test,synthetic_document_00848.pdf,Yes,Synthetic joint defense,Yes
SYNLCPRV024-0003397,SYNLCPRV024-0003397,Synthetic Person 036,blind003@example.test,copy014@example.test,2025-10-10 09:30:00 -08:00,2025-10-10 09:31:00 -08:00,sender013@example.test,Synthetic title 00849,Synthetic subject 00849,recipient033@example.test,synthetic_document_00849.pdf,No,Synthetic attorney-client,
SYNLCPRV024-0003401,SYNLCPRV024-0003402,Synthetic Person 037,blind004@example.test,copy015@example.test,2025-11-11 09:30:00 -08:00,2025-11-11 09:31:00 -08:00,sender014@example.test,Synthetic title 00850,Synthetic subject 00850,recipient034@example.test,synthetic_document_00850.pdf,Yes,Synthetic work product,
SYNLCPRV024-0003405,SYNLCPRV024-0003407,Synthetic Person 001,blind005@example.test,copy016@example.test,2025-12-12 09:30:00 -08:00,2025-12-12 09:31:00 -08:00,sender015@example.test,Synthetic title 00851,Synthetic subject 00851,recipient035@example.test,synthetic_document_00851.pdf,No,Synthetic joint defense,
SYNLCPRV024-0003409,SYNLCPRV024-0003409,Synthetic Person 002,blind006@example.test,copy017@example.test,2025-01-13 09:30:00 -08:00,2025-01-13 09:31:00 -08:00,sender016@example.test,Synthetic title 00852,Synthetic subject 00852,recipient036@example.test,synthetic_document_00852.pdf,Yes,Synthetic attorney-client,Yes
SYNLCPRV024-0003413,SYNLCPRV024-0003414,Synthetic Person 003,blind007@example.test,copy018@example.test,2025-02-14 09:30:00 -08:00,2025-02-14 09:31:00 -08:00,sender017@example.test,Synthetic title 00853,Synthetic subject 00853,recipient037@example.test,synthetic_document_00853.pdf,No,Synthetic work product,
SYNLCPRV024-0003417,SYNLCPRV024-0003419,Synthetic Person 004,blind008@example.test,copy019@example.test,2025-03-15 09:30:00 -08:00,2025-03-15 09:31:00 -08:00,sender018@example.test,Synthetic title 00854,Synthetic subject 00854,recipient038@example.test,synthetic_document_00854.pdf,Yes,Synthetic joint defense,
SYNLCPRV024-0003421,SYNLCPRV024-0003421,Synthetic Person 005,blind009@example.test,copy001@example.test,2025-04-16 09:30:00 -08:00,2025-04-16 09:31:00 -08:00,sender019@example.test,Synthetic title 00855,Synthetic subject 00855,recipient039@example.test,synthetic_document_00855.pdf,No,Synthetic attorney-client,
SYNLCPRV024-0003425,SYNLCPRV024-0003426,Synthetic Person 006,blind010@example.test,copy002@example.test,2025-05-17 09:30:00 -08:00,2025-05-17 09:31:00 -08:00,sender020@example.test,Synthetic title 00856,Synthetic subject 00856,recipient040@example.test,synthetic_document_00856.pdf,Yes,Synthetic work product,Yes
SYNLCPRV024-0003429,SYNLCPRV024-0003431,Synthetic Person 007,blind011@example.test,copy003@example.test,2025-06-18 09:30:00 -08:00,2025-06-18 09:31:00 -08:00,sender021@example.test,Synthetic title 00857,Synthetic subject 00857,recipient041@example.test,synthetic_document_00857.pdf,No,Synthetic joint defense,
SYNLCPRV024-0003433,SYNLCPRV024-0003433,Synthetic Person 008,blind001@example.test,copy004@example.test,2025-07-19 09:30:00 -08:00,2025-07-19 09:31:00 -08:00,sender022@example.test,Synthetic title 00858,Synthetic subject 00858,recipient042@example.test,synthetic_document_00858.pdf,Yes,Synthetic attorney-client,
SYNLCPRV024-0003437,SYNLCPRV024-0003438,Synthetic Person 009,blind002@example.test,copy005@example.test,2025-08-20 09:30:00 -08:00,2025-08-20 09:31:00 -08:00,sender023@example.test,Synthetic title 00859,Synthetic subject 00859,recipient043@example.test,synthetic_document_00859.pdf,No,Synthetic work product,
SYNLCPRV024-0003441,SYNLCPRV024-0003443,Synthetic Person 010,blind003@example.test,copy006@example.test,2025-09-21 09:30:00 -08:00,2025-09-21 09:31:00 -08:00,sender024@example.test,Synthetic title 00860,Synthetic subject 00860,recipient001@example.test,synthetic_document_00860.pdf,Yes,Synthetic joint defense,Yes
SYNLCPRV024-0003445,SYNLCPRV024-0003445,Synthetic Person 011,blind004@example.test,copy007@example.test,2025-10-22 09:30:00 -08:00,2025-10-22 09:31:00 -08:00,sender025@example.test,Synthetic title 00861,Synthetic subject 00861,recipient002@example.test,synthetic_document_00861.pdf,No,Synthetic attorney-client,
SYNLCPRV024-0003449,SYNLCPRV024-0003450,Synthetic Person 012,blind005@example.test,copy008@example.test,2025-11-23 09:30:00 -08:00,2025-11-23 09:31:00 -08:00,sender026@example.test,Synthetic title 00862,Synthetic subject 00862,recipient003@example.test,synthetic_document_00862.pdf,Yes,Synthetic work product,
SYNLCPRV024-0003453,SYNLCPRV024-0003455,Synthetic Person 013,blind006@example.test,copy009@example.test,2025-12-24 09:30:00 -08:00,2025-12-24 09:31:00 -08:00,sender027@example.test,Synthetic title 00863,Synthetic subject 00863,recipient004@example.test,synthetic_document_00863.pdf,No,Synthetic joint defense,
SYNLCPRV024-0003457,SYNLCPRV024-0003457,Synthetic Person 014,blind007@example.test,copy010@example.test,2025-01-25 09:30:00 -08:00,2025-01-25 09:31:00 -08:00,sender028@example.test,Synthetic title 00864,Synthetic subject 00864,recipient005@example.test,synthetic_document_00864.pdf,Yes,Synthetic attorney-client,Yes
SYNLCPRV024-0003461,SYNLCPRV024-0003462,Synthetic Person 015,blind008@example.test,copy011@example.test,2025-02-26 09:30:00 -08:00,2025-02-26 09:31:00 -08:00,sender029@example.test,Synthetic title 00865,Synthetic subject 00865,recipient006@example.test,synthetic_document_00865.pdf,No,Synthetic work product,
SYNLCPRV024-0003465,SYNLCPRV024-0003467,Synthetic Person 016,blind009@example.test,copy012@example.test,2025-03-27 09:30:00 -08:00,2025-03-27 09:31:00 -08:00,sender030@example.test,Synthetic title 00866,Synthetic subject 00866,recipient007@example.test,synthetic_document_00866.pdf,Yes,Synthetic joint defense,
SYNLCPRV024-0003469,SYNLCPRV024-0003469,Synthetic Person 017,blind010@example.test,copy013@example.test,2025-04-28 09:30:00 -08:00,2025-04-28 09:31:00 -08:00,sender031@example.test,Synthetic title 00867,Synthetic subject 00867,recipient008@example.test,synthetic_document_00867.pdf,No,Synthetic attorney-client,
SYNLCPRV024-0003473,SYNLCPRV024-0003474,Synthetic Person 018,blind011@example.test,copy014@example.test,2025-05-01 09:30:00 -08:00,2025-05-01 09:31:00 -08:00,sender001@example.test,Synthetic title 00868,Synthetic subject 00868,recipient009@example.test,synthetic_document_00868.pdf,Yes,Synthetic work product,Yes
SYNLCPRV024-0003477,SYNLCPRV024-0003479,Synthetic Person 019,blind001@example.test,copy015@example.test,2025-06-02 09:30:00 -08:00,2025-06-02 09:31:00 -08:00,sender002@example.test,Synthetic title 00869,Synthetic subject 00869,recipient010@example.test,synthetic_document_00869.pdf,No,Synthetic joint defense,
SYNLCPRV024-0003481,SYNLCPRV024-0003481,Synthetic Person 020,blind002@example.test,copy016@example.test,2025-07-03 09:30:00 -08:00,2025-07-03 09:31:00 -08:00,sender003@example.test,Synthetic title 00870,Synthetic subject 00870,recipient011@example.test,synthetic_document_00870.pdf,Yes,Synthetic attorney-client,
SYNLCPRV024-0003485,SYNLCPRV024-0003486,Synthetic Person 021,blind003@example.test,copy017@example.test,2025-08-04 09:30:00 -08:00,2025-08-04 09:31:00 -08:00,sender004@example.test,Synthetic title 00871,Synthetic subject 00871,recipient012@example.test,synthetic_document_00871.pdf,No,Synthetic work product,
SYNLCPRV024-0003489,SYNLCPRV024-0003491,Synthetic Person 022,blind004@example.test,copy018@example.test,2025-09-05 09:30:00 -08:00,2025-09-05 09:31:00 -08:00,sender005@example.test,Synthetic title 00872,Synthetic subject 00872,recipient013@example.test,synthetic_document_00872.pdf,Yes,Synthetic joint defense,Yes
SYNLCPRV024-0003493,SYNLCPRV024-0003493,Synthetic Person 023,blind005@example.test,copy019@example.test,2025-10-06 09:30:00 -08:00,2025-10-06 09:31:00 -08:00,sender006@example.test,Synthetic title 00873,Synthetic subject 00873,recipient014@example.test,synthetic_document_00873.pdf,No,Synthetic attorney-client,
SYNLCPRV024-0003497,SYNLCPRV024-0003498,Synthetic Person 024,blind006@example.test,copy001@example.test,2025-11-07 09:30:00 -08:00,2025-11-07 09:31:00 -08:00,sender007@example.test,Synthetic title 00874,Synthetic subject 00874,recipient015@example.test,synthetic_document_00874.pdf,Yes,Synthetic work product,
SYNLCPRV024-0003501,SYNLCPRV024-0003503,Synthetic Person 025,blind007@example.test,copy002@example.test,2025-12-08 09:30:00 -08:00,2025-12-08 09:31:00 -08:00,sender008@example.test,Synthetic title 00875,Synthetic subject 00875,recipient016@example.test,synthetic_document_00875.pdf,No,Synthetic joint defense,
SYNLCPRV024-0003505,SYNLCPRV024-0003505,Synthetic Person 026,blind008@example.test,copy003@example.test,2025-01-09 09:30:00 -08:00,2025-01-09 09:31:00 -08:00,sender009@example.test,Synthetic title 00876,Synthetic subject 00876,recipient017@example.test,synthetic_document_00876.pdf,Yes,Synthetic attorney-client,Yes
SYNLCPRV024-0003509,SYNLCPRV024-0003510,Synthetic Person 027,blind009@example.test,copy004@example.test,2025-02-10 09:30:00 -08:00,2025-02-10 09:31:00 -08:00,sender010@example.test,Synthetic title 00877,Synthetic subject 00877,recipient018@example.test,synthetic_document_00877.pdf,No,Synthetic work product,
SYNLCPRV024-0003513,SYNLCPRV024-0003515,Synthetic Person 028,blind010@example.test,copy005@example.test,2025-03-11 09:30:00 -08:00,2025-03-11 09:31:00 -08:00,sender011@example.test,Synthetic title 00878,Synthetic subject 00878,recipient019@example.test,synthetic_document_00878.pdf,Yes,Synthetic joint defense,
SYNLCPRV024-0003517,SYNLCPRV024-0003517,Synthetic Person 029,blind011@example.test,copy006@example.test,2025-04-12 09:30:00 -08:00,2025-04-12 09:31:00 -08:00,sender012@example.test,Synthetic title 00879,Synthetic subject 00879,recipient020@example.test,synthetic_document_00879.pdf,No,Synthetic attorney-client,
SYNLCPRV024-0003521,SYNLCPRV024-0003522,Synthetic Person 030,blind001@example.test,copy007@example.test,2025-05-13 09:30:00 -08:00,2025-05-13 09:31:00 -08:00,sender013@example.test,Synthetic title 00880,Synthetic subject 00880,recipient021@example.test,synthetic_document_00880.pdf,Yes,Synthetic work product,Yes
SYNLCPRV024-0003525,SYNLCPRV024-0003527,Synthetic Person 031,blind002@example.test,copy008@example.test,2025-06-14 09:30:00 -08:00,2025-06-14 09:31:00 -08:00,sender014@example.test,Synthetic title 00881,Synthetic subject 00881,recipient022@example.test,synthetic_document_00881.pdf,No,Synthetic joint defense,
SYNLCPRV024-0003529,SYNLCPRV024-0003529,Synthetic Person 032,blind003@example.test,copy009@example.test,2025-07-15 09:30:00 -08:00,2025-07-15 09:31:00 -08:00,sender015@example.test,Synthetic title 00882,Synthetic subject 00882,recipient023@example.test,synthetic_document_00882.pdf,Yes,Synthetic attorney-client,
SYNLCPRV024-0003533,SYNLCPRV024-0003534,Synthetic Person 033,blind004@example.test,copy010@example.test,2025-08-16 09:30:00 -08:00,2025-08-16 09:31:00 -08:00,sender016@example.test,Synthetic title 00883,Synthetic subject 00883,recipient024@example.test,synthetic_document_00883.pdf,No,Synthetic work product,
SYNLCPRV024-0003537,SYNLCPRV024-0003539,Synthetic Person 034,blind005@example.test,copy011@example.test,2025-09-17 09:30:00 -08:00,2025-09-17 09:31:00 -08:00,sender017@example.test,Synthetic title 00884,Synthetic subject 00884,recipient025@example.test,synthetic_document_00884.pdf,Yes,Synthetic joint defense,Yes
SYNLCPRV024-0003541,SYNLCPRV024-0003541,Synthetic Person 035,blind006@example.test,copy012@example.test,2025-10-18 09:30:00 -08:00,2025-10-18 09:31:00 -08:00,sender018@example.test,Synthetic title 00885,Synthetic subject 00885,recipient026@example.test,synthetic_document_00885.pdf,No,Synthetic attorney-client,
SYNLCPRV024-0003545,SYNLCPRV024-0003546,Synthetic Person 036,blind007@example.test,copy013@example.test,2025-11-19 09:30:00 -08:00,2025-11-19 09:31:00 -08:00,sender019@example.test,Synthetic title 00886,Synthetic subject 00886,recipient027@example.test,synthetic_document_00886.pdf,Yes,Synthetic work product,
SYNLCPRV024-0003549,SYNLCPRV024-0003551,Synthetic Person 037,blind008@example.test,copy014@example.test,2025-12-20 09:30:00 -08:00,2025-12-20 09:31:00 -08:00,sender020@example.test,Synthetic title 00887,Synthetic subject 00887,recipient028@example.test,synthetic_document_00887.pdf,No,Synthetic joint defense,
SYNLCPRV024-0003553,SYNLCPRV024-0003553,Synthetic Person 001,blind009@example.test,copy015@example.test,2025-01-21 09:30:00 -08:00,2025-01-21 09:31:00 -08:00,sender021@example.test,Synthetic title 00888,Synthetic subject 00888,recipient029@example.test,synthetic_document_00888.pdf,Yes,Synthetic attorney-client,Yes
SYNLCPRV024-0003557,SYNLCPRV024-0003558,Synthetic Person 002,blind010@example.test,copy016@example.test,2025-02-22 09:30:00 -08:00,2025-02-22 09:31:00 -08:00,sender022@example.test,Synthetic title 00889,Synthetic subject 00889,recipient030@example.test,synthetic_document_00889.pdf,No,Synthetic work product,
SYNLCPRV024-0003561,SYNLCPRV024-0003563,Synthetic Person 003,blind011@example.test,copy017@example.test,2025-03-23 09:30:00 -08:00,2025-03-23 09:31:00 -08:00,sender023@example.test,Synthetic title 00890,Synthetic subject 00890,recipient031@example.test,synthetic_document_00890.pdf,Yes,Synthetic joint defense,
SYNLCPRV024-0003565,SYNLCPRV024-0003565,Synthetic Person 004,blind001@example.test,copy018@example.test,2025-04-24 09:30:00 -08:00,2025-04-24 09:31:00 -08:00,sender024@example.test,Synthetic title 00891,Synthetic subject 00891,recipient032@example.test,synthetic_document_00891.pdf,No,Synthetic attorney-client,
SYNLCPRV024-0003569,SYNLCPRV024-0003570,Synthetic Person 005,blind002@example.test,copy019@example.test,2025-05-25 09:30:00 -08:00,2025-05-25 09:31:00 -08:00,sender025@example.test,Synthetic title 00892,Synthetic subject 00892,recipient033@example.test,synthetic_document_00892.pdf,Yes,Synthetic work product,Yes
SYNLCPRV024-0003573,SYNLCPRV024-0003575,Synthetic Person 006,blind003@example.test,copy001@example.test,2025-06-26 09:30:00 -08:00,2025-06-26 09:31:00 -08:00,sender026@example.test,Synthetic title 00893,Synthetic subject 00893,recipient034@example.test,synthetic_document_00893.pdf,No,Synthetic joint defense,
SYNLCPRV024-0003577,SYNLCPRV024-0003577,Synthetic Person 007,blind004@example.test,copy002@example.test,2025-07-27 09:30:00 -08:00,2025-07-27 09:31:00 -08:00,sender027@example.test,Synthetic title 00894,Synthetic subject 00894,recipient035@example.test,synthetic_document_00894.pdf,Yes,Synthetic attorney-client,
SYNLCPRV024-0003581,SYNLCPRV024-0003582,Synthetic Person 008,blind005@example.test,copy003@example.test,2025-08-28 09:30:00 -08:00,2025-08-28 09:31:00 -08:00,sender028@example.test,Synthetic title 00895,Synthetic subject 00895,recipient036@example.test,synthetic_document_00895.pdf,No,Synthetic work product,
SYNLCPRV024-0003585,SYNLCPRV024-0003587,Synthetic Person 009,blind006@example.test,copy004@example.test,2025-09-01 09:30:00 -08:00,2025-09-01 09:31:00 -08:00,sender029@example.test,Synthetic title 00896,Synthetic subject 00896,recipient037@example.test,synthetic_document_00896.pdf,Yes,Synthetic joint defense,Yes
SYNLCPRV024-0003589,SYNLCPRV024-0003589,Synthetic Person 010,blind007@example.test,copy005@example.test,2025-10-02 09:30:00 -08:00,2025-10-02 09:31:00 -08:00,sender030@example.test,Synthetic title 00897,Synthetic subject 00897,recipient038@example.test,synthetic_document_00897.pdf,No,Synthetic attorney-client,
SYNLCPRV024-0003593,SYNLCPRV024-0003594,Synthetic Person 011,blind008@example.test,copy006@example.test,2025-11-03 09:30:00 -08:00,2025-11-03 09:31:00 -08:00,sender031@example.test,Synthetic title 00898,Synthetic subject 00898,recipient039@example.test,synthetic_document_00898.pdf,Yes,Synthetic work product,
SYNLCPRV024-0003597,SYNLCPRV024-0003599,Synthetic Person 012,blind009@example.test,copy007@example.test,2025-12-04 09:30:00 -08:00,2025-12-04 09:31:00 -08:00,sender001@example.test,Synthetic title 00899,Synthetic subject 00899,recipient040@example.test,synthetic_document_00899.pdf,No,Synthetic joint defense,
SYNLCPRV024-0003601,SYNLCPRV024-0003601,Synthetic Person 013,blind010@example.test,copy008@example.test,2025-01-05 09:30:00 -08:00,2025-01-05 09:31:00 -08:00,sender002@example.test,Synthetic title 00900,Synthetic subject 00900,recipient041@example.test,synthetic_document_00900.pdf,Yes,Synthetic attorney-client,Yes
SYNLCPRV024-0003605,SYNLCPRV024-0003606,Synthetic Person 014,blind011@example.test,copy009@example.test,2025-02-06 09:30:00 -08:00,2025-02-06 09:31:00 -08:00,sender003@example.test,Synthetic title 00901,Synthetic subject 00901,recipient042@example.test,synthetic_document_00901.pdf,No,Synthetic work product,
SYNLCPRV024-0003609,SYNLCPRV024-0003611,Synthetic Person 015,blind001@example.test,copy010@example.test,2025-03-07 09:30:00 -08:00,2025-03-07 09:31:00 -08:00,sender004@example.test,Synthetic title 00902,Synthetic subject 00902,recipient043@example.test,synthetic_document_00902.pdf,Yes,Synthetic joint defense,
SYNLCPRV024-0003613,SYNLCPRV024-0003613,Synthetic Person 016,blind002@example.test,copy011@example.test,2025-04-08 09:30:00 -08:00,2025-04-08 09:31:00 -08:00,sender005@example.test,Synthetic title 00903,Synthetic subject 00903,recipient001@example.test,synthetic_document_00903.pdf,No,Synthetic attorney-client,
SYNLCPRV024-0003617,SYNLCPRV024-0003618,Synthetic Person 017,blind003@example.test,copy012@example.test,2025-05-09 09:30:00 -08:00,2025-05-09 09:31:00 -08:00,sender006@example.test,Synthetic title 00904,Synthetic subject 00904,recipient002@example.test,synthetic_document_00904.pdf,Yes,Synthetic work product,Yes
SYNLCPRV024-0003621,SYNLCPRV024-0003623,Synthetic Person 018,blind004@example.test,copy013@example.test,2025-06-10 09:30:00 -08:00,2025-06-10 09:31:00 -08:00,sender007@example.test,Synthetic title 00905,Synthetic subject 00905,recipient003@example.test,synthetic_document_00905.pdf,No,Synthetic joint defense,
SYNLCPRV024-0003625,SYNLCPRV024-0003625,Synthetic Person 019,blind005@example.test,copy014@example.test,2025-07-11 09:30:00 -08:00,2025-07-11 09:31:00 -08:00,sender008@example.test,Synthetic title 00906,Synthetic subject 00906,recipient004@example.test,synthetic_document_00906.pdf,Yes,Synthetic attorney-client,
SYNLCPRV024-0003629,SYNLCPRV024-0003630,Synthetic Person 020,blind006@example.test,copy015@example.test,2025-08-12 09:30:00 -08:00,2025-08-12 09:31:00 -08:00,sender009@example.test,Synthetic title 00907,Synthetic subject 00907,recipient005@example.test,synthetic_document_00907.pdf,No,Synthetic work product,
SYNLCPRV024-0003633,SYNLCPRV024-0003635,Synthetic Person 021,blind007@example.test,copy016@example.test,2025-09-13 09:30:00 -08:00,2025-09-13 09:31:00 -08:00,sender010@example.test,Synthetic title 00908,Synthetic subject 00908,recipient006@example.test,synthetic_document_00908.pdf,Yes,Synthetic joint defense,Yes
SYNLCPRV024-0003637,SYNLCPRV024-0003637,Synthetic Person 022,blind008@example.test,copy017@example.test,2025-10-14 09:30:00 -08:00,2025-10-14 09:31:00 -08:00,sender011@example.test,Synthetic title 00909,Synthetic subject 00909,recipient007@example.test,synthetic_document_00909.pdf,No,Synthetic attorney-client,
SYNLCPRV024-0003641,SYNLCPRV024-0003642,Synthetic Person 023,blind009@example.test,copy018@example.test,2025-11-15 09:30:00 -08:00,2025-11-15 09:31:00 -08:00,sender012@example.test,Synthetic title 00910,Synthetic subject 00910,recipient008@example.test,synthetic_document_00910.pdf,Yes,Synthetic work product,
SYNLCPRV024-0003645,SYNLCPRV024-0003647,Synthetic Person 024,blind010@example.test,copy019@example.test,2025-12-16 09:30:00 -08:00,2025-12-16 09:31:00 -08:00,sender013@example.test,Synthetic title 00911,Synthetic subject 00911,recipient009@example.test,synthetic_document_00911.pdf,No,Synthetic joint defense,
SYNLCPRV024-0003649,SYNLCPRV024-0003649,Synthetic Person 025,blind011@example.test,copy001@example.test,2025-01-17 09:30:00 -08:00,2025-01-17 09:31:00 -08:00,sender014@example.test,Synthetic title 00912,Synthetic subject 00912,recipient010@example.test,synthetic_document_00912.pdf,Yes,Synthetic attorney-client,Yes
SYNLCPRV024-0003653,SYNLCPRV024-0003654,Synthetic Person 026,blind001@example.test,copy002@example.test,2025-02-18 09:30:00 -08:00,2025-02-18 09:31:00 -08:00,sender015@example.test,Synthetic title 00913,Synthetic subject 00913,recipient011@example.test,synthetic_document_00913.pdf,No,Synthetic work product,
SYNLCPRV024-0003657,SYNLCPRV024-0003659,Synthetic Person 027,blind002@example.test,copy003@example.test,2025-03-19 09:30:00 -08:00,2025-03-19 09:31:00 -08:00,sender016@example.test,Synthetic title 00914,Synthetic subject 00914,recipient012@example.test,synthetic_document_00914.pdf,Yes,Synthetic joint defense,
SYNLCPRV024-0003661,SYNLCPRV024-0003661,Synthetic Person 028,blind003@example.test,copy004@example.test,2025-04-20 09:30:00 -08:00,2025-04-20 09:31:00 -08:00,sender017@example.test,Synthetic title 00915,Synthetic subject 00915,recipient013@example.test,synthetic_document_00915.pdf,No,Synthetic attorney-client,
SYNLCPRV024-0003665,SYNLCPRV024-0003666,Synthetic Person 029,blind004@example.test,copy005@example.test,2025-05-21 09:30:00 -08:00,2025-05-21 09:31:00 -08:00,sender018@example.test,Synthetic title 00916,Synthetic subject 00916,recipient014@example.test,synthetic_document_00916.pdf,Yes,Synthetic work product,Yes
SYNLCPRV024-0003669,SYNLCPRV024-0003671,Synthetic Person 030,blind005@example.test,copy006@example.test,2025-06-22 09:30:00 -08:00,2025-06-22 09:31:00 -08:00,sender019@example.test,Synthetic title 00917,Synthetic subject 00917,recipient015@example.test,synthetic_document_00917.pdf,No,Synthetic joint defense,
SYNLCPRV024-0003673,SYNLCPRV024-0003673,Synthetic Person 031,blind006@example.test,copy007@example.test,2025-07-23 09:30:00 -08:00,2025-07-23 09:31:00 -08:00,sender020@example.test,Synthetic title 00918,Synthetic subject 00918,recipient016@example.test,synthetic_document_00918.pdf,Yes,Synthetic attorney-client,
SYNLCPRV024-0003677,SYNLCPRV024-0003678,Synthetic Person 032,blind007@example.test,copy008@example.test,2025-08-24 09:30:00 -08:00,2025-08-24 09:31:00 -08:00,sender021@example.test,Synthetic title 00919,Synthetic subject 00919,recipient017@example.test,synthetic_document_00919.pdf,No,Synthetic work product,
SYNLCPRV024-0003681,SYNLCPRV024-0003683,Synthetic Person 033,blind008@example.test,copy009@example.test,2025-09-25 09:30:00 -08:00,2025-09-25 09:31:00 -08:00,sender022@example.test,Synthetic title 00920,Synthetic subject 00920,recipient018@example.test,synthetic_document_00920.pdf,Yes,Synthetic joint defense,Yes
SYNLCPRV024-0003685,SYNLCPRV024-0003685,Synthetic Person 034,blind009@example.test,copy010@example.test,2025-10-26 09:30:00 -08:00,2025-10-26 09:31:00 -08:00,sender023@example.test,Synthetic title 00921,Synthetic subject 00921,recipient019@example.test,synthetic_document_00921.pdf,No,Synthetic attorney-client,
SYNLCPRV024-0003689,SYNLCPRV024-0003690,Synthetic Person 035,blind010@example.test,copy011@example.test,2025-11-27 09:30:00 -08:00,2025-11-27 09:31:00 -08:00,sender024@example.test,Synthetic title 00922,Synthetic subject 00922,recipient020@example.test,synthetic_document_00922.pdf,Yes,Synthetic work product,
SYNLCPRV024-0003693,SYNLCPRV024-0003695,Synthetic Person 036,blind011@example.test,copy012@example.test,2025-12-28 09:30:00 -08:00,2025-12-28 09:31:00 -08:00,sender025@example.test,Synthetic title 00923,Synthetic subject 00923,recipient021@example.test,synthetic_document_00923.pdf,No,Synthetic joint defense,
SYNLCPRV024-0003697,SYNLCPRV024-0003697,Synthetic Person 037,blind001@example.test,copy013@example.test,2025-01-01 09:30:00 -08:00,2025-01-01 09:31:00 -08:00,sender026@example.test,Synthetic title 00924,Synthetic subject 00924,recipient022@example.test,synthetic_document_00924.pdf,Yes,Synthetic attorney-client,Yes
SYNLCPRV024-0003701,SYNLCPRV024-0003702,Synthetic Person 001,blind002@example.test,copy014@example.test,2025-02-02 09:30:00 -08:00,2025-02-02 09:31:00 -08:00,sender027@example.test,Synthetic title 00925,Synthetic subject 00925,recipient023@example.test,synthetic_document_00925.pdf,No,Synthetic work product,
SYNLCPRV024-0003705,SYNLCPRV024-0003707,Synthetic Person 002,blind003@example.test,copy015@example.test,2025-03-03 09:30:00 -08:00,2025-03-03 09:31:00 -08:00,sender028@example.test,Synthetic title 00926,Synthetic subject 00926,recipient024@example.test,synthetic_document_00926.pdf,Yes,Synthetic joint defense,
SYNLCPRV024-0003709,SYNLCPRV024-0003709,Synthetic Person 003,blind004@example.test,copy016@example.test,2025-04-04 09:30:00 -08:00,2025-04-04 09:31:00 -08:00,sender029@example.test,Synthetic title 00927,Synthetic subject 00927,recipient025@example.test,synthetic_document_00927.pdf,No,Synthetic attorney-client,
SYNLCPRV024-0003713,SYNLCPRV024-0003714,Synthetic Person 004,blind005@example.test,copy017@example.test,2025-05-05 09:30:00 -08:00,2025-05-05 09:31:00 -08:00,sender030@example.test,Synthetic title 00928,Synthetic subject 00928,recipient026@example.test,synthetic_document_00928.pdf,Yes,Synthetic work product,Yes
SYNLCPRV024-0003717,SYNLCPRV024-0003719,Synthetic Person 005,blind006@example.test,copy018@example.test,2025-06-06 09:30:00 -08:00,2025-06-06 09:31:00 -08:00,sender031@example.test,Synthetic title 00929,Synthetic subject 00929,recipient027@example.test,synthetic_document_00929.pdf,No,Synthetic joint defense,
SYNLCPRV024-0003721,SYNLCPRV024-0003721,Synthetic Person 006,blind007@example.test,copy019@example.test,2025-07-07 09:30:00 -08:00,2025-07-07 09:31:00 -08:00,sender001@example.test,Synthetic title 00930,Synthetic subject 00930,recipient028@example.test,synthetic_document_00930.pdf,Yes,Synthetic attorney-client,
SYNLCPRV024-0003725,SYNLCPRV024-0003726,Synthetic Person 007,blind008@example.test,copy001@example.test,2025-08-08 09:30:00 -08:00,2025-08-08 09:31:00 -08:00,sender002@example.test,Synthetic title 00931,Synthetic subject 00931,recipient029@example.test,synthetic_document_00931.pdf,No,Synthetic work product,
SYNLCPRV024-0003729,SYNLCPRV024-0003731,Synthetic Person 008,blind009@example.test,copy002@example.test,2025-09-09 09:30:00 -08:00,2025-09-09 09:31:00 -08:00,sender003@example.test,Synthetic title 00932,Synthetic subject 00932,recipient030@example.test,synthetic_document_00932.pdf,Yes,Synthetic joint defense,Yes
SYNLCPRV024-0003733,SYNLCPRV024-0003733,Synthetic Person 009,blind010@example.test,copy003@example.test,2025-10-10 09:30:00 -08:00,2025-10-10 09:31:00 -08:00,sender004@example.test,Synthetic title 00933,Synthetic subject 00933,recipient031@example.test,synthetic_document_00933.pdf,No,Synthetic attorney-client,
SYNLCPRV024-0003737,SYNLCPRV024-0003738,Synthetic Person 010,blind011@example.test,copy004@example.test,2025-11-11 09:30:00 -08:00,2025-11-11 09:31:00 -08:00,sender005@example.test,Synthetic title 00934,Synthetic subject 00934,recipient032@example.test,synthetic_document_00934.pdf,Yes,Synthetic work product,
SYNLCPRV024-0003741,SYNLCPRV024-0003743,Synthetic Person 011,blind001@example.test,copy005@example.test,2025-12-12 09:30:00 -08:00,2025-12-12 09:31:00 -08:00,sender006@example.test,Synthetic title 00935,Synthetic subject 00935,recipient033@example.test,synthetic_document_00935.pdf,No,Synthetic joint defense,
SYNLCPRV024-0003745,SYNLCPRV024-0003745,Synthetic Person 012,blind002@example.test,copy006@example.test,2025-01-13 09:30:00 -08:00,2025-01-13 09:31:00 -08:00,sender007@example.test,Synthetic title 00936,Synthetic subject 00936,recipient034@example.test,synthetic_document_00936.pdf,Yes,Synthetic attorney-client,Yes
SYNLCPRV024-0003749,SYNLCPRV024-0003750,Synthetic Person 013,blind003@example.test,copy007@example.test,2025-02-14 09:30:00 -08:00,2025-02-14 09:31:00 -08:00,sender008@example.test,Synthetic title 00937,Synthetic subject 00937,recipient035@example.test,synthetic_document_00937.pdf,No,Synthetic work product,
SYNLCPRV024-0003753,SYNLCPRV024-0003755,Synthetic Person 014,blind004@example.test,copy008@example.test,2025-03-15 09:30:00 -08:00,2025-03-15 09:31:00 -08:00,sender009@example.test,Synthetic title 00938,Synthetic subject 00938,recipient036@example.test,synthetic_document_00938.pdf,Yes,Synthetic joint defense,
SYNLCPRV024-0003757,SYNLCPRV024-0003757,Synthetic Person 015,blind005@example.test,copy009@example.test,2025-04-16 09:30:00 -08:00,2025-04-16 09:31:00 -08:00,sender010@example.test,Synthetic title 00939,Synthetic subject 00939,recipient037@example.test,synthetic_document_00939.pdf,No,Synthetic attorney-client,
SYNLCPRV024-0003761,SYNLCPRV024-0003762,Synthetic Person 016,blind006@example.test,copy010@example.test,2025-05-17 09:30:00 -08:00,2025-05-17 09:31:00 -08:00,sender011@example.test,Synthetic title 00940,Synthetic subject 00940,recipient038@example.test,synthetic_document_00940.pdf,Yes,Synthetic work product,Yes
SYNLCPRV024-0003765,SYNLCPRV024-0003767,Synthetic Person 017,blind007@example.test,copy011@example.test,2025-06-18 09:30:00 -08:00,2025-06-18 09:31:00 -08:00,sender012@example.test,Synthetic title 00941,Synthetic subject 00941,recipient039@example.test,synthetic_document_00941.pdf,No,Synthetic joint defense,
SYNLCPRV024-0003769,SYNLCPRV024-0003769,Synthetic Person 018,blind008@example.test,copy012@example.test,2025-07-19 09:30:00 -08:00,2025-07-19 09:31:00 -08:00,sender013@example.test,Synthetic title 00942,Synthetic subject 00942,recipient040@example.test,synthetic_document_00942.pdf,Yes,Synthetic attorney-client,
SYNLCPRV024-0003773,SYNLCPRV024-0003774,Synthetic Person 019,blind009@example.test,copy013@example.test,2025-08-20 09:30:00 -08:00,2025-08-20 09:31:00 -08:00,sender014@example.test,Synthetic title 00943,Synthetic subject 00943,recipient041@example.test,synthetic_document_00943.pdf,No,Synthetic work product,
SYNLCPRV024-0003777,SYNLCPRV024-0003779,Synthetic Person 020,blind010@example.test,copy014@example.test,2025-09-21 09:30:00 -08:00,2025-09-21 09:31:00 -08:00,sender015@example.test,Synthetic title 00944,Synthetic subject 00944,recipient042@example.test,synthetic_document_00944.pdf,Yes,Synthetic joint defense,Yes
SYNLCPRV024-0003781,SYNLCPRV024-0003781,Synthetic Person 021,blind011@example.test,copy015@example.test,2025-10-22 09:30:00 -08:00,2025-10-22 09:31:00 -08:00,sender016@example.test,Synthetic title 00945,Synthetic subject 00945,recipient043@example.test,synthetic_document_00945.pdf,No,Synthetic attorney-client,
SYNLCPRV024-0003785,SYNLCPRV024-0003786,Synthetic Person 022,blind001@example.test,copy016@example.test,2025-11-23 09:30:00 -08:00,2025-11-23 09:31:00 -08:00,sender017@example.test,Synthetic title 00946,Synthetic subject 00946,recipient001@example.test,synthetic_document_00946.pdf,Yes,Synthetic work product,
SYNLCPRV024-0003789,SYNLCPRV024-0003791,Synthetic Person 023,blind002@example.test,copy017@example.test,2025-12-24 09:30:00 -08:00,2025-12-24 09:31:00 -08:00,sender018@example.test,Synthetic title 00947,Synthetic subject 00947,recipient002@example.test,synthetic_document_00947.pdf,No,Synthetic joint defense,
SYNLCPRV024-0003793,SYNLCPRV024-0003793,Synthetic Person 024,blind003@example.test,copy018@example.test,2025-01-25 09:30:00 -08:00,2025-01-25 09:31:00 -08:00,sender019@example.test,Synthetic title 00948,Synthetic subject 00948,recipient003@example.test,synthetic_document_00948.pdf,Yes,Synthetic attorney-client,Yes
SYNLCPRV024-0003797,SYNLCPRV024-0003798,Synthetic Person 025,blind004@example.test,copy019@example.test,2025-02-26 09:30:00 -08:00,2025-02-26 09:31:00 -08:00,sender020@example.test,Synthetic title 00949,Synthetic subject 00949,recipient004@example.test,synthetic_document_00949.pdf,No,Synthetic work product,
SYNLCPRV024-0003801,SYNLCPRV024-0003803,Synthetic Person 026,blind005@example.test,copy001@example.test,2025-03-27 09:30:00 -08:00,2025-03-27 09:31:00 -08:00,sender021@example.test,Synthetic title 00950,Synthetic subject 00950,recipient005@example.test,synthetic_document_00950.pdf,Yes,Synthetic joint defense,
SYNLCPRV024-0003805,SYNLCPRV024-0003805,Synthetic Person 027,blind006@example.test,copy002@example.test,2025-04-28 09:30:00 -08:00,2025-04-28 09:31:00 -08:00,sender022@example.test,Synthetic title 00951,Synthetic subject 00951,recipient006@example.test,synthetic_document_00951.pdf,No,Synthetic attorney-client,
SYNLCPRV024-0003809,SYNLCPRV024-0003810,Synthetic Person 028,blind007@example.test,copy003@example.test,2025-05-01 09:30:00 -08:00,2025-05-01 09:31:00 -08:00,sender023@example.test,Synthetic title 00952,Synthetic subject 00952,recipient007@example.test,synthetic_document_00952.pdf,Yes,Synthetic work product,Yes
SYNLCPRV024-0003813,SYNLCPRV024-0003815,Synthetic Person 029,blind008@example.test,copy004@example.test,2025-06-02 09:30:00 -08:00,2025-06-02 09:31:00 -08:00,sender024@example.test,Synthetic title 00953,Synthetic subject 00953,recipient008@example.test,synthetic_document_00953.pdf,No,Synthetic joint defense,
SYNLCPRV024-0003817,SYNLCPRV024-0003817,Synthetic Person 030,blind009@example.test,copy005@example.test,2025-07-03 09:30:00 -08:00,2025-07-03 09:31:00 -08:00,sender025@example.test,Synthetic title 00954,Synthetic subject 00954,recipient009@example.test,synthetic_document_00954.pdf,Yes,Synthetic attorney-client,
SYNLCPRV024-0003821,SYNLCPRV024-0003822,Synthetic Person 031,blind010@example.test,copy006@example.test,2025-08-04 09:30:00 -08:00,2025-08-04 09:31:00 -08:00,sender026@example.test,Synthetic title 00955,Synthetic subject 00955,recipient010@example.test,synthetic_document_00955.pdf,No,Synthetic work product,
SYNLCPRV024-0003825,SYNLCPRV024-0003827,Synthetic Person 032,blind011@example.test,copy007@example.test,2025-09-05 09:30:00 -08:00,2025-09-05 09:31:00 -08:00,sender027@example.test,Synthetic title 00956,Synthetic subject 00956,recipient011@example.test,synthetic_document_00956.pdf,Yes,Synthetic joint defense,Yes
SYNLCPRV024-0003829,SYNLCPRV024-0003829,Synthetic Person 033,blind001@example.test,copy008@example.test,2025-10-06 09:30:00 -08:00,2025-10-06 09:31:00 -08:00,sender028@example.test,Synthetic title 00957,Synthetic subject 00957,recipient012@example.test,synthetic_document_00957.pdf,No,Synthetic attorney-client,
SYNLCPRV024-0003833,SYNLCPRV024-0003834,Synthetic Person 034,blind002@example.test,copy009@example.test,2025-11-07 09:30:00 -08:00,2025-11-07 09:31:00 -08:00,sender029@example.test,Synthetic title 00958,Synthetic subject 00958,recipient013@example.test,synthetic_document_00958.pdf,Yes,Synthetic work product,
SYNLCPRV024-0003837,SYNLCPRV024-0003839,Synthetic Person 035,blind003@example.test,copy010@example.test,2025-12-08 09:30:00 -08:00,2025-12-08 09:31:00 -08:00,sender030@example.test,Synthetic title 00959,Synthetic subject 00959,recipient014@example.test,synthetic_document_00959.pdf,No,Synthetic joint defense,
SYNLCPRV024-0003841,SYNLCPRV024-0003841,Synthetic Person 036,blind004@example.test,copy011@example.test,2025-01-09 09:30:00 -08:00,2025-01-09 09:31:00 -08:00,sender031@example.test,Synthetic title 00960,Synthetic subject 00960,recipient015@example.test,synthetic_document_00960.pdf,Yes,Synthetic attorney-client,Yes
SYNLCPRV024-0003845,SYNLCPRV024-0003846,Synthetic Person 037,blind005@example.test,copy012@example.test,2025-02-10 09:30:00 -08:00,2025-02-10 09:31:00 -08:00,sender001@example.test,Synthetic title 00961,Synthetic subject 00961,recipient016@example.test,synthetic_document_00961.pdf,No,Synthetic work product,
SYNLCPRV024-0003849,SYNLCPRV024-0003851,Synthetic Person 001,blind006@example.test,copy013@example.test,2025-03-11 09:30:00 -08:00,2025-03-11 09:31:00 -08:00,sender002@example.test,Synthetic title 00962,Synthetic subject 00962,recipient017@example.test,synthetic_document_00962.pdf,Yes,Synthetic joint defense,
SYNLCPRV024-0003853,SYNLCPRV024-0003853,Synthetic Person 002,blind007@example.test,copy014@example.test,2025-04-12 09:30:00 -08:00,2025-04-12 09:31:00 -08:00,sender003@example.test,Synthetic title 00963,Synthetic subject 00963,recipient018@example.test,synthetic_document_00963.pdf,No,Synthetic attorney-client,
SYNLCPRV024-0003857,SYNLCPRV024-0003858,Synthetic Person 003,blind008@example.test,copy015@example.test,2025-05-13 09:30:00 -08:00,2025-05-13 09:31:00 -08:00,sender004@example.test,Synthetic title 00964,Synthetic subject 00964,recipient019@example.test,synthetic_document_00964.pdf,Yes,Synthetic work product,Yes
SYNLCPRV024-0003861,SYNLCPRV024-0003863,Synthetic Person 004,blind009@example.test,copy016@example.test,2025-06-14 09:30:00 -08:00,2025-06-14 09:31:00 -08:00,sender005@example.test,Synthetic title 00965,Synthetic subject 00965,recipient020@example.test,synthetic_document_00965.pdf,No,Synthetic joint defense,
SYNLCPRV024-0003865,SYNLCPRV024-0003865,Synthetic Person 005,blind010@example.test,copy017@example.test,2025-07-15 09:30:00 -08:00,2025-07-15 09:31:00 -08:00,sender006@example.test,Synthetic title 00966,Synthetic subject 00966,recipient021@example.test,synthetic_document_00966.pdf,Yes,Synthetic attorney-client,
SYNLCPRV024-0003869,SYNLCPRV024-0003870,Synthetic Person 006,blind011@example.test,copy018@example.test,2025-08-16 09:30:00 -08:00,2025-08-16 09:31:00 -08:00,sender007@example.test,Synthetic title 00967,Synthetic subject 00967,recipient022@example.test,synthetic_document_00967.pdf,No,Synthetic work product,
SYNLCPRV024-0003873,SYNLCPRV024-0003875,Synthetic Person 007,blind001@example.test,copy019@example.test,2025-09-17 09:30:00 -08:00,2025-09-17 09:31:00 -08:00,sender008@example.test,Synthetic title 00968,Synthetic subject 00968,recipient023@example.test,synthetic_document_00968.pdf,Yes,Synthetic joint defense,Yes
SYNLCPRV024-0003877,SYNLCPRV024-0003877,Synthetic Person 008,blind002@example.test,copy001@example.test,2025-10-18 09:30:00 -08:00,2025-10-18 09:31:00 -08:00,sender009@example.test,Synthetic title 00969,Synthetic subject 00969,recipient024@example.test,synthetic_document_00969.pdf,No,Synthetic attorney-client,
SYNLCPRV024-0003881,SYNLCPRV024-0003882,Synthetic Person 009,blind003@example.test,copy002@example.test,2025-11-19 09:30:00 -08:00,2025-11-19 09:31:00 -08:00,sender010@example.test,Synthetic title 00970,Synthetic subject 00970,recipient025@example.test,synthetic_document_00970.pdf,Yes,Synthetic work product,
SYNLCPRV024-0003885,SYNLCPRV024-0003887,Synthetic Person 010,blind004@example.test,copy003@example.test,2025-12-20 09:30:00 -08:00,2025-12-20 09:31:00 -08:00,sender011@example.test,Synthetic title 00971,Synthetic subject 00971,recipient026@example.test,synthetic_document_00971.pdf,No,Synthetic joint defense,
SYNLCPRV024-0003889,SYNLCPRV024-0003889,Synthetic Person 011,blind005@example.test,copy004@example.test,2025-01-21 09:30:00 -08:00,2025-01-21 09:31:00 -08:00,sender012@example.test,Synthetic title 00972,Synthetic subject 00972,recipient027@example.test,synthetic_document_00972.pdf,Yes,Synthetic attorney-client,Yes
SYNLCPRV024-0003893,SYNLCPRV024-0003894,Synthetic Person 012,blind006@example.test,copy005@example.test,2025-02-22 09:30:00 -08:00,2025-02-22 09:31:00 -08:00,sender013@example.test,Synthetic title 00973,Synthetic subject 00973,recipient028@example.test,synthetic_document_00973.pdf,No,Synthetic work product,
SYNLCPRV024-0003897,SYNLCPRV024-0003899,Synthetic Person 013,blind007@example.test,copy006@example.test,2025-03-23 09:30:00 -08:00,2025-03-23 09:31:00 -08:00,sender014@example.test,Synthetic title 00974,Synthetic subject 00974,recipient029@example.test,synthetic_document_00974.pdf,Yes,Synthetic joint defense,
SYNLCPRV024-0003901,SYNLCPRV024-0003901,Synthetic Person 014,blind008@example.test,copy007@example.test,2025-04-24 09:30:00 -08:00,2025-04-24 09:31:00 -08:00,sender015@example.test,Synthetic title 00975,Synthetic subject 00975,recipient030@example.test,synthetic_document_00975.pdf,No,Synthetic attorney-client,
SYNLCPRV024-0003905,SYNLCPRV024-0003906,Synthetic Person 015,blind009@example.test,copy008@example.test,2025-05-25 09:30:00 -08:00,2025-05-25 09:31:00 -08:00,sender016@example.test,Synthetic title 00976,Synthetic subject 00976,recipient031@example.test,synthetic_document_00976.pdf,Yes,Synthetic work product,Yes
SYNLCPRV024-0003909,SYNLCPRV024-0003911,Synthetic Person 016,blind010@example.test,copy009@example.test,2025-06-26 09:30:00 -08:00,2025-06-26 09:31:00 -08:00,sender017@example.test,Synthetic title 00977,Synthetic subject 00977,recipient032@example.test,synthetic_document_00977.pdf,No,Synthetic joint defense,
SYNLCPRV024-0003913,SYNLCPRV024-0003913,Synthetic Person 017,blind011@example.test,copy010@example.test,2025-07-27 09:30:00 -08:00,2025-07-27 09:31:00 -08:00,sender018@example.test,Synthetic title 00978,Synthetic subject 00978,recipient033@example.test,synthetic_document_00978.pdf,Yes,Synthetic attorney-client,
SYNLCPRV024-0003917,SYNLCPRV024-0003918,Synthetic Person 018,blind001@example.test,copy011@example.test,2025-08-28 09:30:00 -08:00,2025-08-28 09:31:00 -08:00,sender019@example.test,Synthetic title 00979,Synthetic subject 00979,recipient034@example.test,synthetic_document_00979.pdf,No,Synthetic work product,
SYNLCPRV024-0003921,SYNLCPRV024-0003923,Synthetic Person 019,blind002@example.test,copy012@example.test,2025-09-01 09:30:00 -08:00,2025-09-01 09:31:00 -08:00,sender020@example.test,Synthetic title 00980,Synthetic subject 00980,recipient035@example.test,synthetic_document_00980.pdf,Yes,Synthetic joint defense,Yes
SYNLCPRV024-0003925,SYNLCPRV024-0003925,Synthetic Person 020,blind003@example.test,copy013@example.test,2025-10-02 09:30:00 -08:00,2025-10-02 09:31:00 -08:00,sender021@example.test,Synthetic title 00981,Synthetic subject 00981,recipient036@example.test,synthetic_document_00981.pdf,No,Synthetic attorney-client,
SYNLCPRV024-0003929,SYNLCPRV024-0003930,Synthetic Person 021,blind004@example.test,copy014@example.test,2025-11-03 09:30:00 -08:00,2025-11-03 09:31:00 -08:00,sender022@example.test,Synthetic title 00982,Synthetic subject 00982,recipient037@example.test,synthetic_document_00982.pdf,Yes,Synthetic work product,
SYNLCPRV024-0003933,SYNLCPRV024-0003935,Synthetic Person 022,blind005@example.test,copy015@example.test,2025-12-04 09:30:00 -08:00,2025-12-04 09:31:00 -08:00,sender023@example.test,Synthetic title 00983,Synthetic subject 00983,recipient038@example.test,synthetic_document_00983.pdf,No,Synthetic joint defense,
SYNLCPRV024-0003937,SYNLCPRV024-0003937,Synthetic Person 023,blind006@example.test,copy016@example.test,2025-01-05 09:30:00 -08:00,2025-01-05 09:31:00 -08:00,sender024@example.test,Synthetic title 00984,Synthetic subject 00984,recipient039@example.test,synthetic_document_00984.pdf,Yes,Synthetic attorney-client,Yes
SYNLCPRV024-0003941,SYNLCPRV024-0003942,Synthetic Person 024,blind007@example.test,copy017@example.test,2025-02-06 09:30:00 -08:00,2025-02-06 09:31:00 -08:00,sender025@example.test,Synthetic title 00985,Synthetic subject 00985,recipient040@example.test,synthetic_document_00985.pdf,No,Synthetic work product,
SYNLCPRV024-0003945,SYNLCPRV024-0003947,Synthetic Person 025,blind008@example.test,copy018@example.test,2025-03-07 09:30:00 -08:00,2025-03-07 09:31:00 -08:00,sender026@example.test,Synthetic title 00986,Synthetic subject 00986,recipient041@example.test,synthetic_document_00986.pdf,Yes,Synthetic joint defense,
SYNLCPRV024-0003949,SYNLCPRV024-0003949,Synthetic Person 026,blind009@example.test,copy019@example.test,2025-04-08 09:30:00 -08:00,2025-04-08 09:31:00 -08:00,sender027@example.test,Synthetic title 00987,Synthetic subject 00987,recipient042@example.test,synthetic_document_00987.pdf,No,Synthetic attorney-client,
SYNLCPRV024-0003953,SYNLCPRV024-0003954,Synthetic Person 027,blind010@example.test,copy001@example.test,2025-05-09 09:30:00 -08:00,2025-05-09 09:31:00 -08:00,sender028@example.test,Synthetic title 00988,Synthetic subject 00988,recipient043@example.test,synthetic_document_00988.pdf,Yes,Synthetic work product,Yes
SYNLCPRV024-0003957,SYNLCPRV024-0003959,Synthetic Person 028,blind011@example.test,copy002@example.test,2025-06-10 09:30:00 -08:00,2025-06-10 09:31:00 -08:00,sender029@example.test,Synthetic title 00989,Synthetic subject 00989,recipient001@example.test,synthetic_document_00989.pdf,No,Synthetic joint defense,
SYNLCPRV024-0003961,SYNLCPRV024-0003961,Synthetic Person 029,blind001@example.test,copy003@example.test,2025-07-11 09:30:00 -08:00,2025-07-11 09:31:00 -08:00,sender030@example.test,Synthetic title 00990,Synthetic subject 00990,recipient002@example.test,synthetic_document_00990.pdf,Yes,Synthetic attorney-client,
SYNLCPRV024-0003965,SYNLCPRV024-0003966,Synthetic Person 030,blind002@example.test,copy004@example.test,2025-08-12 09:30:00 -08:00,2025-08-12 09:31:00 -08:00,sender031@example.test,Synthetic title 00991,Synthetic subject 00991,recipient003@example.test,synthetic_document_00991.pdf,No,Synthetic work product,
SYNLCPRV024-0003969,SYNLCPRV024-0003971,Synthetic Person 031,blind003@example.test,copy005@example.test,2025-09-13 09:30:00 -08:00,2025-09-13 09:31:00 -08:00,sender001@example.test,Synthetic title 00992,Synthetic subject 00992,recipient004@example.test,synthetic_document_00992.pdf,Yes,Synthetic joint defense,Yes
SYNLCPRV024-0003973,SYNLCPRV024-0003973,Synthetic Person 032,blind004@example.test,copy006@example.test,2025-10-14 09:30:00 -08:00,2025-10-14 09:31:00 -08:00,sender002@example.test,Synthetic title 00993,Synthetic subject 00993,recipient005@example.test,synthetic_document_00993.pdf,No,Synthetic attorney-client,
SYNLCPRV024-0003977,SYNLCPRV024-0003978,Synthetic Person 033,blind005@example.test,copy007@example.test,2025-11-15 09:30:00 -08:00,2025-11-15 09:31:00 -08:00,sender003@example.test,Synthetic title 00994,Synthetic subject 00994,recipient006@example.test,synthetic_document_00994.pdf,Yes,Synthetic work product,
SYNLCPRV024-0003981,SYNLCPRV024-0003983,Synthetic Person 034,blind006@example.test,copy008@example.test,2025-12-16 09:30:00 -08:00,2025-12-16 09:31:00 -08:00,sender004@example.test,Synthetic title 00995,Synthetic subject 00995,recipient007@example.test,synthetic_document_00995.pdf,No,Synthetic joint defense,
SYNLCPRV024-0003985,SYNLCPRV024-0003985,Synthetic Person 035,blind007@example.test,copy009@example.test,2025-01-17 09:30:00 -08:00,2025-01-17 09:31:00 -08:00,sender005@example.test,Synthetic title 00996,Synthetic subject 00996,recipient008@example.test,synthetic_document_00996.pdf,Yes,Synthetic attorney-client,Yes
SYNLCPRV024-0003989,SYNLCPRV024-0003990,Synthetic Person 036,blind008@example.test,copy010@example.test,2025-02-18 09:30:00 -08:00,2025-02-18 09:31:00 -08:00,sender006@example.test,Synthetic title 00997,Synthetic subject 00997,recipient009@example.test,synthetic_document_00997.pdf,No,Synthetic work product,
SYNLCPRV024-0003993,SYNLCPRV024-0003995,Synthetic Person 037,blind009@example.test,copy011@example.test,2025-03-19 09:30:00 -08:00,2025-03-19 09:31:00 -08:00,sender007@example.test,Synthetic title 00998,Synthetic subject 00998,recipient010@example.test,synthetic_document_00998.pdf,Yes,Synthetic joint defense,
SYNLCPRV024-0003997,SYNLCPRV024-0003997,Synthetic Person 001,blind010@example.test,copy012@example.test,2025-04-20 09:30:00 -08:00,2025-04-20 09:31:00 -08:00,sender008@example.test,Synthetic title 00999,Synthetic subject 00999,recipient011@example.test,synthetic_document_00999.pdf,No,Synthetic attorney-client,
SYNLCPRV024-0004001,SYNLCPRV024-0004002,Synthetic Person 002,blind011@example.test,copy013@example.test,2025-05-21 09:30:00 -08:00,2025-05-21 09:31:00 -08:00,sender009@example.test,Synthetic title 01000,Synthetic subject 01000,recipient012@example.test,synthetic_document_01000.pdf,Yes,Synthetic work product,Yes
SYNLCPRV024-0004005,SYNLCPRV024-0004007,Synthetic Person 003,blind001@example.test,copy014@example.test,2025-06-22 09:30:00 -08:00,2025-06-22 09:31:00 -08:00,sender010@example.test,Synthetic title 01001,Synthetic subject 01001,recipient013@example.test,synthetic_document_01001.pdf,No,Synthetic joint defense,
SYNLCPRV024-0004009,SYNLCPRV024-0004009,Synthetic Person 004,blind002@example.test,copy015@example.test,2025-07-23 09:30:00 -08:00,2025-07-23 09:31:00 -08:00,sender011@example.test,Synthetic title 01002,Synthetic subject 01002,recipient014@example.test,synthetic_document_01002.pdf,Yes,Synthetic attorney-client,
SYNLCPRV024-0004013,SYNLCPRV024-0004014,Synthetic Person 005,blind003@example.test,copy016@example.test,2025-08-24 09:30:00 -08:00,2025-08-24 09:31:00 -08:00,sender012@example.test,Synthetic title 01003,Synthetic subject 01003,recipient015@example.test,synthetic_document_01003.pdf,No,Synthetic work product,
SYNLCPRV024-0004017,SYNLCPRV024-0004019,Synthetic Person 006,blind004@example.test,copy017@example.test,2025-09-25 09:30:00 -08:00,2025-09-25 09:31:00 -08:00,sender013@example.test,Synthetic title 01004,Synthetic subject 01004,recipient016@example.test,synthetic_document_01004.pdf,Yes,Synthetic joint defense,Yes
SYNLCPRV024-0004021,SYNLCPRV024-0004021,Synthetic Person 007,blind005@example.test,copy018@example.test,2025-10-26 09:30:00 -08:00,2025-10-26 09:31:00 -08:00,sender014@example.test,Synthetic title 01005,Synthetic subject 01005,recipient017@example.test,synthetic_document_01005.pdf,No,Synthetic attorney-client,
SYNLCPRV024-0004025,SYNLCPRV024-0004026,Synthetic Person 008,blind006@example.test,copy019@example.test,2025-11-27 09:30:00 -08:00,2025-11-27 09:31:00 -08:00,sender015@example.test,Synthetic title 01006,Synthetic subject 01006,recipient018@example.test,synthetic_document_01006.pdf,Yes,Synthetic work product,
SYNLCPRV024-0004029,SYNLCPRV024-0004031,Synthetic Person 009,blind007@example.test,copy001@example.test,2025-12-28 09:30:00 -08:00,2025-12-28 09:31:00 -08:00,sender016@example.test,Synthetic title 01007,Synthetic subject 01007,recipient019@example.test,synthetic_document_01007.pdf,No,Synthetic joint defense,
SYNLCPRV024-0004033,SYNLCPRV024-0004033,Synthetic Person 010,blind008@example.test,copy002@example.test,2025-01-01 09:30:00 -08:00,2025-01-01 09:31:00 -08:00,sender017@example.test,Synthetic title 01008,Synthetic subject 01008,recipient020@example.test,synthetic_document_01008.pdf,Yes,Synthetic attorney-client,Yes
SYNLCPRV024-0004037,SYNLCPRV024-0004038,Synthetic Person 011,blind009@example.test,copy003@example.test,2025-02-02 09:30:00 -08:00,2025-02-02 09:31:00 -08:00,sender018@example.test,Synthetic title 01009,Synthetic subject 01009,recipient021@example.test,synthetic_document_01009.pdf,No,Synthetic work product,
SYNLCPRV024-0004041,SYNLCPRV024-0004043,Synthetic Person 012,blind010@example.test,copy004@example.test,2025-03-03 09:30:00 -08:00,2025-03-03 09:31:00 -08:00,sender019@example.test,Synthetic title 01010,Synthetic subject 01010,recipient022@example.test,synthetic_document_01010.pdf,Yes,Synthetic joint defense,
SYNLCPRV024-0004045,SYNLCPRV024-0004045,Synthetic Person 013,blind011@example.test,copy005@example.test,2025-04-04 09:30:00 -08:00,2025-04-04 09:31:00 -08:00,sender020@example.test,Synthetic title 01011,Synthetic subject 01011,recipient023@example.test,synthetic_document_01011.pdf,No,Synthetic attorney-client,
SYNLCPRV024-0004049,SYNLCPRV024-0004050,Synthetic Person 014,blind001@example.test,copy006@example.test,2025-05-05 09:30:00 -08:00,2025-05-05 09:31:00 -08:00,sender021@example.test,Synthetic title 01012,Synthetic subject 01012,recipient024@example.test,synthetic_document_01012.pdf,Yes,Synthetic work product,Yes
SYNLCPRV024-0004053,SYNLCPRV024-0004055,Synthetic Person 015,blind002@example.test,copy007@example.test,2025-06-06 09:30:00 -08:00,2025-06-06 09:31:00 -08:00,sender022@example.test,Synthetic title 01013,Synthetic subject 01013,recipient025@example.test,synthetic_document_01013.pdf,No,Synthetic joint defense,
SYNLCPRV024-0004057,SYNLCPRV024-0004057,Synthetic Person 016,blind003@example.test,copy008@example.test,2025-07-07 09:30:00 -08:00,2025-07-07 09:31:00 -08:00,sender023@example.test,Synthetic title 01014,Synthetic subject 01014,recipient026@example.test,synthetic_document_01014.pdf,Yes,Synthetic attorney-client,
SYNLCPRV024-0004061,SYNLCPRV024-0004062,Synthetic Person 017,blind004@example.test,copy009@example.test,2025-08-08 09:30:00 -08:00,2025-08-08 09:31:00 -08:00,sender024@example.test,Synthetic title 01015,Synthetic subject 01015,recipient027@example.test,synthetic_document_01015.pdf,No,Synthetic work product,
SYNLCPRV024-0004065,SYNLCPRV024-0004067,Synthetic Person 018,blind005@example.test,copy010@example.test,2025-09-09 09:30:00 -08:00,2025-09-09 09:31:00 -08:00,sender025@example.test,Synthetic title 01016,Synthetic subject 01016,recipient028@example.test,synthetic_document_01016.pdf,Yes,Synthetic joint defense,Yes
SYNLCPRV024-0004069,SYNLCPRV024-0004069,Synthetic Person 019,blind006@example.test,copy011@example.test,2025-10-10 09:30:00 -08:00,2025-10-10 09:31:00 -08:00,sender026@example.test,Synthetic title 01017,Synthetic subject 01017,recipient029@example.test,synthetic_document_01017.pdf,No,Synthetic attorney-client,
SYNLCPRV024-0004073,SYNLCPRV024-0004074,Synthetic Person 020,blind007@example.test,copy012@example.test,2025-11-11 09:30:00 -08:00,2025-11-11 09:31:00 -08:00,sender027@example.test,Synthetic title 01018,Synthetic subject 01018,recipient030@example.test,synthetic_document_01018.pdf,Yes,Synthetic work product,
SYNLCPRV024-0004077,SYNLCPRV024-0004079,Synthetic Person 021,blind008@example.test,copy013@example.test,2025-12-12 09:30:00 -08:00,2025-12-12 09:31:00 -08:00,sender028@example.test,Synthetic title 01019,Synthetic subject 01019,recipient031@example.test,synthetic_document_01019.pdf,No,Synthetic joint defense,
SYNLCPRV024-0004081,SYNLCPRV024-0004081,Synthetic Person 022,blind009@example.test,copy014@example.test,2025-01-13 09:30:00 -08:00,2025-01-13 09:31:00 -08:00,sender029@example.test,Synthetic title 01020,Synthetic subject 01020,recipient032@example.test,synthetic_document_01020.pdf,Yes,Synthetic attorney-client,Yes
SYNLCPRV024-0004085,SYNLCPRV024-0004086,Synthetic Person 023,blind010@example.test,copy015@example.test,2025-02-14 09:30:00 -08:00,2025-02-14 09:31:00 -08:00,sender030@example.test,Synthetic title 01021,Synthetic subject 01021,recipient033@example.test,synthetic_document_01021.pdf,No,Synthetic work product,
SYNLCPRV024-0004089,SYNLCPRV024-0004091,Synthetic Person 024,blind011@example.test,copy016@example.test,2025-03-15 09:30:00 -08:00,2025-03-15 09:31:00 -08:00,sender031@example.test,Synthetic title 01022,Synthetic subject 01022,recipient034@example.test,synthetic_document_01022.pdf,Yes,Synthetic joint defense,
SYNLCPRV024-0004093,SYNLCPRV024-0004093,Synthetic Person 025,blind001@example.test,copy017@example.test,2025-04-16 09:30:00 -08:00,2025-04-16 09:31:00 -08:00,sender001@example.test,Synthetic title 01023,Synthetic subject 01023,recipient035@example.test,synthetic_document_01023.pdf,No,Synthetic attorney-client,
SYNLCPRV024-0004097,SYNLCPRV024-0004098,Synthetic Person 026,blind002@example.test,copy018@example.test,2025-05-17 09:30:00 -08:00,2025-05-17 09:31:00 -08:00,sender002@example.test,Synthetic title 01024,Synthetic subject 01024,recipient036@example.test,synthetic_document_01024.pdf,Yes,Synthetic work product,Yes
SYNLCPRV024-0004101,SYNLCPRV024-0004103,Synthetic Person 027,blind003@example.test,copy019@example.test,2025-06-18 09:30:00 -08:00,2025-06-18 09:31:00 -08:00,sender003@example.test,Synthetic title 01025,Synthetic subject 01025,recipient037@example.test,synthetic_document_01025.pdf,No,Synthetic joint defense,
SYNLCPRV024-0004105,SYNLCPRV024-0004105,Synthetic Person 028,blind004@example.test,copy001@example.test,2025-07-19 09:30:00 -08:00,2025-07-19 09:31:00 -08:00,sender004@example.test,Synthetic title 01026,Synthetic subject 01026,recipient038@example.test,synthetic_document_01026.pdf,Yes,Synthetic attorney-client,
SYNLCPRV024-0004109,SYNLCPRV024-0004110,Synthetic Person 029,blind005@example.test,copy002@example.test,2025-08-20 09:30:00 -08:00,2025-08-20 09:31:00 -08:00,sender005@example.test,Synthetic title 01027,Synthetic subject 01027,recipient039@example.test,synthetic_document_01027.pdf,No,Synthetic work product,
SYNLCPRV024-0004113,SYNLCPRV024-0004115,Synthetic Person 030,blind006@example.test,copy003@example.test,2025-09-21 09:30:00 -08:00,2025-09-21 09:31:00 -08:00,sender006@example.test,Synthetic title 01028,Synthetic subject 01028,recipient040@example.test,synthetic_document_01028.pdf,Yes,Synthetic joint defense,Yes
SYNLCPRV024-0004117,SYNLCPRV024-0004117,Synthetic Person 031,blind007@example.test,copy004@example.test,2025-10-22 09:30:00 -08:00,2025-10-22 09:31:00 -08:00,sender007@example.test,Synthetic title 01029,Synthetic subject 01029,recipient041@example.test,synthetic_document_01029.pdf,No,Synthetic attorney-client,
SYNLCPRV024-0004121,SYNLCPRV024-0004122,Synthetic Person 032,blind008@example.test,copy005@example.test,2025-11-23 09:30:00 -08:00,2025-11-23 09:31:00 -08:00,sender008@example.test,Synthetic title 01030,Synthetic subject 01030,recipient042@example.test,synthetic_document_01030.pdf,Yes,Synthetic work product,
SYNLCPRV024-0004125,SYNLCPRV024-0004127,Synthetic Person 033,blind009@example.test,copy006@example.test,2025-12-24 09:30:00 -08:00,2025-12-24 09:31:00 -08:00,sender009@example.test,Synthetic title 01031,Synthetic subject 01031,recipient043@example.test,synthetic_document_01031.pdf,No,Synthetic joint defense,
SYNLCPRV024-0004129,SYNLCPRV024-0004129,Synthetic Person 034,blind010@example.test,copy007@example.test,2025-01-25 09:30:00 -08:00,2025-01-25 09:31:00 -08:00,sender010@example.test,Synthetic title 01032,Synthetic subject 01032,recipient001@example.test,synthetic_document_01032.pdf,Yes,Synthetic attorney-client,Yes
SYNLCPRV024-0004133,SYNLCPRV024-0004134,Synthetic Person 035,blind011@example.test,copy008@example.test,2025-02-26 09:30:00 -08:00,2025-02-26 09:31:00 -08:00,sender011@example.test,Synthetic title 01033,Synthetic subject 01033,recipient002@example.test,synthetic_document_01033.pdf,No,Synthetic work product,
SYNLCPRV024-0004137,SYNLCPRV024-0004139,Synthetic Person 036,blind001@example.test,copy009@example.test,2025-03-27 09:30:00 -08:00,2025-03-27 09:31:00 -08:00,sender012@example.test,Synthetic title 01034,Synthetic subject 01034,recipient003@example.test,synthetic_document_01034.pdf,Yes,Synthetic joint defense,
SYNLCPRV024-0004141,SYNLCPRV024-0004141,Synthetic Person 037,blind002@example.test,copy010@example.test,2025-04-28 09:30:00 -08:00,2025-04-28 09:31:00 -08:00,sender013@example.test,Synthetic title 01035,Synthetic subject 01035,recipient004@example.test,synthetic_document_01035.pdf,No,Synthetic attorney-client,
SYNLCPRV024-0004145,SYNLCPRV024-0004146,Synthetic Person 001,blind003@example.test,copy011@example.test,2025-05-01 09:30:00 -08:00,2025-05-01 09:31:00 -08:00,sender014@example.test,Synthetic title 01036,Synthetic subject 01036,recipient005@example.test,synthetic_document_01036.pdf,Yes,Synthetic work product,Yes
SYNLCPRV024-0004149,SYNLCPRV024-0004151,Synthetic Person 002,blind004@example.test,copy012@example.test,2025-06-02 09:30:00 -08:00,2025-06-02 09:31:00 -08:00,sender015@example.test,Synthetic title 01037,Synthetic subject 01037,recipient006@example.test,synthetic_document_01037.pdf,No,Synthetic joint defense,
SYNLCPRV024-0004153,SYNLCPRV024-0004153,Synthetic Person 003,blind005@example.test,copy013@example.test,2025-07-03 09:30:00 -08:00,2025-07-03 09:31:00 -08:00,sender016@example.test,Synthetic title 01038,Synthetic subject 01038,recipient007@example.test,synthetic_document_01038.pdf,Yes,Synthetic attorney-client,
SYNLCPRV024-0004157,SYNLCPRV024-0004158,Synthetic Person 004,blind006@example.test,copy014@example.test,2025-08-04 09:30:00 -08:00,2025-08-04 09:31:00 -08:00,sender017@example.test,Synthetic title 01039,Synthetic subject 01039,recipient008@example.test,synthetic_document_01039.pdf,No,Synthetic work product,
SYNLCPRV024-0004161,SYNLCPRV024-0004163,Synthetic Person 005,blind007@example.test,copy015@example.test,2025-09-05 09:30:00 -08:00,2025-09-05 09:31:00 -08:00,sender018@example.test,Synthetic title 01040,Synthetic subject 01040,recipient009@example.test,synthetic_document_01040.pdf,Yes,Synthetic joint defense,Yes
SYNLCPRV024-0004165,SYNLCPRV024-0004165,Synthetic Person 006,blind008@example.test,copy016@example.test,2025-10-06 09:30:00 -08:00,2025-10-06 09:31:00 -08:00,sender019@example.test,Synthetic title 01041,Synthetic subject 01041,recipient010@example.test,synthetic_document_01041.pdf,No,Synthetic attorney-client,
SYNLCPRV024-0004169,SYNLCPRV024-0004170,Synthetic Person 007,blind009@example.test,copy017@example.test,2025-11-07 09:30:00 -08:00,2025-11-07 09:31:00 -08:00,sender020@example.test,Synthetic title 01042,Synthetic subject 01042,recipient011@example.test,synthetic_document_01042.pdf,Yes,Synthetic work product,
SYNLCPRV024-0004173,SYNLCPRV024-0004175,Synthetic Person 008,blind010@example.test,copy018@example.test,2025-12-08 09:30:00 -08:00,2025-12-08 09:31:00 -08:00,sender021@example.test,Synthetic title 01043,Synthetic subject 01043,recipient012@example.test,synthetic_document_01043.pdf,No,Synthetic joint defense,
SYNLCPRV024-0004177,SYNLCPRV024-0004177,Synthetic Person 009,blind011@example.test,copy019@example.test,2025-01-09 09:30:00 -08:00,2025-01-09 09:31:00 -08:00,sender022@example.test,Synthetic title 01044,Synthetic subject 01044,recipient013@example.test,synthetic_document_01044.pdf,Yes,Synthetic attorney-client,Yes
SYNLCPRV024-0004181,SYNLCPRV024-0004182,Synthetic Person 010,blind001@example.test,copy001@example.test,2025-02-10 09:30:00 -08:00,2025-02-10 09:31:00 -08:00,sender023@example.test,Synthetic title 01045,Synthetic subject 01045,recipient014@example.test,synthetic_document_01045.pdf,No,Synthetic work product,
SYNLCPRV024-0004185,SYNLCPRV024-0004187,Synthetic Person 011,blind002@example.test,copy002@example.test,2025-03-11 09:30:00 -08:00,2025-03-11 09:31:00 -08:00,sender024@example.test,Synthetic title 01046,Synthetic subject 01046,recipient015@example.test,synthetic_document_01046.pdf,Yes,Synthetic joint defense,
SYNLCPRV024-0004189,SYNLCPRV024-0004189,Synthetic Person 012,blind003@example.test,copy003@example.test,2025-04-12 09:30:00 -08:00,2025-04-12 09:31:00 -08:00,sender025@example.test,Synthetic title 01047,Synthetic subject 01047,recipient016@example.test,synthetic_document_01047.pdf,No,Synthetic attorney-client,
SYNLCPRV024-0004193,SYNLCPRV024-0004194,Synthetic Person 013,blind004@example.test,copy004@example.test,2025-05-13 09:30:00 -08:00,2025-05-13 09:31:00 -08:00,sender026@example.test,Synthetic title 01048,Synthetic subject 01048,recipient017@example.test,synthetic_document_01048.pdf,Yes,Synthetic work product,Yes
SYNLCPRV024-0004197,SYNLCPRV024-0004199,Synthetic Person 014,blind005@example.test,copy005@example.test,2025-06-14 09:30:00 -08:00,2025-06-14 09:31:00 -08:00,sender027@example.test,Synthetic title 01049,Synthetic subject 01049,recipient018@example.test,synthetic_document_01049.pdf,No,Synthetic joint defense,
SYNLCPRV024-0004201,SYNLCPRV024-0004201,Synthetic Person 015,blind006@example.test,copy006@example.test,2025-07-15 09:30:00 -08:00,2025-07-15 09:31:00 -08:00,sender028@example.test,Synthetic title 01050,Synthetic subject 01050,recipient019@example.test,synthetic_document_01050.pdf,Yes,Synthetic attorney-client,
SYNLCPRV024-0004205,SYNLCPRV024-0004206,Synthetic Person 016,blind007@example.test,copy007@example.test,2025-08-16 09:30:00 -08:00,2025-08-16 09:31:00 -08:00,sender029@example.test,Synthetic title 01051,Synthetic subject 01051,recipient020@example.test,synthetic_document_01051.pdf,No,Synthetic work product,
SYNLCPRV024-0004209,SYNLCPRV024-0004211,Synthetic Person 017,blind008@example.test,copy008@example.test,2025-09-17 09:30:00 -08:00,2025-09-17 09:31:00 -08:00,sender030@example.test,Synthetic title 01052,Synthetic subject 01052,recipient021@example.test,synthetic_document_01052.pdf,Yes,Synthetic joint defense,Yes
SYNLCPRV024-0004213,SYNLCPRV024-0004213,Synthetic Person 018,blind009@example.test,copy009@example.test,2025-10-18 09:30:00 -08:00,2025-10-18 09:31:00 -08:00,sender031@example.test,Synthetic title 01053,Synthetic subject 01053,recipient022@example.test,synthetic_document_01053.pdf,No,Synthetic attorney-client,
SYNLCPRV024-0004217,SYNLCPRV024-0004218,Synthetic Person 019,blind010@example.test,copy010@example.test,2025-11-19 09:30:00 -08:00,2025-11-19 09:31:00 -08:00,sender001@example.test,Synthetic title 01054,Synthetic subject 01054,recipient023@example.test,synthetic_document_01054.pdf,Yes,Synthetic work product,
SYNLCPRV024-0004221,SYNLCPRV024-0004223,Synthetic Person 020,blind011@example.test,copy011@example.test,2025-12-20 09:30:00 -08:00,2025-12-20 09:31:00 -08:00,sender002@example.test,Synthetic title 01055,Synthetic subject 01055,recipient024@example.test,synthetic_document_01055.pdf,No,Synthetic joint defense,
SYNLCPRV024-0004225,SYNLCPRV024-0004225,Synthetic Person 021,blind001@example.test,copy012@example.test,2025-01-21 09:30:00 -08:00,2025-01-21 09:31:00 -08:00,sender003@example.test,Synthetic title 01056,Synthetic subject 01056,recipient025@example.test,synthetic_document_01056.pdf,Yes,Synthetic attorney-client,Yes
SYNLCPRV024-0004229,SYNLCPRV024-0004230,Synthetic Person 022,blind002@example.test,copy013@example.test,2025-02-22 09:30:00 -08:00,2025-02-22 09:31:00 -08:00,sender004@example.test,Synthetic title 01057,Synthetic subject 01057,recipient026@example.test,synthetic_document_01057.pdf,No,Synthetic work product,
SYNLCPRV024-0004233,SYNLCPRV024-0004235,Synthetic Person 023,blind003@example.test,copy014@example.test,2025-03-23 09:30:00 -08:00,2025-03-23 09:31:00 -08:00,sender005@example.test,Synthetic title 01058,Synthetic subject 01058,recipient027@example.test,synthetic_document_01058.pdf,Yes,Synthetic joint defense,
SYNLCPRV024-0004237,SYNLCPRV024-0004237,Synthetic Person 024,blind004@example.test,copy015@example.test,2025-04-24 09:30:00 -08:00,2025-04-24 09:31:00 -08:00,sender006@example.test,Synthetic title 01059,Synthetic subject 01059,recipient028@example.test,synthetic_document_01059.pdf,No,Synthetic attorney-client,
SYNLCPRV024-0004241,SYNLCPRV024-0004242,Synthetic Person 025,blind005@example.test,copy016@example.test,2025-05-25 09:30:00 -08:00,2025-05-25 09:31:00 -08:00,sender007@example.test,Synthetic title 01060,Synthetic subject 01060,recipient029@example.test,synthetic_document_01060.pdf,Yes,Synthetic work product,Yes
SYNLCPRV024-0004245,SYNLCPRV024-0004247,Synthetic Person 026,blind006@example.test,copy017@example.test,2025-06-26 09:30:00 -08:00,2025-06-26 09:31:00 -08:00,sender008@example.test,Synthetic title 01061,Synthetic subject 01061,recipient030@example.test,synthetic_document_01061.pdf,No,Synthetic joint defense,
SYNLCPRV024-0004249,SYNLCPRV024-0004249,Synthetic Person 027,blind007@example.test,copy018@example.test,2025-07-27 09:30:00 -08:00,2025-07-27 09:31:00 -08:00,sender009@example.test,Synthetic title 01062,Synthetic subject 01062,recipient031@example.test,synthetic_document_01062.pdf,Yes,Synthetic attorney-client,
SYNLCPRV024-0004253,SYNLCPRV024-0004254,Synthetic Person 028,blind008@example.test,copy019@example.test,2025-08-28 09:30:00 -08:00,2025-08-28 09:31:00 -08:00,sender010@example.test,Synthetic title 01063,Synthetic subject 01063,recipient032@example.test,synthetic_document_01063.pdf,No,Synthetic work product,
SYNLCPRV024-0004257,SYNLCPRV024-0004259,Synthetic Person 029,blind009@example.test,copy001@example.test,2025-09-01 09:30:00 -08:00,2025-09-01 09:31:00 -08:00,sender011@example.test,Synthetic title 01064,Synthetic subject 01064,recipient033@example.test,synthetic_document_01064.pdf,Yes,Synthetic joint defense,Yes
SYNLCPRV024-0004261,SYNLCPRV024-0004261,Synthetic Person 030,blind010@example.test,copy002@example.test,2025-10-02 09:30:00 -08:00,2025-10-02 09:31:00 -08:00,sender012@example.test,Synthetic title 01065,Synthetic subject 01065,recipient034@example.test,synthetic_document_01065.pdf,No,Synthetic attorney-client,
SYNLCPRV024-0004265,SYNLCPRV024-0004266,Synthetic Person 031,blind011@example.test,copy003@example.test,2025-11-03 09:30:00 -08:00,2025-11-03 09:31:00 -08:00,sender013@example.test,Synthetic title 01066,Synthetic subject 01066,recipient035@example.test,synthetic_document_01066.pdf,Yes,Synthetic work product,
SYNLCPRV024-0004269,SYNLCPRV024-0004271,Synthetic Person 032,blind001@example.test,copy004@example.test,2025-12-04 09:30:00 -08:00,2025-12-04 09:31:00 -08:00,sender014@example.test,Synthetic title 01067,Synthetic subject 01067,recipient036@example.test,synthetic_document_01067.pdf,No,Synthetic joint defense,
SYNLCPRV024-0004273,SYNLCPRV024-0004273,Synthetic Person 033,blind002@example.test,copy005@example.test,2025-01-05 09:30:00 -08:00,2025-01-05 09:31:00 -08:00,sender015@example.test,Synthetic title 01068,Synthetic subject 01068,recipient037@example.test,synthetic_document_01068.pdf,Yes,Synthetic attorney-client,Yes
SYNLCPRV024-0004277,SYNLCPRV024-0004278,Synthetic Person 034,blind003@example.test,copy006@example.test,2025-02-06 09:30:00 -08:00,2025-02-06 09:31:00 -08:00,sender016@example.test,Synthetic title 01069,Synthetic subject 01069,recipient038@example.test,synthetic_document_01069.pdf,No,Synthetic work product,
SYNLCPRV024-0004281,SYNLCPRV024-0004283,Synthetic Person 035,blind004@example.test,copy007@example.test,2025-03-07 09:30:00 -08:00,2025-03-07 09:31:00 -08:00,sender017@example.test,Synthetic title 01070,Synthetic subject 01070,recipient039@example.test,synthetic_document_01070.pdf,Yes,Synthetic joint defense,
SYNLCPRV024-0004285,SYNLCPRV024-0004285,Synthetic Person 036,blind005@example.test,copy008@example.test,2025-04-08 09:30:00 -08:00,2025-04-08 09:31:00 -08:00,sender018@example.test,Synthetic title 01071,Synthetic subject 01071,recipient040@example.test,synthetic_document_01071.pdf,No,Synthetic attorney-client,
SYNLCPRV024-0004289,SYNLCPRV024-0004290,Synthetic Person 037,blind006@example.test,copy009@example.test,2025-05-09 09:30:00 -08:00,2025-05-09 09:31:00 -08:00,sender019@example.test,Synthetic title 01072,Synthetic subject 01072,recipient041@example.test,synthetic_document_01072.pdf,Yes,Synthetic work product,Yes
SYNLCPRV024-0004293,SYNLCPRV024-0004295,Synthetic Person 001,blind007@example.test,copy010@example.test,2025-06-10 09:30:00 -08:00,2025-06-10 09:31:00 -08:00,sender020@example.test,Synthetic title 01073,Synthetic subject 01073,recipient042@example.test,synthetic_document_01073.pdf,No,Synthetic joint defense,
SYNLCPRV024-0004297,SYNLCPRV024-0004297,Synthetic Person 002,blind008@example.test,copy011@example.test,2025-07-11 09:30:00 -08:00,2025-07-11 09:31:00 -08:00,sender021@example.test,Synthetic title 01074,Synthetic subject 01074,recipient043@example.test,synthetic_document_01074.pdf,Yes,Synthetic attorney-client,
SYNLCPRV024-0004301,SYNLCPRV024-0004302,Synthetic Person 003,blind009@example.test,copy012@example.test,2025-08-12 09:30:00 -08:00,2025-08-12 09:31:00 -08:00,sender022@example.test,Synthetic title 01075,Synthetic subject 01075,recipient001@example.test,synthetic_document_01075.pdf,No,Synthetic work product,
SYNLCPRV024-0004305,SYNLCPRV024-0004307,Synthetic Person 004,blind010@example.test,copy013@example.test,2025-09-13 09:30:00 -08:00,2025-09-13 09:31:00 -08:00,sender023@example.test,Synthetic title 01076,Synthetic subject 01076,recipient002@example.test,synthetic_document_01076.pdf,Yes,Synthetic joint defense,Yes
SYNLCPRV024-0004309,SYNLCPRV024-0004309,Synthetic Person 005,blind011@example.test,copy014@example.test,2025-10-14 09:30:00 -08:00,2025-10-14 09:31:00 -08:00,sender024@example.test,Synthetic title 01077,Synthetic subject 01077,recipient003@example.test,synthetic_document_01077.pdf,No,Synthetic attorney-client,
SYNLCPRV024-0004313,SYNLCPRV024-0004314,Synthetic Person 006,blind001@example.test,copy015@example.test,2025-11-15 09:30:00 -08:00,2025-11-15 09:31:00 -08:00,sender025@example.test,Synthetic title 01078,Synthetic subject 01078,recipient004@example.test,synthetic_document_01078.pdf,Yes,Synthetic work product,
SYNLCPRV024-0004317,SYNLCPRV024-0004319,Synthetic Person 007,blind002@example.test,copy016@example.test,2025-12-16 09:30:00 -08:00,2025-12-16 09:31:00 -08:00,sender026@example.test,Synthetic title 01079,Synthetic subject 01079,recipient005@example.test,synthetic_document_01079.pdf,No,Synthetic joint defense,
SYNLCPRV024-0004321,SYNLCPRV024-0004321,Synthetic Person 008,blind003@example.test,copy017@example.test,2025-01-17 09:30:00 -08:00,2025-01-17 09:31:00 -08:00,sender027@example.test,Synthetic title 01080,Synthetic subject 01080,recipient006@example.test,synthetic_document_01080.pdf,Yes,Synthetic attorney-client,Yes
SYNLCPRV024-0004325,SYNLCPRV024-0004326,Synthetic Person 009,blind004@example.test,copy018@example.test,2025-02-18 09:30:00 -08:00,2025-02-18 09:31:00 -08:00,sender028@example.test,Synthetic title 01081,Synthetic subject 01081,recipient007@example.test,synthetic_document_01081.pdf,No,Synthetic work product,
SYNLCPRV024-0004329,SYNLCPRV024-0004331,Synthetic Person 010,blind005@example.test,copy019@example.test,2025-03-19 09:30:00 -08:00,2025-03-19 09:31:00 -08:00,sender029@example.test,Synthetic title 01082,Synthetic subject 01082,recipient008@example.test,synthetic_document_01082.pdf,Yes,Synthetic joint defense,
SYNLCPRV024-0004333,SYNLCPRV024-0004333,Synthetic Person 011,blind006@example.test,copy001@example.test,2025-04-20 09:30:00 -08:00,2025-04-20 09:31:00 -08:00,sender030@example.test,Synthetic title 01083,Synthetic subject 01083,recipient009@example.test,synthetic_document_01083.pdf,No,Synthetic attorney-client,
SYNLCPRV024-0004337,SYNLCPRV024-0004338,Synthetic Person 012,blind007@example.test,copy002@example.test,2025-05-21 09:30:00 -08:00,2025-05-21 09:31:00 -08:00,sender031@example.test,Synthetic title 01084,Synthetic subject 01084,recipient010@example.test,synthetic_document_01084.pdf,Yes,Synthetic work product,Yes
SYNLCPRV024-0004341,SYNLCPRV024-0004343,Synthetic Person 013,blind008@example.test,copy003@example.test,2025-06-22 09:30:00 -08:00,2025-06-22 09:31:00 -08:00,sender001@example.test,Synthetic title 01085,Synthetic subject 01085,recipient011@example.test,synthetic_document_01085.pdf,No,Synthetic joint defense,
SYNLCPRV024-0004345,SYNLCPRV024-0004345,Synthetic Person 014,blind009@example.test,copy004@example.test,2025-07-23 09:30:00 -08:00,2025-07-23 09:31:00 -08:00,sender002@example.test,Synthetic title 01086,Synthetic subject 01086,recipient012@example.test,synthetic_document_01086.pdf,Yes,Synthetic attorney-client,
SYNLCPRV024-0004349,SYNLCPRV024-0004350,Synthetic Person 015,blind010@example.test,copy005@example.test,2025-08-24 09:30:00 -08:00,2025-08-24 09:31:00 -08:00,sender003@example.test,Synthetic title 01087,Synthetic subject 01087,recipient013@example.test,synthetic_document_01087.pdf,No,Synthetic work product,
SYNLCPRV024-0004353,SYNLCPRV024-0004355,Synthetic Person 016,blind011@example.test,copy006@example.test,2025-09-25 09:30:00 -08:00,2025-09-25 09:31:00 -08:00,sender004@example.test,Synthetic title 01088,Synthetic subject 01088,recipient014@example.test,synthetic_document_01088.pdf,Yes,Synthetic joint defense,Yes
SYNLCPRV024-0004357,SYNLCPRV024-0004357,Synthetic Person 017,blind001@example.test,copy007@example.test,2025-10-26 09:30:00 -08:00,2025-10-26 09:31:00 -08:00,sender005@example.test,Synthetic title 01089,Synthetic subject 01089,recipient015@example.test,synthetic_document_01089.pdf,No,Synthetic attorney-client,
SYNLCPRV024-0004361,SYNLCPRV024-0004362,Synthetic Person 018,blind002@example.test,copy008@example.test,2025-11-27 09:30:00 -08:00,2025-11-27 09:31:00 -08:00,sender006@example.test,Synthetic title 01090,Synthetic subject 01090,recipient016@example.test,synthetic_document_01090.pdf,Yes,Synthetic work product,
SYNLCPRV024-0004365,SYNLCPRV024-0004367,Synthetic Person 019,blind003@example.test,copy009@example.test,2025-12-28 09:30:00 -08:00,2025-12-28 09:31:00 -08:00,sender007@example.test,Synthetic title 01091,Synthetic subject 01091,recipient017@example.test,synthetic_document_01091.pdf,No,Synthetic joint defense,
SYNLCPRV024-0004369,SYNLCPRV024-0004369,Synthetic Person 020,blind004@example.test,copy010@example.test,2025-01-01 09:30:00 -08:00,2025-01-01 09:31:00 -08:00,sender008@example.test,Synthetic title 01092,Synthetic subject 01092,recipient018@example.test,synthetic_document_01092.pdf,Yes,Synthetic attorney-client,Yes
SYNLCPRV024-0004373,SYNLCPRV024-0004374,Synthetic Person 021,blind005@example.test,copy011@example.test,2025-02-02 09:30:00 -08:00,2025-02-02 09:31:00 -08:00,sender009@example.test,Synthetic title 01093,Synthetic subject 01093,recipient019@example.test,synthetic_document_01093.pdf,No,Synthetic work product,
SYNLCPRV024-0004377,SYNLCPRV024-0004379,Synthetic Person 022,blind006@example.test,copy012@example.test,2025-03-03 09:30:00 -08:00,2025-03-03 09:31:00 -08:00,sender010@example.test,Synthetic title 01094,Synthetic subject 01094,recipient020@example.test,synthetic_document_01094.pdf,Yes,Synthetic joint defense,
SYNLCPRV024-0004381,SYNLCPRV024-0004381,Synthetic Person 023,blind007@example.test,copy013@example.test,2025-04-04 09:30:00 -08:00,2025-04-04 09:31:00 -08:00,sender011@example.test,Synthetic title 01095,Synthetic subject 01095,recipient021@example.test,synthetic_document_01095.pdf,No,Synthetic attorney-client,
SYNLCPRV024-0004385,SYNLCPRV024-0004386,Synthetic Person 024,blind008@example.test,copy014@example.test,2025-05-05 09:30:00 -08:00,2025-05-05 09:31:00 -08:00,sender012@example.test,Synthetic title 01096,Synthetic subject 01096,recipient022@example.test,synthetic_document_01096.pdf,Yes,Synthetic work product,Yes
SYNLCPRV024-0004389,SYNLCPRV024-0004391,Synthetic Person 025,blind009@example.test,copy015@example.test,2025-06-06 09:30:00 -08:00,2025-06-06 09:31:00 -08:00,sender013@example.test,Synthetic title 01097,Synthetic subject 01097,recipient023@example.test,synthetic_document_01097.pdf,No,Synthetic joint defense,
SYNLCPRV024-0004393,SYNLCPRV024-0004393,Synthetic Person 026,blind010@example.test,copy016@example.test,2025-07-07 09:30:00 -08:00,2025-07-07 09:31:00 -08:00,sender014@example.test,Synthetic title 01098,Synthetic subject 01098,recipient024@example.test,synthetic_document_01098.pdf,Yes,Synthetic attorney-client,
SYNLCPRV024-0004397,SYNLCPRV024-0004398,Synthetic Person 027,blind011@example.test,copy017@example.test,2025-08-08 09:30:00 -08:00,2025-08-08 09:31:00 -08:00,sender015@example.test,Synthetic title 01099,Synthetic subject 01099,recipient025@example.test,synthetic_document_01099.pdf,No,Synthetic work product,
SYNLCPRV024-0004401,SYNLCPRV024-0004403,Synthetic Person 028,blind001@example.test,copy018@example.test,2025-09-09 09:30:00 -08:00,2025-09-09 09:31:00 -08:00,sender016@example.test,Synthetic title 01100,Synthetic subject 01100,recipient026@example.test,synthetic_document_01100.pdf,Yes,Synthetic joint defense,Yes
SYNLCPRV024-0004405,SYNLCPRV024-0004405,Synthetic Person 029,blind002@example.test,copy019@example.test,2025-10-10 09:30:00 -08:00,2025-10-10 09:31:00 -08:00,sender017@example.test,Synthetic title 01101,Synthetic subject 01101,recipient027@example.test,synthetic_document_01101.pdf,No,Synthetic attorney-client,
SYNLCPRV024-0004409,SYNLCPRV024-0004410,Synthetic Person 030,blind003@example.test,copy001@example.test,2025-11-11 09:30:00 -08:00,2025-11-11 09:31:00 -08:00,sender018@example.test,Synthetic title 01102,Synthetic subject 01102,recipient028@example.test,synthetic_document_01102.pdf,Yes,Synthetic work product,
SYNLCPRV024-0004413,SYNLCPRV024-0004415,Synthetic Person 031,blind004@example.test,copy002@example.test,2025-12-12 09:30:00 -08:00,2025-12-12 09:31:00 -08:00,sender019@example.test,Synthetic title 01103,Synthetic subject 01103,recipient029@example.test,synthetic_document_01103.pdf,No,Synthetic joint defense,
SYNLCPRV024-0004417,SYNLCPRV024-0004417,Synthetic Person 032,blind005@example.test,copy003@example.test,2025-01-13 09:30:00 -08:00,2025-01-13 09:31:00 -08:00,sender020@example.test,Synthetic title 01104,Synthetic subject 01104,recipient030@example.test,synthetic_document_01104.pdf,Yes,Synthetic attorney-client,Yes
SYNLCPRV024-0004421,SYNLCPRV024-0004422,Synthetic Person 033,blind006@example.test,copy004@example.test,2025-02-14 09:30:00 -08:00,2025-02-14 09:31:00 -08:00,sender021@example.test,Synthetic title 01105,Synthetic subject 01105,recipient031@example.test,synthetic_document_01105.pdf,No,Synthetic work product,
SYNLCPRV024-0004425,SYNLCPRV024-0004427,Synthetic Person 034,blind007@example.test,copy005@example.test,2025-03-15 09:30:00 -08:00,2025-03-15 09:31:00 -08:00,sender022@example.test,Synthetic title 01106,Synthetic subject 01106,recipient032@example.test,synthetic_document_01106.pdf,Yes,Synthetic joint defense,
SYNLCPRV024-0004429,SYNLCPRV024-0004429,Synthetic Person 035,blind008@example.test,copy006@example.test,2025-04-16 09:30:00 -08:00,2025-04-16 09:31:00 -08:00,sender023@example.test,Synthetic title 01107,Synthetic subject 01107,recipient033@example.test,synthetic_document_01107.pdf,No,Synthetic attorney-client,
SYNLCPRV024-0004433,SYNLCPRV024-0004434,Synthetic Person 036,blind009@example.test,copy007@example.test,2025-05-17 09:30:00 -08:00,2025-05-17 09:31:00 -08:00,sender024@example.test,Synthetic title 01108,Synthetic subject 01108,recipient034@example.test,synthetic_document_01108.pdf,Yes,Synthetic work product,Yes
SYNLCPRV024-0004437,SYNLCPRV024-0004439,Synthetic Person 037,blind010@example.test,copy008@example.test,2025-06-18 09:30:00 -08:00,2025-06-18 09:31:00 -08:00,sender025@example.test,Synthetic title 01109,Synthetic subject 01109,recipient035@example.test,synthetic_document_01109.pdf,No,Synthetic joint defense,
SYNLCPRV024-0004441,SYNLCPRV024-0004441,Synthetic Person 001,blind011@example.test,copy009@example.test,2025-07-19 09:30:00 -08:00,2025-07-19 09:31:00 -08:00,sender026@example.test,Synthetic title 01110,Synthetic subject 01110,recipient036@example.test,synthetic_document_01110.pdf,Yes,Synthetic attorney-client,
SYNLCPRV024-0004445,SYNLCPRV024-0004446,Synthetic Person 002,blind001@example.test,copy010@example.test,2025-08-20 09:30:00 -08:00,2025-08-20 09:31:00 -08:00,sender027@example.test,Synthetic title 01111,Synthetic subject 01111,recipient037@example.test,synthetic_document_01111.pdf,No,Synthetic work product,
SYNLCPRV024-0004449,SYNLCPRV024-0004451,Synthetic Person 003,blind002@example.test,copy011@example.test,2025-09-21 09:30:00 -08:00,2025-09-21 09:31:00 -08:00,sender028@example.test,Synthetic title 01112,Synthetic subject 01112,recipient038@example.test,synthetic_document_01112.pdf,Yes,Synthetic joint defense,Yes
SYNLCPRV024-0004453,SYNLCPRV024-0004453,Synthetic Person 004,blind003@example.test,copy012@example.test,2025-10-22 09:30:00 -08:00,2025-10-22 09:31:00 -08:00,sender029@example.test,Synthetic title 01113,Synthetic subject 01113,recipient039@example.test,synthetic_document_01113.pdf,No,Synthetic attorney-client,
SYNLCPRV024-0004457,SYNLCPRV024-0004458,Synthetic Person 005,blind004@example.test,copy013@example.test,2025-11-23 09:30:00 -08:00,2025-11-23 09:31:00 -08:00,sender030@example.test,Synthetic title 01114,Synthetic subject 01114,recipient040@example.test,synthetic_document_01114.pdf,Yes,Synthetic work product,
SYNLCPRV024-0004461,SYNLCPRV024-0004463,Synthetic Person 006,blind005@example.test,copy014@example.test,2025-12-24 09:30:00 -08:00,2025-12-24 09:31:00 -08:00,sender031@example.test,Synthetic title 01115,Synthetic subject 01115,recipient041@example.test,synthetic_document_01115.pdf,No,Synthetic joint defense,
SYNLCPRV024-0004465,SYNLCPRV024-0004465,Synthetic Person 007,blind006@example.test,copy015@example.test,2025-01-25 09:30:00 -08:00,2025-01-25 09:31:00 -08:00,sender001@example.test,Synthetic title 01116,Synthetic subject 01116,recipient042@example.test,synthetic_document_01116.pdf,Yes,Synthetic attorney-client,Yes
SYNLCPRV024-0004469,SYNLCPRV024-0004470,Synthetic Person 008,blind007@example.test,copy016@example.test,2025-02-26 09:30:00 -08:00,2025-02-26 09:31:00 -08:00,sender002@example.test,Synthetic title 01117,Synthetic subject 01117,recipient043@example.test,synthetic_document_01117.pdf,No,Synthetic work product,
SYNLCPRV024-0004473,SYNLCPRV024-0004475,Synthetic Person 009,blind008@example.test,copy017@example.test,2025-03-27 09:30:00 -08:00,2025-03-27 09:31:00 -08:00,sender003@example.test,Synthetic title 01118,Synthetic subject 01118,recipient001@example.test,synthetic_document_01118.pdf,Yes,Synthetic joint defense,
SYNLCPRV024-0004477,SYNLCPRV024-0004477,Synthetic Person 010,blind009@example.test,copy018@example.test,2025-04-28 09:30:00 -08:00,2025-04-28 09:31:00 -08:00,sender004@example.test,Synthetic title 01119,Synthetic subject 01119,recipient002@example.test,synthetic_document_01119.pdf,No,Synthetic attorney-client,
SYNLCPRV024-0004481,SYNLCPRV024-0004482,Synthetic Person 011,blind010@example.test,copy019@example.test,2025-05-01 09:30:00 -08:00,2025-05-01 09:31:00 -08:00,sender005@example.test,Synthetic title 01120,Synthetic subject 01120,recipient003@example.test,synthetic_document_01120.pdf,Yes,Synthetic work product,Yes
SYNLCPRV024-0004485,SYNLCPRV024-0004487,Synthetic Person 012,blind011@example.test,copy001@example.test,2025-06-02 09:30:00 -08:00,2025-06-02 09:31:00 -08:00,sender006@example.test,Synthetic title 01121,Synthetic subject 01121,recipient004@example.test,synthetic_document_01121.pdf,No,Synthetic joint defense,
SYNLCPRV024-0004489,SYNLCPRV024-0004489,Synthetic Person 013,blind001@example.test,copy002@example.test,2025-07-03 09:30:00 -08:00,2025-07-03 09:31:00 -08:00,sender007@example.test,Synthetic title 01122,Synthetic subject 01122,recipient005@example.test,synthetic_document_01122.pdf,Yes,Synthetic attorney-client,
SYNLCPRV024-0004493,SYNLCPRV024-0004494,Synthetic Person 014,blind002@example.test,copy003@example.test,2025-08-04 09:30:00 -08:00,2025-08-04 09:31:00 -08:00,sender008@example.test,Synthetic title 01123,Synthetic subject 01123,recipient006@example.test,synthetic_document_01123.pdf,No,Synthetic work product,
SYNLCPRV024-0004497,SYNLCPRV024-0004499,Synthetic Person 015,blind003@example.test,copy004@example.test,2025-09-05 09:30:00 -08:00,2025-09-05 09:31:00 -08:00,sender009@example.test,Synthetic title 01124,Synthetic subject 01124,recipient007@example.test,synthetic_document_01124.pdf,Yes,Synthetic joint defense,Yes
SYNLCPRV024-0004501,SYNLCPRV024-0004501,Synthetic Person 016,blind004@example.test,copy005@example.test,2025-10-06 09:30:00 -08:00,2025-10-06 09:31:00 -08:00,sender010@example.test,Synthetic title 01125,Synthetic subject 01125,recipient008@example.test,synthetic_document_01125.pdf,No,Synthetic attorney-client,
SYNLCPRV024-0004505,SYNLCPRV024-0004506,Synthetic Person 017,blind005@example.test,copy006@example.test,2025-11-07 09:30:00 -08:00,2025-11-07 09:31:00 -08:00,sender011@example.test,Synthetic title 01126,Synthetic subject 01126,recipient009@example.test,synthetic_document_01126.pdf,Yes,Synthetic work product,
SYNLCPRV024-0004509,SYNLCPRV024-0004511,Synthetic Person 018,blind006@example.test,copy007@example.test,2025-12-08 09:30:00 -08:00,2025-12-08 09:31:00 -08:00,sender012@example.test,Synthetic title 01127,Synthetic subject 01127,recipient010@example.test,synthetic_document_01127.pdf,No,Synthetic joint defense,
SYNLCPRV024-0004513,SYNLCPRV024-0004513,Synthetic Person 019,blind007@example.test,copy008@example.test,2025-01-09 09:30:00 -08:00,2025-01-09 09:31:00 -08:00,sender013@example.test,Synthetic title 01128,Synthetic subject 01128,recipient011@example.test,synthetic_document_01128.pdf,Yes,Synthetic attorney-client,Yes
SYNLCPRV024-0004517,SYNLCPRV024-0004518,Synthetic Person 020,blind008@example.test,copy009@example.test,2025-02-10 09:30:00 -08:00,2025-02-10 09:31:00 -08:00,sender014@example.test,Synthetic title 01129,Synthetic subject 01129,recipient012@example.test,synthetic_document_01129.pdf,No,Synthetic work product,
SYNLCPRV024-0004521,SYNLCPRV024-0004523,Synthetic Person 021,blind009@example.test,copy010@example.test,2025-03-11 09:30:00 -08:00,2025-03-11 09:31:00 -08:00,sender015@example.test,Synthetic title 01130,Synthetic subject 01130,recipient013@example.test,synthetic_document_01130.pdf,Yes,Synthetic joint defense,
SYNLCPRV024-0004525,SYNLCPRV024-0004525,Synthetic Person 022,blind010@example.test,copy011@example.test,2025-04-12 09:30:00 -08:00,2025-04-12 09:31:00 -08:00,sender016@example.test,Synthetic title 01131,Synthetic subject 01131,recipient014@example.test,synthetic_document_01131.pdf,No,Synthetic attorney-client,
SYNLCPRV024-0004529,SYNLCPRV024-0004530,Synthetic Person 023,blind011@example.test,copy012@example.test,2025-05-13 09:30:00 -08:00,2025-05-13 09:31:00 -08:00,sender017@example.test,Synthetic title 01132,Synthetic subject 01132,recipient015@example.test,synthetic_document_01132.pdf,Yes,Synthetic work product,Yes
SYNLCPRV024-0004533,SYNLCPRV024-0004535,Synthetic Person 024,blind001@example.test,copy013@example.test,2025-06-14 09:30:00 -08:00,2025-06-14 09:31:00 -08:00,sender018@example.test,Synthetic title 01133,Synthetic subject 01133,recipient016@example.test,synthetic_document_01133.pdf,No,Synthetic joint defense,
SYNLCPRV024-0004537,SYNLCPRV024-0004537,Synthetic Person 025,blind002@example.test,copy014@example.test,2025-07-15 09:30:00 -08:00,2025-07-15 09:31:00 -08:00,sender019@example.test,Synthetic title 01134,Synthetic subject 01134,recipient017@example.test,synthetic_document_01134.pdf,Yes,Synthetic attorney-client,
SYNLCPRV024-0004541,SYNLCPRV024-0004542,Synthetic Person 026,blind003@example.test,copy015@example.test,2025-08-16 09:30:00 -08:00,2025-08-16 09:31:00 -08:00,sender020@example.test,Synthetic title 01135,Synthetic subject 01135,recipient018@example.test,synthetic_document_01135.pdf,No,Synthetic work product,
SYNLCPRV024-0004545,SYNLCPRV024-0004547,Synthetic Person 027,blind004@example.test,copy016@example.test,2025-09-17 09:30:00 -08:00,2025-09-17 09:31:00 -08:00,sender021@example.test,Synthetic title 01136,Synthetic subject 01136,recipient019@example.test,synthetic_document_01136.pdf,Yes,Synthetic joint defense,Yes
SYNLCPRV024-0004549,SYNLCPRV024-0004549,Synthetic Person 028,blind005@example.test,copy017@example.test,2025-10-18 09:30:00 -08:00,2025-10-18 09:31:00 -08:00,sender022@example.test,Synthetic title 01137,Synthetic subject 01137,recipient020@example.test,synthetic_document_01137.pdf,No,Synthetic attorney-client,
SYNLCPRV024-0004553,SYNLCPRV024-0004554,Synthetic Person 029,blind006@example.test,copy018@example.test,2025-11-19 09:30:00 -08:00,2025-11-19 09:31:00 -08:00,sender023@example.test,Synthetic title 01138,Synthetic subject 01138,recipient021@example.test,synthetic_document_01138.pdf,Yes,Synthetic work product,
SYNLCPRV024-0004557,SYNLCPRV024-0004559,Synthetic Person 030,blind007@example.test,copy019@example.test,2025-12-20 09:30:00 -08:00,2025-12-20 09:31:00 -08:00,sender024@example.test,Synthetic title 01139,Synthetic subject 01139,recipient022@example.test,synthetic_document_01139.pdf,No,Synthetic joint defense,
SYNLCPRV024-0004561,SYNLCPRV024-0004561,Synthetic Person 031,blind008@example.test,copy001@example.test,2025-01-21 09:30:00 -08:00,2025-01-21 09:31:00 -08:00,sender025@example.test,Synthetic title 01140,Synthetic subject 01140,recipient023@example.test,synthetic_document_01140.pdf,Yes,Synthetic attorney-client,Yes
SYNLCPRV024-0004565,SYNLCPRV024-0004566,Synthetic Person 032,blind009@example.test,copy002@example.test,2025-02-22 09:30:00 -08:00,2025-02-22 09:31:00 -08:00,sender026@example.test,Synthetic title 01141,Synthetic subject 01141,recipient024@example.test,synthetic_document_01141.pdf,No,Synthetic work product,
SYNLCPRV024-0004569,SYNLCPRV024-0004571,Synthetic Person 033,blind010@example.test,copy003@example.test,2025-03-23 09:30:00 -08:00,2025-03-23 09:31:00 -08:00,sender027@example.test,Synthetic title 01142,Synthetic subject 01142,recipient025@example.test,synthetic_document_01142.pdf,Yes,Synthetic joint defense,
SYNLCPRV024-0004573,SYNLCPRV024-0004573,Synthetic Person 034,blind011@example.test,copy004@example.test,2025-04-24 09:30:00 -08:00,2025-04-24 09:31:00 -08:00,sender028@example.test,Synthetic title 01143,Synthetic subject 01143,recipient026@example.test,synthetic_document_01143.pdf,No,Synthetic attorney-client,
SYNLCPRV024-0004577,SYNLCPRV024-0004578,Synthetic Person 035,blind001@example.test,copy005@example.test,2025-05-25 09:30:00 -08:00,2025-05-25 09:31:00 -08:00,sender029@example.test,Synthetic title 01144,Synthetic subject 01144,recipient027@example.test,synthetic_document_01144.pdf,Yes,Synthetic work product,Yes
SYNLCPRV024-0004581,SYNLCPRV024-0004583,Synthetic Person 036,blind002@example.test,copy006@example.test,2025-06-26 09:30:00 -08:00,2025-06-26 09:31:00 -08:00,sender030@example.test,Synthetic title 01145,Synthetic subject 01145,recipient028@example.test,synthetic_document_01145.pdf,No,Synthetic joint defense,
SYNLCPRV024-0004585,SYNLCPRV024-0004585,Synthetic Person 037,blind003@example.test,copy007@example.test,2025-07-27 09:30:00 -08:00,2025-07-27 09:31:00 -08:00,sender031@example.test,Synthetic title 01146,Synthetic subject 01146,recipient029@example.test,synthetic_document_01146.pdf,Yes,Synthetic attorney-client,
SYNLCPRV024-0004589,SYNLCPRV024-0004590,Synthetic Person 001,blind004@example.test,copy008@example.test,2025-08-28 09:30:00 -08:00,2025-08-28 09:31:00 -08:00,sender001@example.test,Synthetic title 01147,Synthetic subject 01147,recipient030@example.test,synthetic_document_01147.pdf,No,Synthetic work product,
SYNLCPRV024-0004593,SYNLCPRV024-0004595,Synthetic Person 002,blind005@example.test,copy009@example.test,2025-09-01 09:30:00 -08:00,2025-09-01 09:31:00 -08:00,sender002@example.test,Synthetic title 01148,Synthetic subject 01148,recipient031@example.test,synthetic_document_01148.pdf,Yes,Synthetic joint defense,Yes
SYNLCPRV024-0004597,SYNLCPRV024-0004597,Synthetic Person 003,blind006@example.test,copy010@example.test,2025-10-02 09:30:00 -08:00,2025-10-02 09:31:00 -08:00,sender003@example.test,Synthetic title 01149,Synthetic subject 01149,recipient032@example.test,synthetic_document_01149.pdf,No,Synthetic attorney-client,
SYNLCPRV024-0004601,SYNLCPRV024-0004602,Synthetic Person 004,blind007@example.test,copy011@example.test,2025-11-03 09:30:00 -08:00,2025-11-03 09:31:00 -08:00,sender004@example.test,Synthetic title 01150,Synthetic subject 01150,recipient033@example.test,synthetic_document_01150.pdf,Yes,Synthetic work product,
SYNLCPRV024-0004605,SYNLCPRV024-0004607,Synthetic Person 005,blind008@example.test,copy012@example.test,2025-12-04 09:30:00 -08:00,2025-12-04 09:31:00 -08:00,sender005@example.test,Synthetic title 01151,Synthetic subject 01151,recipient034@example.test,synthetic_document_01151.pdf,No,Synthetic joint defense,
SYNLCPRV024-0004609,SYNLCPRV024-0004609,Synthetic Person 006,blind009@example.test,copy013@example.test,2025-01-05 09:30:00 -08:00,2025-01-05 09:31:00 -08:00,sender006@example.test,Synthetic title 01152,Synthetic subject 01152,recipient035@example.test,synthetic_document_01152.pdf,Yes,Synthetic attorney-client,Yes
SYNLCPRV024-0004613,SYNLCPRV024-0004614,Synthetic Person 007,blind010@example.test,copy014@example.test,2025-02-06 09:30:00 -08:00,2025-02-06 09:31:00 -08:00,sender007@example.test,Synthetic title 01153,Synthetic subject 01153,recipient036@example.test,synthetic_document_01153.pdf,No,Synthetic work product,
SYNLCPRV024-0004617,SYNLCPRV024-0004619,Synthetic Person 008,blind011@example.test,copy015@example.test,2025-03-07 09:30:00 -08:00,2025-03-07 09:31:00 -08:00,sender008@example.test,Synthetic title 01154,Synthetic subject 01154,recipient037@example.test,synthetic_document_01154.pdf,Yes,Synthetic joint defense,
SYNLCPRV024-0004621,SYNLCPRV024-0004621,Synthetic Person 009,blind001@example.test,copy016@example.test,2025-04-08 09:30:00 -08:00,2025-04-08 09:31:00 -08:00,sender009@example.test,Synthetic title 01155,Synthetic subject 01155,recipient038@example.test,synthetic_document_01155.pdf,No,Synthetic attorney-client,
SYNLCPRV024-0004625,SYNLCPRV024-0004626,Synthetic Person 010,blind002@example.test,copy017@example.test,2025-05-09 09:30:00 -08:00,2025-05-09 09:31:00 -08:00,sender010@example.test,Synthetic title 01156,Synthetic subject 01156,recipient039@example.test,synthetic_document_01156.pdf,Yes,Synthetic work product,Yes
SYNLCPRV024-0004629,SYNLCPRV024-0004631,Synthetic Person 011,blind003@example.test,copy018@example.test,2025-06-10 09:30:00 -08:00,2025-06-10 09:31:00 -08:00,sender011@example.test,Synthetic title 01157,Synthetic subject 01157,recipient040@example.test,synthetic_document_01157.pdf,No,Synthetic joint defense,
SYNLCPRV024-0004633,SYNLCPRV024-0004633,Synthetic Person 012,blind004@example.test,copy019@example.test,2025-07-11 09:30:00 -08:00,2025-07-11 09:31:00 -08:00,sender012@example.test,Synthetic title 01158,Synthetic subject 01158,recipient041@example.test,synthetic_document_01158.pdf,Yes,Synthetic attorney-client,
SYNLCPRV024-0004637,SYNLCPRV024-0004638,Synthetic Person 013,blind005@example.test,copy001@example.test,2025-08-12 09:30:00 -08:00,2025-08-12 09:31:00 -08:00,sender013@example.test,Synthetic title 01159,Synthetic subject 01159,recipient042@example.test,synthetic_document_01159.pdf,No,Synthetic work product,
SYNLCPRV024-0004641,SYNLCPRV024-0004643,Synthetic Person 014,blind006@example.test,copy002@example.test,2025-09-13 09:30:00 -08:00,2025-09-13 09:31:00 -08:00,sender014@example.test,Synthetic title 01160,Synthetic subject 01160,recipient043@example.test,synthetic_document_01160.pdf,Yes,Synthetic joint defense,Yes
SYNLCPRV024-0004645,SYNLCPRV024-0004645,Synthetic Person 015,blind007@example.test,copy003@example.test,2025-10-14 09:30:00 -08:00,2025-10-14 09:31:00 -08:00,sender015@example.test,Synthetic title 01161,Synthetic subject 01161,recipient001@example.test,synthetic_document_01161.pdf,No,Synthetic attorney-client,
SYNLCPRV024-0004649,SYNLCPRV024-0004650,Synthetic Person 016,blind008@example.test,copy004@example.test,2025-11-15 09:30:00 -08:00,2025-11-15 09:31:00 -08:00,sender016@example.test,Synthetic title 01162,Synthetic subject 01162,recipient002@example.test,synthetic_document_01162.pdf,Yes,Synthetic work product,
SYNLCPRV024-0004653,SYNLCPRV024-0004655,Synthetic Person 017,blind009@example.test,copy005@example.test,2025-12-16 09:30:00 -08:00,2025-12-16 09:31:00 -08:00,sender017@example.test,Synthetic title 01163,Synthetic subject 01163,recipient003@example.test,synthetic_document_01163.pdf,No,Synthetic joint defense,
SYNLCPRV024-0004657,SYNLCPRV024-0004657,Synthetic Person 018,blind010@example.test,copy006@example.test,2025-01-17 09:30:00 -08:00,2025-01-17 09:31:00 -08:00,sender018@example.test,Synthetic title 01164,Synthetic subject 01164,recipient004@example.test,synthetic_document_01164.pdf,Yes,Synthetic attorney-client,Yes
SYNLCPRV024-0004661,SYNLCPRV024-0004662,Synthetic Person 019,blind011@example.test,copy007@example.test,2025-02-18 09:30:00 -08:00,2025-02-18 09:31:00 -08:00,sender019@example.test,Synthetic title 01165,Synthetic subject 01165,recipient005@example.test,synthetic_document_01165.pdf,No,Synthetic work product,
SYNLCPRV024-0004665,SYNLCPRV024-0004667,Synthetic Person 020,blind001@example.test,copy008@example.test,2025-03-19 09:30:00 -08:00,2025-03-19 09:31:00 -08:00,sender020@example.test,Synthetic title 01166,Synthetic subject 01166,recipient006@example.test,synthetic_document_01166.pdf,Yes,Synthetic joint defense,
SYNLCPRV024-0004669,SYNLCPRV024-0004669,Synthetic Person 021,blind002@example.test,copy009@example.test,2025-04-20 09:30:00 -08:00,2025-04-20 09:31:00 -08:00,sender021@example.test,Synthetic title 01167,Synthetic subject 01167,recipient007@example.test,synthetic_document_01167.pdf,No,Synthetic attorney-client,
SYNLCPRV024-0004673,SYNLCPRV024-0004674,Synthetic Person 022,blind003@example.test,copy010@example.test,2025-05-21 09:30:00 -08:00,2025-05-21 09:31:00 -08:00,sender022@example.test,Synthetic title 01168,Synthetic subject 01168,recipient008@example.test,synthetic_document_01168.pdf,Yes,Synthetic work product,Yes
SYNLCPRV024-0004677,SYNLCPRV024-0004679,Synthetic Person 023,blind004@example.test,copy011@example.test,2025-06-22 09:30:00 -08:00,2025-06-22 09:31:00 -08:00,sender023@example.test,Synthetic title 01169,Synthetic subject 01169,recipient009@example.test,synthetic_document_01169.pdf,No,Synthetic joint defense,
SYNLCPRV024-0004681,SYNLCPRV024-0004681,Synthetic Person 024,blind005@example.test,copy012@example.test,2025-07-23 09:30:00 -08:00,2025-07-23 09:31:00 -08:00,sender024@example.test,Synthetic title 01170,Synthetic subject 01170,recipient010@example.test,synthetic_document_01170.pdf,Yes,Synthetic attorney-client,
SYNLCPRV024-0004685,SYNLCPRV024-0004686,Synthetic Person 025,blind006@example.test,copy013@example.test,2025-08-24 09:30:00 -08:00,2025-08-24 09:31:00 -08:00,sender025@example.test,Synthetic title 01171,Synthetic subject 01171,recipient011@example.test,synthetic_document_01171.pdf,No,Synthetic work product,
SYNLCPRV024-0004689,SYNLCPRV024-0004691,Synthetic Person 026,blind007@example.test,copy014@example.test,2025-09-25 09:30:00 -08:00,2025-09-25 09:31:00 -08:00,sender026@example.test,Synthetic title 01172,Synthetic subject 01172,recipient012@example.test,synthetic_document_01172.pdf,Yes,Synthetic joint defense,Yes
SYNLCPRV024-0004693,SYNLCPRV024-0004693,Synthetic Person 027,blind008@example.test,copy015@example.test,2025-10-26 09:30:00 -08:00,2025-10-26 09:31:00 -08:00,sender027@example.test,Synthetic title 01173,Synthetic subject 01173,recipient013@example.test,synthetic_document_01173.pdf,No,Synthetic attorney-client,
SYNLCPRV024-0004697,SYNLCPRV024-0004698,Synthetic Person 028,blind009@example.test,copy016@example.test,2025-11-27 09:30:00 -08:00,2025-11-27 09:31:00 -08:00,sender028@example.test,Synthetic title 01174,Synthetic subject 01174,recipient014@example.test,synthetic_document_01174.pdf,Yes,Synthetic work product,
SYNLCPRV024-0004701,SYNLCPRV024-0004703,Synthetic Person 029,blind010@example.test,copy017@example.test,2025-12-28 09:30:00 -08:00,2025-12-28 09:31:00 -08:00,sender029@example.test,Synthetic title 01175,Synthetic subject 01175,recipient015@example.test,synthetic_document_01175.pdf,No,Synthetic joint defense,
SYNLCPRV024-0004705,SYNLCPRV024-0004705,Synthetic Person 030,blind011@example.test,copy018@example.test,2025-01-01 09:30:00 -08:00,2025-01-01 09:31:00 -08:00,sender030@example.test,Synthetic title 01176,Synthetic subject 01176,recipient016@example.test,synthetic_document_01176.pdf,Yes,Synthetic attorney-client,Yes
SYNLCPRV024-0004709,SYNLCPRV024-0004710,Synthetic Person 031,blind001@example.test,copy019@example.test,2025-02-02 09:30:00 -08:00,2025-02-02 09:31:00 -08:00,sender031@example.test,Synthetic title 01177,Synthetic subject 01177,recipient017@example.test,synthetic_document_01177.pdf,No,Synthetic work product,
SYNLCPRV024-0004713,SYNLCPRV024-0004715,Synthetic Person 032,blind002@example.test,copy001@example.test,2025-03-03 09:30:00 -08:00,2025-03-03 09:31:00 -08:00,sender001@example.test,Synthetic title 01178,Synthetic subject 01178,recipient018@example.test,synthetic_document_01178.pdf,Yes,Synthetic joint defense,
SYNLCPRV024-0004717,SYNLCPRV024-0004717,Synthetic Person 033,blind003@example.test,copy002@example.test,2025-04-04 09:30:00 -08:00,2025-04-04 09:31:00 -08:00,sender002@example.test,Synthetic title 01179,Synthetic subject 01179,recipient019@example.test,synthetic_document_01179.pdf,No,Synthetic attorney-client,
SYNLCPRV024-0004721,SYNLCPRV024-0004722,Synthetic Person 034,blind004@example.test,copy003@example.test,2025-05-05 09:30:00 -08:00,2025-05-05 09:31:00 -08:00,sender003@example.test,Synthetic title 01180,Synthetic subject 01180,recipient020@example.test,synthetic_document_01180.pdf,Yes,Synthetic work product,Yes
SYNLCPRV024-0004725,SYNLCPRV024-0004727,Synthetic Person 035,blind005@example.test,copy004@example.test,2025-06-06 09:30:00 -08:00,2025-06-06 09:31:00 -08:00,sender004@example.test,Synthetic title 01181,Synthetic subject 01181,recipient021@example.test,synthetic_document_01181.pdf,No,Synthetic joint defense,
SYNLCPRV024-0004729,SYNLCPRV024-0004729,Synthetic Person 036,blind006@example.test,copy005@example.test,2025-07-07 09:30:00 -08:00,2025-07-07 09:31:00 -08:00,sender005@example.test,Synthetic title 01182,Synthetic subject 01182,recipient022@example.test,synthetic_document_01182.pdf,Yes,Synthetic attorney-client,
SYNLCPRV024-0004733,SYNLCPRV024-0004734,Synthetic Person 037,blind007@example.test,copy006@example.test,2025-08-08 09:30:00 -08:00,2025-08-08 09:31:00 -08:00,sender006@example.test,Synthetic title 01183,Synthetic subject 01183,recipient023@example.test,synthetic_document_01183.pdf,No,Synthetic work product,
SYNLCPRV024-0004737,SYNLCPRV024-0004739,Synthetic Person 001,blind008@example.test,copy007@example.test,2025-09-09 09:30:00 -08:00,2025-09-09 09:31:00 -08:00,sender007@example.test,Synthetic title 01184,Synthetic subject 01184,recipient024@example.test,synthetic_document_01184.pdf,Yes,Synthetic joint defense,Yes
SYNLCPRV024-0004741,SYNLCPRV024-0004741,Synthetic Person 002,blind009@example.test,copy008@example.test,2025-10-10 09:30:00 -08:00,2025-10-10 09:31:00 -08:00,sender008@example.test,Synthetic title 01185,Synthetic subject 01185,recipient025@example.test,synthetic_document_01185.pdf,No,Synthetic attorney-client,
SYNLCPRV024-0004745,SYNLCPRV024-0004746,Synthetic Person 003,blind010@example.test,copy009@example.test,2025-11-11 09:30:00 -08:00,2025-11-11 09:31:00 -08:00,sender009@example.test,Synthetic title 01186,Synthetic subject 01186,recipient026@example.test,synthetic_document_01186.pdf,Yes,Synthetic work product,
SYNLCPRV024-0004749,SYNLCPRV024-0004751,Synthetic Person 004,blind011@example.test,copy010@example.test,2025-12-12 09:30:00 -08:00,2025-12-12 09:31:00 -08:00,sender010@example.test,Synthetic title 01187,Synthetic subject 01187,recipient027@example.test,synthetic_document_01187.pdf,No,Synthetic joint defense,
SYNLCPRV024-0004753,SYNLCPRV024-0004753,Synthetic Person 005,blind001@example.test,copy011@example.test,2025-01-13 09:30:00 -08:00,2025-01-13 09:31:00 -08:00,sender011@example.test,Synthetic title 01188,Synthetic subject 01188,recipient028@example.test,synthetic_document_01188.pdf,Yes,Synthetic attorney-client,Yes
SYNLCPRV024-0004757,SYNLCPRV024-0004758,Synthetic Person 006,blind002@example.test,copy012@example.test,2025-02-14 09:30:00 -08:00,2025-02-14 09:31:00 -08:00,sender012@example.test,Synthetic title 01189,Synthetic subject 01189,recipient029@example.test,synthetic_document_01189.pdf,No,Synthetic work product,
SYNLCPRV024-0004761,SYNLCPRV024-0004763,Synthetic Person 007,blind003@example.test,copy013@example.test,2025-03-15 09:30:00 -08:00,2025-03-15 09:31:00 -08:00,sender013@example.test,Synthetic title 01190,Synthetic subject 01190,recipient030@example.test,synthetic_document_01190.pdf,Yes,Synthetic joint defense,
SYNLCPRV024-0004765,SYNLCPRV024-0004765,Synthetic Person 008,blind004@example.test,copy014@example.test,2025-04-16 09:30:00 -08:00,2025-04-16 09:31:00 -08:00,sender014@example.test,Synthetic title 01191,Synthetic subject 01191,recipient031@example.test,synthetic_document_01191.pdf,No,Synthetic attorney-client,
SYNLCPRV024-0004769,SYNLCPRV024-0004770,Synthetic Person 009,blind005@example.test,copy015@example.test,2025-05-17 09:30:00 -08:00,2025-05-17 09:31:00 -08:00,sender015@example.test,Synthetic title 01192,Synthetic subject 01192,recipient032@example.test,synthetic_document_01192.pdf,Yes,Synthetic work product,Yes
SYNLCPRV024-0004773,SYNLCPRV024-0004775,Synthetic Person 010,blind006@example.test,copy016@example.test,2025-06-18 09:30:00 -08:00,2025-06-18 09:31:00 -08:00,sender016@example.test,Synthetic title 01193,Synthetic subject 01193,recipient033@example.test,synthetic_document_01193.pdf,No,Synthetic joint defense,
SYNLCPRV024-0004777,SYNLCPRV024-0004777,Synthetic Person 011,blind007@example.test,copy017@example.test,2025-07-19 09:30:00 -08:00,2025-07-19 09:31:00 -08:00,sender017@example.test,Synthetic title 01194,Synthetic subject 01194,recipient034@example.test,synthetic_document_01194.pdf,Yes,Synthetic attorney-client,
SYNLCPRV024-0004781,SYNLCPRV024-0004782,Synthetic Person 012,blind008@example.test,copy018@example.test,2025-08-20 09:30:00 -08:00,2025-08-20 09:31:00 -08:00,sender018@example.test,Synthetic title 01195,Synthetic subject 01195,recipient035@example.test,synthetic_document_01195.pdf,No,Synthetic work product,
SYNLCPRV024-0004785,SYNLCPRV024-0004787,Synthetic Person 013,blind009@example.test,copy019@example.test,2025-09-21 09:30:00 -08:00,2025-09-21 09:31:00 -08:00,sender019@example.test,Synthetic title 01196,Synthetic subject 01196,recipient036@example.test,synthetic_document_01196.pdf,Yes,Synthetic joint defense,Yes
SYNLCPRV024-0004789,SYNLCPRV024-0004789,Synthetic Person 014,blind010@example.test,copy001@example.test,2025-10-22 09:30:00 -08:00,2025-10-22 09:31:00 -08:00,sender020@example.test,Synthetic title 01197,Synthetic subject 01197,recipient037@example.test,synthetic_document_01197.pdf,No,Synthetic attorney-client,
SYNLCPRV024-0004793,SYNLCPRV024-0004794,Synthetic Person 015,blind011@example.test,copy002@example.test,2025-11-23 09:30:00 -08:00,2025-11-23 09:31:00 -08:00,sender021@example.test,Synthetic title 01198,Synthetic subject 01198,recipient038@example.test,synthetic_document_01198.pdf,Yes,Synthetic work product,
SYNLCPRV024-0004797,SYNLCPRV024-0004799,Synthetic Person 016,blind001@example.test,copy003@example.test,2025-12-24 09:30:00 -08:00,2025-12-24 09:31:00 -08:00,sender022@example.test,Synthetic title 01199,Synthetic subject 01199,recipient039@example.test,synthetic_document_01199.pdf,No,Synthetic joint defense,
SYNLCPRV024-0004801,SYNLCPRV024-0004801,Synthetic Person 017,blind002@example.test,copy004@example.test,2025-01-25 09:30:00 -08:00,2025-01-25 09:31:00 -08:00,sender023@example.test,Synthetic title 01200,Synthetic subject 01200,recipient040@example.test,synthetic_document_01200.pdf,Yes,Synthetic attorney-client,Yes
SYNLCPRV024-0004805,SYNLCPRV024-0004806,Synthetic Person 018,blind003@example.test,copy005@example.test,2025-02-26 09:30:00 -08:00,2025-02-26 09:31:00 -08:00,sender024@example.test,Synthetic title 01201,Synthetic subject 01201,recipient041@example.test,synthetic_document_01201.pdf,No,Synthetic work product,
SYNLCPRV024-0004809,SYNLCPRV024-0004811,Synthetic Person 019,blind004@example.test,copy006@example.test,2025-03-27 09:30:00 -08:00,2025-03-27 09:31:00 -08:00,sender025@example.test,Synthetic title 01202,Synthetic subject 01202,recipient042@example.test,synthetic_document_01202.pdf,Yes,Synthetic joint defense,
SYNLCPRV024-0004813,SYNLCPRV024-0004813,Synthetic Person 020,blind005@example.test,copy007@example.test,2025-04-28 09:30:00 -08:00,2025-04-28 09:31:00 -08:00,sender026@example.test,Synthetic title 01203,Synthetic subject 01203,recipient043@example.test,synthetic_document_01203.pdf,No,Synthetic attorney-client,
SYNLCPRV024-0004817,SYNLCPRV024-0004818,Synthetic Person 021,blind006@example.test,copy008@example.test,2025-05-01 09:30:00 -08:00,2025-05-01 09:31:00 -08:00,sender027@example.test,Synthetic title 01204,Synthetic subject 01204,recipient001@example.test,synthetic_document_01204.pdf,Yes,Synthetic work product,Yes
SYNLCPRV024-0004821,SYNLCPRV024-0004823,Synthetic Person 022,blind007@example.test,copy009@example.test,2025-06-02 09:30:00 -08:00,2025-06-02 09:31:00 -08:00,sender028@example.test,Synthetic title 01205,Synthetic subject 01205,recipient002@example.test,synthetic_document_01205.pdf,No,Synthetic joint defense,
SYNLCPRV024-0004825,SYNLCPRV024-0004825,Synthetic Person 023,blind008@example.test,copy010@example.test,2025-07-03 09:30:00 -08:00,2025-07-03 09:31:00 -08:00,sender029@example.test,Synthetic title 01206,Synthetic subject 01206,recipient003@example.test,synthetic_document_01206.pdf,Yes,Synthetic attorney-client,
SYNLCPRV024-0004829,SYNLCPRV024-0004830,Synthetic Person 024,blind009@example.test,copy011@example.test,2025-08-04 09:30:00 -08:00,2025-08-04 09:31:00 -08:00,sender030@example.test,Synthetic title 01207,Synthetic subject 01207,recipient004@example.test,synthetic_document_01207.pdf,No,Synthetic work product,
SYNLCPRV024-0004833,SYNLCPRV024-0004835,Synthetic Person 025,blind010@example.test,copy012@example.test,2025-09-05 09:30:00 -08:00,2025-09-05 09:31:00 -08:00,sender031@example.test,Synthetic title 01208,Synthetic subject 01208,recipient005@example.test,synthetic_document_01208.pdf,Yes,Synthetic joint defense,Yes
SYNLCPRV024-0004837,SYNLCPRV024-0004837,Synthetic Person 026,blind011@example.test,copy013@example.test,2025-10-06 09:30:00 -08:00,2025-10-06 09:31:00 -08:00,sender001@example.test,Synthetic title 01209,Synthetic subject 01209,recipient006@example.test,synthetic_document_01209.pdf,No,Synthetic attorney-client,
SYNLCPRV024-0004841,SYNLCPRV024-0004842,Synthetic Person 027,blind001@example.test,copy014@example.test,2025-11-07 09:30:00 -08:00,2025-11-07 09:31:00 -08:00,sender002@example.test,Synthetic title 01210,Synthetic subject 01210,recipient007@example.test,synthetic_document_01210.pdf,Yes,Synthetic work product,
SYNLCPRV024-0004845,SYNLCPRV024-0004847,Synthetic Person 028,blind002@example.test,copy015@example.test,2025-12-08 09:30:00 -08:00,2025-12-08 09:31:00 -08:00,sender003@example.test,Synthetic title 01211,Synthetic subject 01211,recipient008@example.test,synthetic_document_01211.pdf,No,Synthetic joint defense,
SYNLCPRV024-0004849,SYNLCPRV024-0004849,Synthetic Person 029,blind003@example.test,copy016@example.test,2025-01-09 09:30:00 -08:00,2025-01-09 09:31:00 -08:00,sender004@example.test,Synthetic title 01212,Synthetic subject 01212,recipient009@example.test,synthetic_document_01212.pdf,Yes,Synthetic attorney-client,Yes
SYNLCPRV024-0004853,SYNLCPRV024-0004854,Synthetic Person 030,blind004@example.test,copy017@example.test,2025-02-10 09:30:00 -08:00,2025-02-10 09:31:00 -08:00,sender005@example.test,Synthetic title 01213,Synthetic subject 01213,recipient010@example.test,synthetic_document_01213.pdf,No,Synthetic work product,
SYNLCPRV024-0004857,SYNLCPRV024-0004859,Synthetic Person 031,blind005@example.test,copy018@example.test,2025-03-11 09:30:00 -08:00,2025-03-11 09:31:00 -08:00,sender006@example.test,Synthetic title 01214,Synthetic subject 01214,recipient011@example.test,synthetic_document_01214.pdf,Yes,Synthetic joint defense,
SYNLCPRV024-0004861,SYNLCPRV024-0004861,Synthetic Person 032,blind006@example.test,copy019@example.test,2025-04-12 09:30:00 -08:00,2025-04-12 09:31:00 -08:00,sender007@example.test,Synthetic title 01215,Synthetic subject 01215,recipient012@example.test,synthetic_document_01215.pdf,No,Synthetic attorney-client,
SYNLCPRV024-0004865,SYNLCPRV024-0004866,Synthetic Person 033,blind007@example.test,copy001@example.test,2025-05-13 09:30:00 -08:00,2025-05-13 09:31:00 -08:00,sender008@example.test,Synthetic title 01216,Synthetic subject 01216,recipient013@example.test,synthetic_document_01216.pdf,Yes,Synthetic work product,Yes
SYNLCPRV024-0004869,SYNLCPRV024-0004871,Synthetic Person 034,blind008@example.test,copy002@example.test,2025-06-14 09:30:00 -08:00,2025-06-14 09:31:00 -08:00,sender009@example.test,Synthetic title 01217,Synthetic subject 01217,recipient014@example.test,synthetic_document_01217.pdf,No,Synthetic joint defense,
SYNLCPRV024-0004873,SYNLCPRV024-0004873,Synthetic Person 035,blind009@example.test,copy003@example.test,2025-07-15 09:30:00 -08:00,2025-07-15 09:31:00 -08:00,sender010@example.test,Synthetic title 01218,Synthetic subject 01218,recipient015@example.test,synthetic_document_01218.pdf,Yes,Synthetic attorney-client,
SYNLCPRV024-0004877,SYNLCPRV024-0004878,Synthetic Person 036,blind010@example.test,copy004@example.test,2025-08-16 09:30:00 -08:00,2025-08-16 09:31:00 -08:00,sender011@example.test,Synthetic title 01219,Synthetic subject 01219,recipient016@example.test,synthetic_document_01219.pdf,No,Synthetic work product,
SYNLCPRV024-0004881,SYNLCPRV024-0004883,Synthetic Person 037,blind011@example.test,copy005@example.test,2025-09-17 09:30:00 -08:00,2025-09-17 09:31:00 -08:00,sender012@example.test,Synthetic title 01220,Synthetic subject 01220,recipient017@example.test,synthetic_document_01220.pdf,Yes,Synthetic joint defense,Yes
SYNLCPRV024-0004885,SYNLCPRV024-0004885,Synthetic Person 001,blind001@example.test,copy006@example.test,2025-10-18 09:30:00 -08:00,2025-10-18 09:31:00 -08:00,sender013@example.test,Synthetic title 01221,Synthetic subject 01221,recipient018@example.test,synthetic_document_01221.pdf,No,Synthetic attorney-client,
SYNLCPRV024-0004889,SYNLCPRV024-0004890,Synthetic Person 002,blind002@example.test,copy007@example.test,2025-11-19 09:30:00 -08:00,2025-11-19 09:31:00 -08:00,sender014@example.test,Synthetic title 01222,Synthetic subject 01222,recipient019@example.test,synthetic_document_01222.pdf,Yes,Synthetic work product,
SYNLCPRV024-0004893,SYNLCPRV024-0004895,Synthetic Person 003,blind003@example.test,copy008@example.test,2025-12-20 09:30:00 -08:00,2025-12-20 09:31:00 -08:00,sender015@example.test,Synthetic title 01223,Synthetic subject 01223,recipient020@example.test,synthetic_document_01223.pdf,No,Synthetic joint defense,
SYNLCPRV024-0004897,SYNLCPRV024-0004897,Synthetic Person 004,blind004@example.test,copy009@example.test,2025-01-21 09:30:00 -08:00,2025-01-21 09:31:00 -08:00,sender016@example.test,Synthetic title 01224,Synthetic subject 01224,recipient021@example.test,synthetic_document_01224.pdf,Yes,Synthetic attorney-client,Yes
SYNLCPRV024-0004901,SYNLCPRV024-0004902,Synthetic Person 005,blind005@example.test,copy010@example.test,2025-02-22 09:30:00 -08:00,2025-02-22 09:31:00 -08:00,sender017@example.test,Synthetic title 01225,Synthetic subject 01225,recipient022@example.test,synthetic_document_01225.pdf,No,Synthetic work product,
SYNLCPRV024-0004905,SYNLCPRV024-0004907,Synthetic Person 006,blind006@example.test,copy011@example.test,2025-03-23 09:30:00 -08:00,2025-03-23 09:31:00 -08:00,sender018@example.test,Synthetic title 01226,Synthetic subject 01226,recipient023@example.test,synthetic_document_01226.pdf,Yes,Synthetic joint defense,
SYNLCPRV024-0004909,SYNLCPRV024-0004909,Synthetic Person 007,blind007@example.test,copy012@example.test,2025-04-24 09:30:00 -08:00,2025-04-24 09:31:00 -08:00,sender019@example.test,Synthetic title 01227,Synthetic subject 01227,recipient024@example.test,synthetic_document_01227.pdf,No,Synthetic attorney-client,
SYNLCPRV024-0004913,SYNLCPRV024-0004914,Synthetic Person 008,blind008@example.test,copy013@example.test,2025-05-25 09:30:00 -08:00,2025-05-25 09:31:00 -08:00,sender020@example.test,Synthetic title 01228,Synthetic subject 01228,recipient025@example.test,synthetic_document_01228.pdf,Yes,Synthetic work product,Yes
SYNLCPRV024-0004917,SYNLCPRV024-0004919,Synthetic Person 009,blind009@example.test,copy014@example.test,2025-06-26 09:30:00 -08:00,2025-06-26 09:31:00 -08:00,sender021@example.test,Synthetic title 01229,Synthetic subject 01229,recipient026@example.test,synthetic_document_01229.pdf,No,Synthetic joint defense,
SYNLCPRV024-0004921,SYNLCPRV024-0004921,Synthetic Person 010,blind010@example.test,copy015@example.test,2025-07-27 09:30:00 -08:00,2025-07-27 09:31:00 -08:00,sender022@example.test,Synthetic title 01230,Synthetic subject 01230,recipient027@example.test,synthetic_document_01230.pdf,Yes,Synthetic attorney-client,
SYNLCPRV024-0004925,SYNLCPRV024-0004926,Synthetic Person 011,blind011@example.test,copy016@example.test,2025-08-28 09:30:00 -08:00,2025-08-28 09:31:00 -08:00,sender023@example.test,Synthetic title 01231,Synthetic subject 01231,recipient028@example.test,synthetic_document_01231.pdf,No,Synthetic work product,
SYNLCPRV024-0004929,SYNLCPRV024-0004931,Synthetic Person 012,blind001@example.test,copy017@example.test,2025-09-01 09:30:00 -08:00,2025-09-01 09:31:00 -08:00,sender024@example.test,Synthetic title 01232,Synthetic subject 01232,recipient029@example.test,synthetic_document_01232.pdf,Yes,Synthetic joint defense,Yes
SYNLCPRV024-0004933,SYNLCPRV024-0004933,Synthetic Person 013,blind002@example.test,copy018@example.test,2025-10-02 09:30:00 -08:00,2025-10-02 09:31:00 -08:00,sender025@example.test,Synthetic title 01233,Synthetic subject 01233,recipient030@example.test,synthetic_document_01233.pdf,No,Synthetic attorney-client,
SYNLCPRV024-0004937,SYNLCPRV024-0004938,Synthetic Person 014,blind003@example.test,copy019@example.test,2025-11-03 09:30:00 -08:00,2025-11-03 09:31:00 -08:00,sender026@example.test,Synthetic title 01234,Synthetic subject 01234,recipient031@example.test,synthetic_document_01234.pdf,Yes,Synthetic work product,
SYNLCPRV024-0004941,SYNLCPRV024-0004943,Synthetic Person 015,blind004@example.test,copy001@example.test,2025-12-04 09:30:00 -08:00,2025-12-04 09:31:00 -08:00,sender027@example.test,Synthetic title 01235,Synthetic subject 01235,recipient032@example.test,synthetic_document_01235.pdf,No,Synthetic joint defense,
SYNLCPRV024-0004945,SYNLCPRV024-0004945,Synthetic Person 016,blind005@example.test,copy002@example.test,2025-01-05 09:30:00 -08:00,2025-01-05 09:31:00 -08:00,sender028@example.test,Synthetic title 01236,Synthetic subject 01236,recipient033@example.test,synthetic_document_01236.pdf,Yes,Synthetic attorney-client,Yes
SYNLCPRV024-0004949,SYNLCPRV024-0004950,Synthetic Person 017,blind006@example.test,copy003@example.test,2025-02-06 09:30:00 -08:00,2025-02-06 09:31:00 -08:00,sender029@example.test,Synthetic title 01237,Synthetic subject 01237,recipient034@example.test,synthetic_document_01237.pdf,No,Synthetic work product,
SYNLCPRV024-0004953,SYNLCPRV024-0004955,Synthetic Person 018,blind007@example.test,copy004@example.test,2025-03-07 09:30:00 -08:00,2025-03-07 09:31:00 -08:00,sender030@example.test,Synthetic title 01238,Synthetic subject 01238,recipient035@example.test,synthetic_document_01238.pdf,Yes,Synthetic joint defense,
SYNLCPRV024-0004957,SYNLCPRV024-0004957,Synthetic Person 019,blind008@example.test,copy005@example.test,2025-04-08 09:30:00 -08:00,2025-04-08 09:31:00 -08:00,sender031@example.test,Synthetic title 01239,Synthetic subject 01239,recipient036@example.test,synthetic_document_01239.pdf,No,Synthetic attorney-client,
SYNLCPRV024-0004961,SYNLCPRV024-0004962,Synthetic Person 020,blind009@example.test,copy006@example.test,2025-05-09 09:30:00 -08:00,2025-05-09 09:31:00 -08:00,sender001@example.test,Synthetic title 01240,Synthetic subject 01240,recipient037@example.test,synthetic_document_01240.pdf,Yes,Synthetic work product,Yes
SYNLCPRV024-0004965,SYNLCPRV024-0004967,Synthetic Person 021,blind010@example.test,copy007@example.test,2025-06-10 09:30:00 -08:00,2025-06-10 09:31:00 -08:00,sender002@example.test,Synthetic title 01241,Synthetic subject 01241,recipient038@example.test,synthetic_document_01241.pdf,No,Synthetic joint defense,
SYNLCPRV024-0004969,SYNLCPRV024-0004969,Synthetic Person 022,blind011@example.test,copy008@example.test,2025-07-11 09:30:00 -08:00,2025-07-11 09:31:00 -08:00,sender003@example.test,Synthetic title 01242,Synthetic subject 01242,recipient039@example.test,synthetic_document_01242.pdf,Yes,Synthetic attorney-client,
SYNLCPRV024-0004973,SYNLCPRV024-0004974,Synthetic Person 023,blind001@example.test,copy009@example.test,2025-08-12 09:30:00 -08:00,2025-08-12 09:31:00 -08:00,sender004@example.test,Synthetic title 01243,Synthetic subject 01243,recipient040@example.test,synthetic_document_01243.pdf,No,Synthetic work product,
SYNLCPRV024-0004977,SYNLCPRV024-0004979,Synthetic Person 024,blind002@example.test,copy010@example.test,2025-09-13 09:30:00 -08:00,2025-09-13 09:31:00 -08:00,sender005@example.test,Synthetic title 01244,Synthetic subject 01244,recipient041@example.test,synthetic_document_01244.pdf,Yes,Synthetic joint defense,Yes
SYNLCPRV024-0004981,SYNLCPRV024-0004981,Synthetic Person 025,blind003@example.test,copy011@example.test,2025-10-14 09:30:00 -08:00,2025-10-14 09:31:00 -08:00,sender006@example.test,Synthetic title 01245,Synthetic subject 01245,recipient042@example.test,synthetic_document_01245.pdf,No,Synthetic attorney-client,
SYNLCPRV024-0004985,SYNLCPRV024-0004986,Synthetic Person 026,blind004@example.test,copy012@example.test,2025-11-15 09:30:00 -08:00,2025-11-15 09:31:00 -08:00,sender007@example.test,Synthetic title 01246,Synthetic subject 01246,recipient043@example.test,synthetic_document_01246.pdf,Yes,Synthetic work product,
SYNLCPRV024-0004989,SYNLCPRV024-0004991,Synthetic Person 027,blind005@example.test,copy013@example.test,2025-12-16 09:30:00 -08:00,2025-12-16 09:31:00 -08:00,sender008@example.test,Synthetic title 01247,Synthetic subject 01247,recipient001@example.test,synthetic_document_01247.pdf,No,Synthetic joint defense,
SYNLCPRV024-0004993,SYNLCPRV024-0004993,Synthetic Person 028,blind006@example.test,copy014@example.test,2025-01-17 09:30:00 -08:00,2025-01-17 09:31:00 -08:00,sender009@example.test,Synthetic title 01248,Synthetic subject 01248,recipient002@example.test,synthetic_document_01248.pdf,Yes,Synthetic attorney-client,Yes
SYNLCPRV024-0004997,SYNLCPRV024-0004998,Synthetic Person 029,blind007@example.test,copy015@example.test,2025-02-18 09:30:00 -08:00,2025-02-18 09:31:00 -08:00,sender010@example.test,Synthetic title 01249,Synthetic subject 01249,recipient003@example.test,synthetic_document_01249.pdf,No,Synthetic work product,
SYNLCPRV024-0005001,SYNLCPRV024-0005003,Synthetic Person 030,blind008@example.test,copy016@example.test,2025-03-19 09:30:00 -08:00,2025-03-19 09:31:00 -08:00,sender011@example.test,Synthetic title 01250,Synthetic subject 01250,recipient004@example.test,synthetic_document_01250.pdf,Yes,Synthetic joint defense,
SYNLCPRV024-0005005,SYNLCPRV024-0005005,Synthetic Person 031,blind009@example.test,copy017@example.test,2025-04-20 09:30:00 -08:00,2025-04-20 09:31:00 -08:00,sender012@example.test,Synthetic title 01251,Synthetic subject 01251,recipient005@example.test,synthetic_document_01251.pdf,No,Synthetic attorney-client,
SYNLCPRV024-0005009,SYNLCPRV024-0005010,Synthetic Person 032,blind010@example.test,copy018@example.test,2025-05-21 09:30:00 -08:00,2025-05-21 09:31:00 -08:00,sender013@example.test,Synthetic title 01252,Synthetic subject 01252,recipient006@example.test,synthetic_document_01252.pdf,Yes,Synthetic work product,Yes
SYNLCPRV024-0005013,SYNLCPRV024-0005015,Synthetic Person 033,blind011@example.test,copy019@example.test,2025-06-22 09:30:00 -08:00,2025-06-22 09:31:00 -08:00,sender014@example.test,Synthetic title 01253,Synthetic subject 01253,recipient007@example.test,synthetic_document_01253.pdf,No,Synthetic joint defense,
SYNLCPRV024-0005017,SYNLCPRV024-0005017,Synthetic Person 034,blind001@example.test,copy001@example.test,2025-07-23 09:30:00 -08:00,2025-07-23 09:31:00 -08:00,sender015@example.test,Synthetic title 01254,Synthetic subject 01254,recipient008@example.test,synthetic_document_01254.pdf,Yes,Synthetic attorney-client,
SYNLCPRV024-0005021,SYNLCPRV024-0005022,Synthetic Person 035,blind002@example.test,copy002@example.test,2025-08-24 09:30:00 -08:00,2025-08-24 09:31:00 -08:00,sender016@example.test,Synthetic title 01255,Synthetic subject 01255,recipient009@example.test,synthetic_document_01255.pdf,No,Synthetic work product,
SYNLCPRV024-0005025,SYNLCPRV024-0005027,Synthetic Person 036,blind003@example.test,copy003@example.test,2025-09-25 09:30:00 -08:00,2025-09-25 09:31:00 -08:00,sender017@example.test,Synthetic title 01256,Synthetic subject 01256,recipient010@example.test,synthetic_document_01256.pdf,Yes,Synthetic joint defense,Yes
SYNLCPRV024-0005029,SYNLCPRV024-0005029,Synthetic Person 037,blind004@example.test,copy004@example.test,2025-10-26 09:30:00 -08:00,2025-10-26 09:31:00 -08:00,sender018@example.test,Synthetic title 01257,Synthetic subject 01257,recipient011@example.test,synthetic_document_01257.pdf,No,Synthetic attorney-client,
SYNLCPRV024-0005033,SYNLCPRV024-0005034,Synthetic Person 001,blind005@example.test,copy005@example.test,2025-11-27 09:30:00 -08:00,2025-11-27 09:31:00 -08:00,sender019@example.test,Synthetic title 01258,Synthetic subject 01258,recipient012@example.test,synthetic_document_01258.pdf,Yes,Synthetic work product,
SYNLCPRV024-0005037,SYNLCPRV024-0005039,Synthetic Person 002,blind006@example.test,copy006@example.test,2025-12-28 09:30:00 -08:00,2025-12-28 09:31:00 -08:00,sender020@example.test,Synthetic title 01259,Synthetic subject 01259,recipient013@example.test,synthetic_document_01259.pdf,No,Synthetic joint defense,
SYNLCPRV024-0005041,SYNLCPRV024-0005041,Synthetic Person 003,blind007@example.test,copy007@example.test,2025-01-01 09:30:00 -08:00,2025-01-01 09:31:00 -08:00,sender021@example.test,Synthetic title 01260,Synthetic subject 01260,recipient014@example.test,synthetic_document_01260.pdf,Yes,Synthetic attorney-client,Yes
SYNLCPRV024-0005045,SYNLCPRV024-0005046,Synthetic Person 004,blind008@example.test,copy008@example.test,2025-02-02 09:30:00 -08:00,2025-02-02 09:31:00 -08:00,sender022@example.test,Synthetic title 01261,Synthetic subject 01261,recipient015@example.test,synthetic_document_01261.pdf,No,Synthetic work product,
SYNLCPRV024-0005049,SYNLCPRV024-0005051,Synthetic Person 005,blind009@example.test,copy009@example.test,2025-03-03 09:30:00 -08:00,2025-03-03 09:31:00 -08:00,sender023@example.test,Synthetic title 01262,Synthetic subject 01262,recipient016@example.test,synthetic_document_01262.pdf,Yes,Synthetic joint defense,
SYNLCPRV024-0005053,SYNLCPRV024-0005053,Synthetic Person 006,blind010@example.test,copy010@example.test,2025-04-04 09:30:00 -08:00,2025-04-04 09:31:00 -08:00,sender024@example.test,Synthetic title 01263,Synthetic subject 01263,recipient017@example.test,synthetic_document_01263.pdf,No,Synthetic attorney-client,
SYNLCPRV024-0005057,SYNLCPRV024-0005058,Synthetic Person 007,blind011@example.test,copy011@example.test,2025-05-05 09:30:00 -08:00,2025-05-05 09:31:00 -08:00,sender025@example.test,Synthetic title 01264,Synthetic subject 01264,recipient018@example.test,synthetic_document_01264.pdf,Yes,Synthetic work product,Yes
SYNLCPRV024-0005061,SYNLCPRV024-0005063,Synthetic Person 008,blind001@example.test,copy012@example.test,2025-06-06 09:30:00 -08:00,2025-06-06 09:31:00 -08:00,sender026@example.test,Synthetic title 01265,Synthetic subject 01265,recipient019@example.test,synthetic_document_01265.pdf,No,Synthetic joint defense,
SYNLCPRV024-0005065,SYNLCPRV024-0005065,Synthetic Person 009,blind002@example.test,copy013@example.test,2025-07-07 09:30:00 -08:00,2025-07-07 09:31:00 -08:00,sender027@example.test,Synthetic title 01266,Synthetic subject 01266,recipient020@example.test,synthetic_document_01266.pdf,Yes,Synthetic attorney-client,
SYNLCPRV024-0005069,SYNLCPRV024-0005070,Synthetic Person 010,blind003@example.test,copy014@example.test,2025-08-08 09:30:00 -08:00,2025-08-08 09:31:00 -08:00,sender028@example.test,Synthetic title 01267,Synthetic subject 01267,recipient021@example.test,synthetic_document_01267.pdf,No,Synthetic work product,
SYNLCPRV024-0005073,SYNLCPRV024-0005075,Synthetic Person 011,blind004@example.test,copy015@example.test,2025-09-09 09:30:00 -08:00,2025-09-09 09:31:00 -08:00,sender029@example.test,Synthetic title 01268,Synthetic subject 01268,recipient022@example.test,synthetic_document_01268.pdf,Yes,Synthetic joint defense,Yes
SYNLCPRV024-0005077,SYNLCPRV024-0005077,Synthetic Person 012,blind005@example.test,copy016@example.test,2025-10-10 09:30:00 -08:00,2025-10-10 09:31:00 -08:00,sender030@example.test,Synthetic title 01269,Synthetic subject 01269,recipient023@example.test,synthetic_document_01269.pdf,No,Synthetic attorney-client,
SYNLCPRV024-0005081,SYNLCPRV024-0005082,Synthetic Person 013,blind006@example.test,copy017@example.test,2025-11-11 09:30:00 -08:00,2025-11-11 09:31:00 -08:00,sender031@example.test,Synthetic title 01270,Synthetic subject 01270,recipient024@example.test,synthetic_document_01270.pdf,Yes,Synthetic work product,
SYNLCPRV024-0005085,SYNLCPRV024-0005087,Synthetic Person 014,blind007@example.test,copy018@example.test,2025-12-12 09:30:00 -08:00,2025-12-12 09:31:00 -08:00,sender001@example.test,Synthetic title 01271,Synthetic subject 01271,recipient025@example.test,synthetic_document_01271.pdf,No,Synthetic joint defense,
SYNLCPRV024-0005089,SYNLCPRV024-0005089,Synthetic Person 015,blind008@example.test,copy019@example.test,2025-01-13 09:30:00 -08:00,2025-01-13 09:31:00 -08:00,sender002@example.test,Synthetic title 01272,Synthetic subject 01272,recipient026@example.test,synthetic_document_01272.pdf,Yes,Synthetic attorney-client,Yes
SYNLCPRV024-0005093,SYNLCPRV024-0005094,Synthetic Person 016,blind009@example.test,copy001@example.test,2025-02-14 09:30:00 -08:00,2025-02-14 09:31:00 -08:00,sender003@example.test,Synthetic title 01273,Synthetic subject 01273,recipient027@example.test,synthetic_document_01273.pdf,No,Synthetic work product,
SYNLCPRV024-0005097,SYNLCPRV024-0005099,Synthetic Person 017,blind010@example.test,copy002@example.test,2025-03-15 09:30:00 -08:00,2025-03-15 09:31:00 -08:00,sender004@example.test,Synthetic title 01274,Synthetic subject 01274,recipient028@example.test,synthetic_document_01274.pdf,Yes,Synthetic joint defense,
SYNLCPRV024-0005101,SYNLCPRV024-0005101,Synthetic Person 018,blind011@example.test,copy003@example.test,2025-04-16 09:30:00 -08:00,2025-04-16 09:31:00 -08:00,sender005@example.test,Synthetic title 01275,Synthetic subject 01275,recipient029@example.test,synthetic_document_01275.pdf,No,Synthetic attorney-client,
SYNLCPRV024-0005105,SYNLCPRV024-0005106,Synthetic Person 019,blind001@example.test,copy004@example.test,2025-05-17 09:30:00 -08:00,2025-05-17 09:31:00 -08:00,sender006@example.test,Synthetic title 01276,Synthetic subject 01276,recipient030@example.test,synthetic_document_01276.pdf,Yes,Synthetic work product,Yes
SYNLCPRV024-0005109,SYNLCPRV024-0005111,Synthetic Person 020,blind002@example.test,copy005@example.test,2025-06-18 09:30:00 -08:00,2025-06-18 09:31:00 -08:00,sender007@example.test,Synthetic title 01277,Synthetic subject 01277,recipient031@example.test,synthetic_document_01277.pdf,No,Synthetic joint defense,
SYNLCPRV024-0005113,SYNLCPRV024-0005113,Synthetic Person 021,blind003@example.test,copy006@example.test,2025-07-19 09:30:00 -08:00,2025-07-19 09:31:00 -08:00,sender008@example.test,Synthetic title 01278,Synthetic subject 01278,recipient032@example.test,synthetic_document_01278.pdf,Yes,Synthetic attorney-client,
SYNLCPRV024-0005117,SYNLCPRV024-0005118,Synthetic Person 022,blind004@example.test,copy007@example.test,2025-08-20 09:30:00 -08:00,2025-08-20 09:31:00 -08:00,sender009@example.test,Synthetic title 01279,Synthetic subject 01279,recipient033@example.test,synthetic_document_01279.pdf,No,Synthetic work product,
SYNLCPRV024-0005121,SYNLCPRV024-0005123,Synthetic Person 023,blind005@example.test,copy008@example.test,2025-09-21 09:30:00 -08:00,2025-09-21 09:31:00 -08:00,sender010@example.test,Synthetic title 01280,Synthetic subject 01280,recipient034@example.test,synthetic_document_01280.pdf,Yes,Synthetic joint defense,Yes
SYNLCPRV024-0005125,SYNLCPRV024-0005125,Synthetic Person 024,blind006@example.test,copy009@example.test,2025-10-22 09:30:00 -08:00,2025-10-22 09:31:00 -08:00,sender011@example.test,Synthetic title 01281,Synthetic subject 01281,recipient035@example.test,synthetic_document_01281.pdf,No,Synthetic attorney-client,
SYNLCPRV024-0005129,SYNLCPRV024-0005130,Synthetic Person 025,blind007@example.test,copy010@example.test,2025-11-23 09:30:00 -08:00,2025-11-23 09:31:00 -08:00,sender012@example.test,Synthetic title 01282,Synthetic subject 01282,recipient036@example.test,synthetic_document_01282.pdf,Yes,Synthetic work product,
SYNLCPRV024-0005133,SYNLCPRV024-0005135,Synthetic Person 026,blind008@example.test,copy011@example.test,2025-12-24 09:30:00 -08:00,2025-12-24 09:31:00 -08:00,sender013@example.test,Synthetic title 01283,Synthetic subject 01283,recipient037@example.test,synthetic_document_01283.pdf,No,Synthetic joint defense,
SYNLCPRV024-0005137,SYNLCPRV024-0005137,Synthetic Person 027,blind009@example.test,copy012@example.test,2025-01-25 09:30:00 -08:00,2025-01-25 09:31:00 -08:00,sender014@example.test,Synthetic title 01284,Synthetic subject 01284,recipient038@example.test,synthetic_document_01284.pdf,Yes,Synthetic attorney-client,Yes
SYNLCPRV024-0005141,SYNLCPRV024-0005142,Synthetic Person 028,blind010@example.test,copy013@example.test,2025-02-26 09:30:00 -08:00,2025-02-26 09:31:00 -08:00,sender015@example.test,Synthetic title 01285,Synthetic subject 01285,recipient039@example.test,synthetic_document_01285.pdf,No,Synthetic work product,
SYNLCPRV024-0005145,SYNLCPRV024-0005147,Synthetic Person 029,blind011@example.test,copy014@example.test,2025-03-27 09:30:00 -08:00,2025-03-27 09:31:00 -08:00,sender016@example.test,Synthetic title 01286,Synthetic subject 01286,recipient040@example.test,synthetic_document_01286.pdf,Yes,Synthetic joint defense,
SYNLCPRV024-0005149,SYNLCPRV024-0005149,Synthetic Person 030,blind001@example.test,copy015@example.test,2025-04-28 09:30:00 -08:00,2025-04-28 09:31:00 -08:00,sender017@example.test,Synthetic title 01287,Synthetic subject 01287,recipient041@example.test,synthetic_document_01287.pdf,No,Synthetic attorney-client,
SYNLCPRV024-0005153,SYNLCPRV024-0005154,Synthetic Person 031,blind002@example.test,copy016@example.test,2025-05-01 09:30:00 -08:00,2025-05-01 09:31:00 -08:00,sender018@example.test,Synthetic title 01288,Synthetic subject 01288,recipient042@example.test,synthetic_document_01288.pdf,Yes,Synthetic work product,Yes
SYNLCPRV024-0005157,SYNLCPRV024-0005159,Synthetic Person 032,blind003@example.test,copy017@example.test,2025-06-02 09:30:00 -08:00,2025-06-02 09:31:00 -08:00,sender019@example.test,Synthetic title 01289,Synthetic subject 01289,recipient043@example.test,synthetic_document_01289.pdf,No,Synthetic joint defense,
SYNLCPRV024-0005161,SYNLCPRV024-0005161,Synthetic Person 033,blind004@example.test,copy018@example.test,2025-07-03 09:30:00 -08:00,2025-07-03 09:31:00 -08:00,sender020@example.test,Synthetic title 01290,Synthetic subject 01290,recipient001@example.test,synthetic_document_01290.pdf,Yes,Synthetic attorney-client,
SYNLCPRV024-0005165,SYNLCPRV024-0005166,Synthetic Person 034,blind005@example.test,copy019@example.test,2025-08-04 09:30:00 -08:00,2025-08-04 09:31:00 -08:00,sender021@example.test,Synthetic title 01291,Synthetic subject 01291,recipient002@example.test,synthetic_document_01291.pdf,No,Synthetic work product,
SYNLCPRV024-0005169,SYNLCPRV024-0005171,Synthetic Person 035,blind006@example.test,copy001@example.test,2025-09-05 09:30:00 -08:00,2025-09-05 09:31:00 -08:00,sender022@example.test,Synthetic title 01292,Synthetic subject 01292,recipient003@example.test,synthetic_document_01292.pdf,Yes,Synthetic joint defense,Yes
SYNLCPRV024-0005173,SYNLCPRV024-0005173,Synthetic Person 036,blind007@example.test,copy002@example.test,2025-10-06 09:30:00 -08:00,2025-10-06 09:31:00 -08:00,sender023@example.test,Synthetic title 01293,Synthetic subject 01293,recipient004@example.test,synthetic_document_01293.pdf,No,Synthetic attorney-client,
SYNLCPRV024-0005177,SYNLCPRV024-0005178,Synthetic Person 037,blind008@example.test,copy003@example.test,2025-11-07 09:30:00 -08:00,2025-11-07 09:31:00 -08:00,sender024@example.test,Synthetic title 01294,Synthetic subject 01294,recipient005@example.test,synthetic_document_01294.pdf,Yes,Synthetic work product,
SYNLCPRV024-0005181,SYNLCPRV024-0005183,Synthetic Person 001,blind009@example.test,copy004@example.test,2025-12-08 09:30:00 -08:00,2025-12-08 09:31:00 -08:00,sender025@example.test,Synthetic title 01295,Synthetic subject 01295,recipient006@example.test,synthetic_document_01295.pdf,No,Synthetic joint defense,
SYNLCPRV024-0005185,SYNLCPRV024-0005185,Synthetic Person 002,blind010@example.test,copy005@example.test,2025-01-09 09:30:00 -08:00,2025-01-09 09:31:00 -08:00,sender026@example.test,Synthetic title 01296,Synthetic subject 01296,recipient007@example.test,synthetic_document_01296.pdf,Yes,Synthetic attorney-client,Yes
SYNLCPRV024-0005189,SYNLCPRV024-0005190,Synthetic Person 003,blind011@example.test,copy006@example.test,2025-02-10 09:30:00 -08:00,2025-02-10 09:31:00 -08:00,sender027@example.test,Synthetic title 01297,Synthetic subject 01297,recipient008@example.test,synthetic_document_01297.pdf,No,Synthetic work product,
SYNLCPRV024-0005193,SYNLCPRV024-0005195,Synthetic Person 004,blind001@example.test,copy007@example.test,2025-03-11 09:30:00 -08:00,2025-03-11 09:31:00 -08:00,sender028@example.test,Synthetic title 01298,Synthetic subject 01298,recipient009@example.test,synthetic_document_01298.pdf,Yes,Synthetic joint defense,
SYNLCPRV024-0005197,SYNLCPRV024-0005197,Synthetic Person 005,blind002@example.test,copy008@example.test,2025-04-12 09:30:00 -08:00,2025-04-12 09:31:00 -08:00,sender029@example.test,Synthetic title 01299,Synthetic subject 01299,recipient010@example.test,synthetic_document_01299.pdf,No,Synthetic attorney-client,
SYNLCPRV024-0005201,SYNLCPRV024-0005202,Synthetic Person 006,blind003@example.test,copy009@example.test,2025-05-13 09:30:00 -08:00,2025-05-13 09:31:00 -08:00,sender030@example.test,Synthetic title 01300,Synthetic subject 01300,recipient011@example.test,synthetic_document_01300.pdf,Yes,Synthetic work product,Yes
SYNLCPRV024-0005205,SYNLCPRV024-0005207,Synthetic Person 007,blind004@example.test,copy010@example.test,2025-06-14 09:30:00 -08:00,2025-06-14 09:31:00 -08:00,sender031@example.test,Synthetic title 01301,Synthetic subject 01301,recipient012@example.test,synthetic_document_01301.pdf,No,Synthetic joint defense,
SYNLCPRV024-0005209,SYNLCPRV024-0005209,Synthetic Person 008,blind005@example.test,copy011@example.test,2025-07-15 09:30:00 -08:00,2025-07-15 09:31:00 -08:00,sender001@example.test,Synthetic title 01302,Synthetic subject 01302,recipient013@example.test,synthetic_document_01302.pdf,Yes,Synthetic attorney-client,
SYNLCPRV024-0005213,SYNLCPRV024-0005214,Synthetic Person 009,blind006@example.test,copy012@example.test,2025-08-16 09:30:00 -08:00,2025-08-16 09:31:00 -08:00,sender002@example.test,Synthetic title 01303,Synthetic subject 01303,recipient014@example.test,synthetic_document_01303.pdf,No,Synthetic work product,
SYNLCPRV024-0005217,SYNLCPRV024-0005219,Synthetic Person 010,blind007@example.test,copy013@example.test,2025-09-17 09:30:00 -08:00,2025-09-17 09:31:00 -08:00,sender003@example.test,Synthetic title 01304,Synthetic subject 01304,recipient015@example.test,synthetic_document_01304.pdf,Yes,Synthetic joint defense,Yes
SYNLCPRV024-0005221,SYNLCPRV024-0005221,Synthetic Person 011,blind008@example.test,copy014@example.test,2025-10-18 09:30:00 -08:00,2025-10-18 09:31:00 -08:00,sender004@example.test,Synthetic title 01305,Synthetic subject 01305,recipient016@example.test,synthetic_document_01305.pdf,No,Synthetic attorney-client,
SYNLCPRV024-0005225,SYNLCPRV024-0005226,Synthetic Person 012,blind009@example.test,copy015@example.test,2025-11-19 09:30:00 -08:00,2025-11-19 09:31:00 -08:00,sender005@example.test,Synthetic title 01306,Synthetic subject 01306,recipient017@example.test,synthetic_document_01306.pdf,Yes,Synthetic work product,
SYNLCPRV024-0005229,SYNLCPRV024-0005231,Synthetic Person 013,blind010@example.test,copy016@example.test,2025-12-20 09:30:00 -08:00,2025-12-20 09:31:00 -08:00,sender006@example.test,Synthetic title 01307,Synthetic subject 01307,recipient018@example.test,synthetic_document_01307.pdf,No,Synthetic joint defense,
SYNLCPRV024-0005233,SYNLCPRV024-0005233,Synthetic Person 014,blind011@example.test,copy017@example.test,2025-01-21 09:30:00 -08:00,2025-01-21 09:31:00 -08:00,sender007@example.test,Synthetic title 01308,Synthetic subject 01308,recipient019@example.test,synthetic_document_01308.pdf,Yes,Synthetic attorney-client,Yes
SYNLCPRV024-0005237,SYNLCPRV024-0005238,Synthetic Person 015,blind001@example.test,copy018@example.test,2025-02-22 09:30:00 -08:00,2025-02-22 09:31:00 -08:00,sender008@example.test,Synthetic title 01309,Synthetic subject 01309,recipient020@example.test,synthetic_document_01309.pdf,No,Synthetic work product,
SYNLCPRV024-0005241,SYNLCPRV024-0005243,Synthetic Person 016,blind002@example.test,copy019@example.test,2025-03-23 09:30:00 -08:00,2025-03-23 09:31:00 -08:00,sender009@example.test,Synthetic title 01310,Synthetic subject 01310,recipient021@example.test,synthetic_document_01310.pdf,Yes,Synthetic joint defense,
SYNLCPRV024-0005245,SYNLCPRV024-0005245,Synthetic Person 017,blind003@example.test,copy001@example.test,2025-04-24 09:30:00 -08:00,2025-04-24 09:31:00 -08:00,sender010@example.test,Synthetic title 01311,Synthetic subject 01311,recipient022@example.test,synthetic_document_01311.pdf,No,Synthetic attorney-client,
SYNLCPRV024-0005249,SYNLCPRV024-0005250,Synthetic Person 018,blind004@example.test,copy002@example.test,2025-05-25 09:30:00 -08:00,2025-05-25 09:31:00 -08:00,sender011@example.test,Synthetic title 01312,Synthetic subject 01312,recipient023@example.test,synthetic_document_01312.pdf,Yes,Synthetic work product,Yes
SYNLCPRV024-0005253,SYNLCPRV024-0005255,Synthetic Person 019,blind005@example.test,copy003@example.test,2025-06-26 09:30:00 -08:00,2025-06-26 09:31:00 -08:00,sender012@example.test,Synthetic title 01313,Synthetic subject 01313,recipient024@example.test,synthetic_document_01313.pdf,No,Synthetic joint defense,
SYNLCPRV024-0005257,SYNLCPRV024-0005257,Synthetic Person 020,blind006@example.test,copy004@example.test,2025-07-27 09:30:00 -08:00,2025-07-27 09:31:00 -08:00,sender013@example.test,Synthetic title 01314,Synthetic subject 01314,recipient025@example.test,synthetic_document_01314.pdf,Yes,Synthetic attorney-client,
SYNLCPRV024-0005261,SYNLCPRV024-0005262,Synthetic Person 021,blind007@example.test,copy005@example.test,2025-08-28 09:30:00 -08:00,2025-08-28 09:31:00 -08:00,sender014@example.test,Synthetic title 01315,Synthetic subject 01315,recipient026@example.test,synthetic_document_01315.pdf,No,Synthetic work product,
SYNLCPRV024-0005265,SYNLCPRV024-0005267,Synthetic Person 022,blind008@example.test,copy006@example.test,2025-09-01 09:30:00 -08:00,2025-09-01 09:31:00 -08:00,sender015@example.test,Synthetic title 01316,Synthetic subject 01316,recipient027@example.test,synthetic_document_01316.pdf,Yes,Synthetic joint defense,Yes
SYNLCPRV024-0005269,SYNLCPRV024-0005269,Synthetic Person 023,blind009@example.test,copy007@example.test,2025-10-02 09:30:00 -08:00,2025-10-02 09:31:00 -08:00,sender016@example.test,Synthetic title 01317,Synthetic subject 01317,recipient028@example.test,synthetic_document_01317.pdf,No,Synthetic attorney-client,
SYNLCPRV024-0005273,SYNLCPRV024-0005274,Synthetic Person 024,blind010@example.test,copy008@example.test,2025-11-03 09:30:00 -08:00,2025-11-03 09:31:00 -08:00,sender017@example.test,Synthetic title 01318,Synthetic subject 01318,recipient029@example.test,synthetic_document_01318.pdf,Yes,Synthetic work product,
SYNLCPRV024-0005277,SYNLCPRV024-0005279,Synthetic Person 025,blind011@example.test,copy009@example.test,2025-12-04 09:30:00 -08:00,2025-12-04 09:31:00 -08:00,sender018@example.test,Synthetic title 01319,Synthetic subject 01319,recipient030@example.test,synthetic_document_01319.pdf,No,Synthetic joint defense,
SYNLCPRV024-0005281,SYNLCPRV024-0005281,Synthetic Person 026,blind001@example.test,copy010@example.test,2025-01-05 09:30:00 -08:00,2025-01-05 09:31:00 -08:00,sender019@example.test,Synthetic title 01320,Synthetic subject 01320,recipient031@example.test,synthetic_document_01320.pdf,Yes,Synthetic attorney-client,Yes
SYNLCPRV024-0005285,SYNLCPRV024-0005286,Synthetic Person 027,blind002@example.test,copy011@example.test,2025-02-06 09:30:00 -08:00,2025-02-06 09:31:00 -08:00,sender020@example.test,Synthetic title 01321,Synthetic subject 01321,recipient032@example.test,synthetic_document_01321.pdf,No,Synthetic work product,
SYNLCPRV024-0005289,SYNLCPRV024-0005291,Synthetic Person 028,blind003@example.test,copy012@example.test,2025-03-07 09:30:00 -08:00,2025-03-07 09:31:00 -08:00,sender021@example.test,Synthetic title 01322,Synthetic subject 01322,recipient033@example.test,synthetic_document_01322.pdf,Yes,Synthetic joint defense,
SYNLCPRV024-0005293,SYNLCPRV024-0005293,Synthetic Person 029,blind004@example.test,copy013@example.test,2025-04-08 09:30:00 -08:00,2025-04-08 09:31:00 -08:00,sender022@example.test,Synthetic title 01323,Synthetic subject 01323,recipient034@example.test,synthetic_document_01323.pdf,No,Synthetic attorney-client,
SYNLCPRV024-0005297,SYNLCPRV024-0005298,Synthetic Person 030,blind005@example.test,copy014@example.test,2025-05-09 09:30:00 -08:00,2025-05-09 09:31:00 -08:00,sender023@example.test,Synthetic title 01324,Synthetic subject 01324,recipient035@example.test,synthetic_document_01324.pdf,Yes,Synthetic work product,Yes
SYNLCPRV024-0005301,SYNLCPRV024-0005303,Synthetic Person 031,blind006@example.test,copy015@example.test,2025-06-10 09:30:00 -08:00,2025-06-10 09:31:00 -08:00,sender024@example.test,Synthetic title 01325,Synthetic subject 01325,recipient036@example.test,synthetic_document_01325.pdf,No,Synthetic joint defense,
SYNLCPRV024-0005305,SYNLCPRV024-0005305,Synthetic Person 032,blind007@example.test,copy016@example.test,2025-07-11 09:30:00 -08:00,2025-07-11 09:31:00 -08:00,sender025@example.test,Synthetic title 01326,Synthetic subject 01326,recipient037@example.test,synthetic_document_01326.pdf,Yes,Synthetic attorney-client,
SYNLCPRV024-0005309,SYNLCPRV024-0005310,Synthetic Person 033,blind008@example.test,copy017@example.test,2025-08-12 09:30:00 -08:00,2025-08-12 09:31:00 -08:00,sender026@example.test,Synthetic title 01327,Synthetic subject 01327,recipient038@example.test,synthetic_document_01327.pdf,No,Synthetic work product,
SYNLCPRV024-0005313,SYNLCPRV024-0005315,Synthetic Person 034,blind009@example.test,copy018@example.test,2025-09-13 09:30:00 -08:00,2025-09-13 09:31:00 -08:00,sender027@example.test,Synthetic title 01328,Synthetic subject 01328,recipient039@example.test,synthetic_document_01328.pdf,Yes,Synthetic joint defense,Yes
SYNLCPRV024-0005317,SYNLCPRV024-0005317,Synthetic Person 035,blind010@example.test,copy019@example.test,2025-10-14 09:30:00 -08:00,2025-10-14 09:31:00 -08:00,sender028@example.test,Synthetic title 01329,Synthetic subject 01329,recipient040@example.test,synthetic_document_01329.pdf,No,Synthetic attorney-client,
SYNLCPRV024-0005321,SYNLCPRV024-0005322,Synthetic Person 036,blind011@example.test,copy001@example.test,2025-11-15 09:30:00 -08:00,2025-11-15 09:31:00 -08:00,sender029@example.test,Synthetic title 01330,Synthetic subject 01330,recipient041@example.test,synthetic_document_01330.pdf,Yes,Synthetic work product,
SYNLCPRV024-0005325,SYNLCPRV024-0005327,Synthetic Person 037,blind001@example.test,copy002@example.test,2025-12-16 09:30:00 -08:00,2025-12-16 09:31:00 -08:00,sender030@example.test,Synthetic title 01331,Synthetic subject 01331,recipient042@example.test,synthetic_document_01331.pdf,No,Synthetic joint defense,
SYNLCPRV024-0005329,SYNLCPRV024-0005329,Synthetic Person 001,blind002@example.test,copy003@example.test,2025-01-17 09:30:00 -08:00,2025-01-17 09:31:00 -08:00,sender031@example.test,Synthetic title 01332,Synthetic subject 01332,recipient043@example.test,synthetic_document_01332.pdf,Yes,Synthetic attorney-client,Yes
SYNLCPRV024-0005333,SYNLCPRV024-0005334,Synthetic Person 002,blind003@example.test,copy004@example.test,2025-02-18 09:30:00 -08:00,2025-02-18 09:31:00 -08:00,sender001@example.test,Synthetic title 01333,Synthetic subject 01333,recipient001@example.test,synthetic_document_01333.pdf,No,Synthetic work product,
SYNLCPRV024-0005337,SYNLCPRV024-0005339,Synthetic Person 003,blind004@example.test,copy005@example.test,2025-03-19 09:30:00 -08:00,2025-03-19 09:31:00 -08:00,sender002@example.test,Synthetic title 01334,Synthetic subject 01334,recipient002@example.test,synthetic_document_01334.pdf,Yes,Synthetic joint defense,
SYNLCPRV024-0005341,SYNLCPRV024-0005341,Synthetic Person 004,blind005@example.test,copy006@example.test,2025-04-20 09:30:00 -08:00,2025-04-20 09:31:00 -08:00,sender003@example.test,Synthetic title 01335,Synthetic subject 01335,recipient003@example.test,synthetic_document_01335.pdf,No,Synthetic attorney-client,
SYNLCPRV024-0005345,SYNLCPRV024-0005346,Synthetic Person 005,blind006@example.test,copy007@example.test,2025-05-21 09:30:00 -08:00,2025-05-21 09:31:00 -08:00,sender004@example.test,Synthetic title 01336,Synthetic subject 01336,recipient004@example.test,synthetic_document_01336.pdf,Yes,Synthetic work product,Yes
SYNLCPRV024-0005349,SYNLCPRV024-0005351,Synthetic Person 006,blind007@example.test,copy008@example.test,2025-06-22 09:30:00 -08:00,2025-06-22 09:31:00 -08:00,sender005@example.test,Synthetic title 01337,Synthetic subject 01337,recipient005@example.test,synthetic_document_01337.pdf,No,Synthetic joint defense,
SYNLCPRV024-0005353,SYNLCPRV024-0005353,Synthetic Person 007,blind008@example.test,copy009@example.test,2025-07-23 09:30:00 -08:00,2025-07-23 09:31:00 -08:00,sender006@example.test,Synthetic title 01338,Synthetic subject 01338,recipient006@example.test,synthetic_document_01338.pdf,Yes,Synthetic attorney-client,
SYNLCPRV024-0005357,SYNLCPRV024-0005358,Synthetic Person 008,blind009@example.test,copy010@example.test,2025-08-24 09:30:00 -08:00,2025-08-24 09:31:00 -08:00,sender007@example.test,Synthetic title 01339,Synthetic subject 01339,recipient007@example.test,synthetic_document_01339.pdf,No,Synthetic work product,
SYNLCPRV024-0005361,SYNLCPRV024-0005363,Synthetic Person 009,blind010@example.test,copy011@example.test,2025-09-25 09:30:00 -08:00,2025-09-25 09:31:00 -08:00,sender008@example.test,Synthetic title 01340,Synthetic subject 01340,recipient008@example.test,synthetic_document_01340.pdf,Yes,Synthetic joint defense,Yes
SYNLCPRV024-0005365,SYNLCPRV024-0005365,Synthetic Person 010,blind011@example.test,copy012@example.test,2025-10-26 09:30:00 -08:00,2025-10-26 09:31:00 -08:00,sender009@example.test,Synthetic title 01341,Synthetic subject 01341,recipient009@example.test,synthetic_document_01341.pdf,No,Synthetic attorney-client,
SYNLCPRV024-0005369,SYNLCPRV024-0005370,Synthetic Person 011,blind001@example.test,copy013@example.test,2025-11-27 09:30:00 -08:00,2025-11-27 09:31:00 -08:00,sender010@example.test,Synthetic title 01342,Synthetic subject 01342,recipient010@example.test,synthetic_document_01342.pdf,Yes,Synthetic work product,
SYNLCPRV024-0005373,SYNLCPRV024-0005375,Synthetic Person 012,blind002@example.test,copy014@example.test,2025-12-28 09:30:00 -08:00,2025-12-28 09:31:00 -08:00,sender011@example.test,Synthetic title 01343,Synthetic subject 01343,recipient011@example.test,synthetic_document_01343.pdf,No,Synthetic joint defense,
SYNLCPRV024-0005377,SYNLCPRV024-0005377,Synthetic Person 013,blind003@example.test,copy015@example.test,2025-01-01 09:30:00 -08:00,2025-01-01 09:31:00 -08:00,sender012@example.test,Synthetic title 01344,Synthetic subject 01344,recipient012@example.test,synthetic_document_01344.pdf,Yes,Synthetic attorney-client,Yes
SYNLCPRV024-0005381,SYNLCPRV024-0005382,Synthetic Person 014,blind004@example.test,copy016@example.test,2025-02-02 09:30:00 -08:00,2025-02-02 09:31:00 -08:00,sender013@example.test,Synthetic title 01345,Synthetic subject 01345,recipient013@example.test,synthetic_document_01345.pdf,No,Synthetic work product,
SYNLCPRV024-0005385,SYNLCPRV024-0005387,Synthetic Person 015,blind005@example.test,copy017@example.test,2025-03-03 09:30:00 -08:00,2025-03-03 09:31:00 -08:00,sender014@example.test,Synthetic title 01346,Synthetic subject 01346,recipient014@example.test,synthetic_document_01346.pdf,Yes,Synthetic joint defense,
SYNLCPRV024-0005389,SYNLCPRV024-0005389,Synthetic Person 016,blind006@example.test,copy018@example.test,2025-04-04 09:30:00 -08:00,2025-04-04 09:31:00 -08:00,sender015@example.test,Synthetic title 01347,Synthetic subject 01347,recipient015@example.test,synthetic_document_01347.pdf,No,Synthetic attorney-client,
SYNLCPRV024-0005393,SYNLCPRV024-0005394,Synthetic Person 017,blind007@example.test,copy019@example.test,2025-05-05 09:30:00 -08:00,2025-05-05 09:31:00 -08:00,sender016@example.test,Synthetic title 01348,Synthetic subject 01348,recipient016@example.test,synthetic_document_01348.pdf,Yes,Synthetic work product,Yes
SYNLCPRV024-0005397,SYNLCPRV024-0005399,Synthetic Person 018,blind008@example.test,copy001@example.test,2025-06-06 09:30:00 -08:00,2025-06-06 09:31:00 -08:00,sender017@example.test,Synthetic title 01349,Synthetic subject 01349,recipient017@example.test,synthetic_document_01349.pdf,No,Synthetic joint defense,
SYNLCPRV024-0005401,SYNLCPRV024-0005401,Synthetic Person 019,blind009@example.test,copy002@example.test,2025-07-07 09:30:00 -08:00,2025-07-07 09:31:00 -08:00,sender018@example.test,Synthetic title 01350,Synthetic subject 01350,recipient018@example.test,synthetic_document_01350.pdf,Yes,Synthetic attorney-client,
SYNLCPRV024-0005405,SYNLCPRV024-0005406,Synthetic Person 020,blind010@example.test,copy003@example.test,2025-08-08 09:30:00 -08:00,2025-08-08 09:31:00 -08:00,sender019@example.test,Synthetic title 01351,Synthetic subject 01351,recipient019@example.test,synthetic_document_01351.pdf,No,Synthetic work product,
SYNLCPRV024-0005409,SYNLCPRV024-0005411,Synthetic Person 021,blind011@example.test,copy004@example.test,2025-09-09 09:30:00 -08:00,2025-09-09 09:31:00 -08:00,sender020@example.test,Synthetic title 01352,Synthetic subject 01352,recipient020@example.test,synthetic_document_01352.pdf,Yes,Synthetic joint defense,Yes
SYNLCPRV024-0005413,SYNLCPRV024-0005413,Synthetic Person 022,blind001@example.test,copy005@example.test,2025-10-10 09:30:00 -08:00,2025-10-10 09:31:00 -08:00,sender021@example.test,Synthetic title 01353,Synthetic subject 01353,recipient021@example.test,synthetic_document_01353.pdf,No,Synthetic attorney-client,
SYNLCPRV024-0005417,SYNLCPRV024-0005418,Synthetic Person 023,blind002@example.test,copy006@example.test,2025-11-11 09:30:00 -08:00,2025-11-11 09:31:00 -08:00,sender022@example.test,Synthetic title 01354,Synthetic subject 01354,recipient022@example.test,synthetic_document_01354.pdf,Yes,Synthetic work product,
SYNLCPRV024-0005421,SYNLCPRV024-0005423,Synthetic Person 024,blind003@example.test,copy007@example.test,2025-12-12 09:30:00 -08:00,2025-12-12 09:31:00 -08:00,sender023@example.test,Synthetic title 01355,Synthetic subject 01355,recipient023@example.test,synthetic_document_01355.pdf,No,Synthetic joint defense,
SYNLCPRV024-0005425,SYNLCPRV024-0005425,Synthetic Person 025,blind004@example.test,copy008@example.test,2025-01-13 09:30:00 -08:00,2025-01-13 09:31:00 -08:00,sender024@example.test,Synthetic title 01356,Synthetic subject 01356,recipient024@example.test,synthetic_document_01356.pdf,Yes,Synthetic attorney-client,Yes
SYNLCPRV024-0005429,SYNLCPRV024-0005430,Synthetic Person 026,blind005@example.test,copy009@example.test,2025-02-14 09:30:00 -08:00,2025-02-14 09:31:00 -08:00,sender025@example.test,Synthetic title 01357,Synthetic subject 01357,recipient025@example.test,synthetic_document_01357.pdf,No,Synthetic work product,
SYNLCPRV024-0005433,SYNLCPRV024-0005435,Synthetic Person 027,blind006@example.test,copy010@example.test,2025-03-15 09:30:00 -08:00,2025-03-15 09:31:00 -08:00,sender026@example.test,Synthetic title 01358,Synthetic subject 01358,recipient026@example.test,synthetic_document_01358.pdf,Yes,Synthetic joint defense,
SYNLCPRV024-0005437,SYNLCPRV024-0005437,Synthetic Person 028,blind007@example.test,copy011@example.test,2025-04-16 09:30:00 -08:00,2025-04-16 09:31:00 -08:00,sender027@example.test,Synthetic title 01359,Synthetic subject 01359,recipient027@example.test,synthetic_document_01359.pdf,No,Synthetic attorney-client,
SYNLCPRV024-0005441,SYNLCPRV024-0005442,Synthetic Person 029,blind008@example.test,copy012@example.test,2025-05-17 09:30:00 -08:00,2025-05-17 09:31:00 -08:00,sender028@example.test,Synthetic title 01360,Synthetic subject 01360,recipient028@example.test,synthetic_document_01360.pdf,Yes,Synthetic work product,Yes
SYNLCPRV024-0005445,SYNLCPRV024-0005447,Synthetic Person 030,blind009@example.test,copy013@example.test,2025-06-18 09:30:00 -08:00,2025-06-18 09:31:00 -08:00,sender029@example.test,Synthetic title 01361,Synthetic subject 01361,recipient029@example.test,synthetic_document_01361.pdf,No,Synthetic joint defense,
SYNLCPRV024-0005449,SYNLCPRV024-0005449,Synthetic Person 031,blind010@example.test,copy014@example.test,2025-07-19 09:30:00 -08:00,2025-07-19 09:31:00 -08:00,sender030@example.test,Synthetic title 01362,Synthetic subject 01362,recipient030@example.test,synthetic_document_01362.pdf,Yes,Synthetic attorney-client,
SYNLCPRV024-0005453,SYNLCPRV024-0005454,Synthetic Person 032,blind011@example.test,copy015@example.test,2025-08-20 09:30:00 -08:00,2025-08-20 09:31:00 -08:00,sender031@example.test,Synthetic title 01363,Synthetic subject 01363,recipient031@example.test,synthetic_document_01363.pdf,No,Synthetic work product,
SYNLCPRV024-0005457,SYNLCPRV024-0005459,Synthetic Person 033,blind001@example.test,copy016@example.test,2025-09-21 09:30:00 -08:00,2025-09-21 09:31:00 -08:00,sender001@example.test,Synthetic title 01364,Synthetic subject 01364,recipient032@example.test,synthetic_document_01364.pdf,Yes,Synthetic joint defense,Yes
SYNLCPRV024-0005461,SYNLCPRV024-0005461,Synthetic Person 034,blind002@example.test,copy017@example.test,2025-10-22 09:30:00 -08:00,2025-10-22 09:31:00 -08:00,sender002@example.test,Synthetic title 01365,Synthetic subject 01365,recipient033@example.test,synthetic_document_01365.pdf,No,Synthetic attorney-client,
SYNLCPRV024-0005465,SYNLCPRV024-0005466,Synthetic Person 035,blind003@example.test,copy018@example.test,2025-11-23 09:30:00 -08:00,2025-11-23 09:31:00 -08:00,sender003@example.test,Synthetic title 01366,Synthetic subject 01366,recipient034@example.test,synthetic_document_01366.pdf,Yes,Synthetic work product,
SYNLCPRV024-0005469,SYNLCPRV024-0005471,Synthetic Person 036,blind004@example.test,copy019@example.test,2025-12-24 09:30:00 -08:00,2025-12-24 09:31:00 -08:00,sender004@example.test,Synthetic title 01367,Synthetic subject 01367,recipient035@example.test,synthetic_document_01367.pdf,No,Synthetic joint defense,
SYNLCPRV024-0005473,SYNLCPRV024-0005473,Synthetic Person 037,blind005@example.test,copy001@example.test,2025-01-25 09:30:00 -08:00,2025-01-25 09:31:00 -08:00,sender005@example.test,Synthetic title 01368,Synthetic subject 01368,recipient036@example.test,synthetic_document_01368.pdf,Yes,Synthetic attorney-client,Yes
SYNLCPRV024-0005477,SYNLCPRV024-0005478,Synthetic Person 001,blind006@example.test,copy002@example.test,2025-02-26 09:30:00 -08:00,2025-02-26 09:31:00 -08:00,sender006@example.test,Synthetic title 01369,Synthetic subject 01369,recipient037@example.test,synthetic_document_01369.pdf,No,Synthetic work product,
SYNLCPRV024-0005481,SYNLCPRV024-0005483,Synthetic Person 002,blind007@example.test,copy003@example.test,2025-03-27 09:30:00 -08:00,2025-03-27 09:31:00 -08:00,sender007@example.test,Synthetic title 01370,Synthetic subject 01370,recipient038@example.test,synthetic_document_01370.pdf,Yes,Synthetic joint defense,
SYNLCPRV024-0005485,SYNLCPRV024-0005485,Synthetic Person 003,blind008@example.test,copy004@example.test,2025-04-28 09:30:00 -08:00,2025-04-28 09:31:00 -08:00,sender008@example.test,Synthetic title 01371,Synthetic subject 01371,recipient039@example.test,synthetic_document_01371.pdf,No,Synthetic attorney-client,
SYNLCPRV024-0005489,SYNLCPRV024-0005490,Synthetic Person 004,blind009@example.test,copy005@example.test,2025-05-01 09:30:00 -08:00,2025-05-01 09:31:00 -08:00,sender009@example.test,Synthetic title 01372,Synthetic subject 01372,recipient040@example.test,synthetic_document_01372.pdf,Yes,Synthetic work product,Yes
SYNLCPRV024-0005493,SYNLCPRV024-0005495,Synthetic Person 005,blind010@example.test,copy006@example.test,2025-06-02 09:30:00 -08:00,2025-06-02 09:31:00 -08:00,sender010@example.test,Synthetic title 01373,Synthetic subject 01373,recipient041@example.test,synthetic_document_01373.pdf,No,Synthetic joint defense,
SYNLCPRV024-0005497,SYNLCPRV024-0005497,Synthetic Person 006,blind011@example.test,copy007@example.test,2025-07-03 09:30:00 -08:00,2025-07-03 09:31:00 -08:00,sender011@example.test,Synthetic title 01374,Synthetic subject 01374,recipient042@example.test,synthetic_document_01374.pdf,Yes,Synthetic attorney-client,
SYNLCPRV024-0005501,SYNLCPRV024-0005502,Synthetic Person 007,blind001@example.test,copy008@example.test,2025-08-04 09:30:00 -08:00,2025-08-04 09:31:00 -08:00,sender012@example.test,Synthetic title 01375,Synthetic subject 01375,recipient043@example.test,synthetic_document_01375.pdf,No,Synthetic work product,
SYNLCPRV024-0005505,SYNLCPRV024-0005507,Synthetic Person 008,blind002@example.test,copy009@example.test,2025-09-05 09:30:00 -08:00,2025-09-05 09:31:00 -08:00,sender013@example.test,Synthetic title 01376,Synthetic subject 01376,recipient001@example.test,synthetic_document_01376.pdf,Yes,Synthetic joint defense,Yes
SYNLCPRV024-0005509,SYNLCPRV024-0005509,Synthetic Person 009,blind003@example.test,copy010@example.test,2025-10-06 09:30:00 -08:00,2025-10-06 09:31:00 -08:00,sender014@example.test,Synthetic title 01377,Synthetic subject 01377,recipient002@example.test,synthetic_document_01377.pdf,No,Synthetic attorney-client,
SYNLCPRV024-0005513,SYNLCPRV024-0005514,Synthetic Person 010,blind004@example.test,copy011@example.test,2025-11-07 09:30:00 -08:00,2025-11-07 09:31:00 -08:00,sender015@example.test,Synthetic title 01378,Synthetic subject 01378,recipient003@example.test,synthetic_document_01378.pdf,Yes,Synthetic work product,
SYNLCPRV024-0005517,SYNLCPRV024-0005519,Synthetic Person 011,blind005@example.test,copy012@example.test,2025-12-08 09:30:00 -08:00,2025-12-08 09:31:00 -08:00,sender016@example.test,Synthetic title 01379,Synthetic subject 01379,recipient004@example.test,synthetic_document_01379.pdf,No,Synthetic joint defense,
SYNLCPRV024-0005521,SYNLCPRV024-0005521,Synthetic Person 012,blind006@example.test,copy013@example.test,2025-01-09 09:30:00 -08:00,2025-01-09 09:31:00 -08:00,sender017@example.test,Synthetic title 01380,Synthetic subject 01380,recipient005@example.test,synthetic_document_01380.pdf,Yes,Synthetic attorney-client,Yes
SYNLCPRV024-0005525,SYNLCPRV024-0005526,Synthetic Person 013,blind007@example.test,copy014@example.test,2025-02-10 09:30:00 -08:00,2025-02-10 09:31:00 -08:00,sender018@example.test,Synthetic title 01381,Synthetic subject 01381,recipient006@example.test,synthetic_document_01381.pdf,No,Synthetic work product,
SYNLCPRV024-0005529,SYNLCPRV024-0005531,Synthetic Person 014,blind008@example.test,copy015@example.test,2025-03-11 09:30:00 -08:00,2025-03-11 09:31:00 -08:00,sender019@example.test,Synthetic title 01382,Synthetic subject 01382,recipient007@example.test,synthetic_document_01382.pdf,Yes,Synthetic joint defense,
SYNLCPRV024-0005533,SYNLCPRV024-0005533,Synthetic Person 015,blind009@example.test,copy016@example.test,2025-04-12 09:30:00 -08:00,2025-04-12 09:31:00 -08:00,sender020@example.test,Synthetic title 01383,Synthetic subject 01383,recipient008@example.test,synthetic_document_01383.pdf,No,Synthetic attorney-client,
SYNLCPRV024-0005537,SYNLCPRV024-0005538,Synthetic Person 016,blind010@example.test,copy017@example.test,2025-05-13 09:30:00 -08:00,2025-05-13 09:31:00 -08:00,sender021@example.test,Synthetic title 01384,Synthetic subject 01384,recipient009@example.test,synthetic_document_01384.pdf,Yes,Synthetic work product,Yes
SYNLCPRV024-0005541,SYNLCPRV024-0005543,Synthetic Person 017,blind011@example.test,copy018@example.test,2025-06-14 09:30:00 -08:00,2025-06-14 09:31:00 -08:00,sender022@example.test,Synthetic title 01385,Synthetic subject 01385,recipient010@example.test,synthetic_document_01385.pdf,No,Synthetic joint defense,
SYNLCPRV024-0005545,SYNLCPRV024-0005545,Synthetic Person 018,blind001@example.test,copy019@example.test,2025-07-15 09:30:00 -08:00,2025-07-15 09:31:00 -08:00,sender023@example.test,Synthetic title 01386,Synthetic subject 01386,recipient011@example.test,synthetic_document_01386.pdf,Yes,Synthetic attorney-client,
SYNLCPRV024-0005549,SYNLCPRV024-0005550,Synthetic Person 019,blind002@example.test,copy001@example.test,2025-08-16 09:30:00 -08:00,2025-08-16 09:31:00 -08:00,sender024@example.test,Synthetic title 01387,Synthetic subject 01387,recipient012@example.test,synthetic_document_01387.pdf,No,Synthetic work product,
SYNLCPRV024-0005553,SYNLCPRV024-0005555,Synthetic Person 020,blind003@example.test,copy002@example.test,2025-09-17 09:30:00 -08:00,2025-09-17 09:31:00 -08:00,sender025@example.test,Synthetic title 01388,Synthetic subject 01388,recipient013@example.test,synthetic_document_01388.pdf,Yes,Synthetic joint defense,Yes
SYNLCPRV024-0005557,SYNLCPRV024-0005557,Synthetic Person 021,blind004@example.test,copy003@example.test,2025-10-18 09:30:00 -08:00,2025-10-18 09:31:00 -08:00,sender026@example.test,Synthetic title 01389,Synthetic subject 01389,recipient014@example.test,synthetic_document_01389.pdf,No,Synthetic attorney-client,
SYNLCPRV024-0005561,SYNLCPRV024-0005562,Synthetic Person 022,blind005@example.test,copy004@example.test,2025-11-19 09:30:00 -08:00,2025-11-19 09:31:00 -08:00,sender027@example.test,Synthetic title 01390,Synthetic subject 01390,recipient015@example.test,synthetic_document_01390.pdf,Yes,Synthetic work product,
SYNLCPRV024-0005565,SYNLCPRV024-0005567,Synthetic Person 023,blind006@example.test,copy005@example.test,2025-12-20 09:30:00 -08:00,2025-12-20 09:31:00 -08:00,sender028@example.test,Synthetic title 01391,Synthetic subject 01391,recipient016@example.test,synthetic_document_01391.pdf,No,Synthetic joint defense,
SYNLCPRV024-0005569,SYNLCPRV024-0005569,Synthetic Person 024,blind007@example.test,copy006@example.test,2025-01-21 09:30:00 -08:00,2025-01-21 09:31:00 -08:00,sender029@example.test,Synthetic title 01392,Synthetic subject 01392,recipient017@example.test,synthetic_document_01392.pdf,Yes,Synthetic attorney-client,Yes
SYNLCPRV024-0005573,SYNLCPRV024-0005574,Synthetic Person 025,blind008@example.test,copy007@example.test,2025-02-22 09:30:00 -08:00,2025-02-22 09:31:00 -08:00,sender030@example.test,Synthetic title 01393,Synthetic subject 01393,recipient018@example.test,synthetic_document_01393.pdf,No,Synthetic work product,
SYNLCPRV024-0005577,SYNLCPRV024-0005579,Synthetic Person 026,blind009@example.test,copy008@example.test,2025-03-23 09:30:00 -08:00,2025-03-23 09:31:00 -08:00,sender031@example.test,Synthetic title 01394,Synthetic subject 01394,recipient019@example.test,synthetic_document_01394.pdf,Yes,Synthetic joint defense,
SYNLCPRV024-0005581,SYNLCPRV024-0005581,Synthetic Person 027,blind010@example.test,copy009@example.test,2025-04-24 09:30:00 -08:00,2025-04-24 09:31:00 -08:00,sender001@example.test,Synthetic title 01395,Synthetic subject 01395,recipient020@example.test,synthetic_document_01395.pdf,No,Synthetic attorney-client,
SYNLCPRV024-0005585,SYNLCPRV024-0005586,Synthetic Person 028,blind011@example.test,copy010@example.test,2025-05-25 09:30:00 -08:00,2025-05-25 09:31:00 -08:00,sender002@example.test,Synthetic title 01396,Synthetic subject 01396,recipient021@example.test,synthetic_document_01396.pdf,Yes,Synthetic work product,Yes
SYNLCPRV024-0005589,SYNLCPRV024-0005591,Synthetic Person 029,blind001@example.test,copy011@example.test,2025-06-26 09:30:00 -08:00,2025-06-26 09:31:00 -08:00,sender003@example.test,Synthetic title 01397,Synthetic subject 01397,recipient022@example.test,synthetic_document_01397.pdf,No,Synthetic joint defense,
SYNLCPRV024-0005593,SYNLCPRV024-0005593,Synthetic Person 030,blind002@example.test,copy012@example.test,2025-07-27 09:30:00 -08:00,2025-07-27 09:31:00 -08:00,sender004@example.test,Synthetic title 01398,Synthetic subject 01398,recipient023@example.test,synthetic_document_01398.pdf,Yes,Synthetic attorney-client,
SYNLCPRV024-0005597,SYNLCPRV024-0005598,Synthetic Person 031,blind003@example.test,copy013@example.test,2025-08-28 09:30:00 -08:00,2025-08-28 09:31:00 -08:00,sender005@example.test,Synthetic title 01399,Synthetic subject 01399,recipient024@example.test,synthetic_document_01399.pdf,No,Synthetic work product,
SYNLCPRV024-0005601,SYNLCPRV024-0005603,Synthetic Person 032,blind004@example.test,copy014@example.test,2025-09-01 09:30:00 -08:00,2025-09-01 09:31:00 -08:00,sender006@example.test,Synthetic title 01400,Synthetic subject 01400,recipient025@example.test,synthetic_document_01400.pdf,Yes,Synthetic joint defense,Yes
SYNLCPRV024-0005605,SYNLCPRV024-0005605,Synthetic Person 033,blind005@example.test,copy015@example.test,2025-10-02 09:30:00 -08:00,2025-10-02 09:31:00 -08:00,sender007@example.test,Synthetic title 01401,Synthetic subject 01401,recipient026@example.test,synthetic_document_01401.pdf,No,Synthetic attorney-client,
SYNLCPRV024-0005609,SYNLCPRV024-0005610,Synthetic Person 034,blind006@example.test,copy016@example.test,2025-11-03 09:30:00 -08:00,2025-11-03 09:31:00 -08:00,sender008@example.test,Synthetic title 01402,Synthetic subject 01402,recipient027@example.test,synthetic_document_01402.pdf,Yes,Synthetic work product,
SYNLCPRV024-0005613,SYNLCPRV024-0005615,Synthetic Person 035,blind007@example.test,copy017@example.test,2025-12-04 09:30:00 -08:00,2025-12-04 09:31:00 -08:00,sender009@example.test,Synthetic title 01403,Synthetic subject 01403,recipient028@example.test,synthetic_document_01403.pdf,No,Synthetic joint defense,
SYNLCPRV024-0005617,SYNLCPRV024-0005617,Synthetic Person 036,blind008@example.test,copy018@example.test,2025-01-05 09:30:00 -08:00,2025-01-05 09:31:00 -08:00,sender010@example.test,Synthetic title 01404,Synthetic subject 01404,recipient029@example.test,synthetic_document_01404.pdf,Yes,Synthetic attorney-client,Yes
SYNLCPRV024-0005621,SYNLCPRV024-0005622,Synthetic Person 037,blind009@example.test,copy019@example.test,2025-02-06 09:30:00 -08:00,2025-02-06 09:31:00 -08:00,sender011@example.test,Synthetic title 01405,Synthetic subject 01405,recipient030@example.test,synthetic_document_01405.pdf,No,Synthetic work product,
SYNLCPRV024-0005625,SYNLCPRV024-0005627,Synthetic Person 001,blind010@example.test,copy001@example.test,2025-03-07 09:30:00 -08:00,2025-03-07 09:31:00 -08:00,sender012@example.test,Synthetic title 01406,Synthetic subject 01406,recipient031@example.test,synthetic_document_01406.pdf,Yes,Synthetic joint defense,
SYNLCPRV024-0005629,SYNLCPRV024-0005629,Synthetic Person 002,blind011@example.test,copy002@example.test,2025-04-08 09:30:00 -08:00,2025-04-08 09:31:00 -08:00,sender013@example.test,Synthetic title 01407,Synthetic subject 01407,recipient032@example.test,synthetic_document_01407.pdf,No,Synthetic attorney-client,
SYNLCPRV024-0005633,SYNLCPRV024-0005634,Synthetic Person 003,blind001@example.test,copy003@example.test,2025-05-09 09:30:00 -08:00,2025-05-09 09:31:00 -08:00,sender014@example.test,Synthetic title 01408,Synthetic subject 01408,recipient033@example.test,synthetic_document_01408.pdf,Yes,Synthetic work product,Yes
SYNLCPRV024-0005637,SYNLCPRV024-0005639,Synthetic Person 004,blind002@example.test,copy004@example.test,2025-06-10 09:30:00 -08:00,2025-06-10 09:31:00 -08:00,sender015@example.test,Synthetic title 01409,Synthetic subject 01409,recipient034@example.test,synthetic_document_01409.pdf,No,Synthetic joint defense,
SYNLCPRV024-0005641,SYNLCPRV024-0005641,Synthetic Person 005,blind003@example.test,copy005@example.test,2025-07-11 09:30:00 -08:00,2025-07-11 09:31:00 -08:00,sender016@example.test,Synthetic title 01410,Synthetic subject 01410,recipient035@example.test,synthetic_document_01410.pdf,Yes,Synthetic attorney-client,
SYNLCPRV024-0005645,SYNLCPRV024-0005646,Synthetic Person 006,blind004@example.test,copy006@example.test,2025-08-12 09:30:00 -08:00,2025-08-12 09:31:00 -08:00,sender017@example.test,Synthetic title 01411,Synthetic subject 01411,recipient036@example.test,synthetic_document_01411.pdf,No,Synthetic work product,
SYNLCPRV024-0005649,SYNLCPRV024-0005651,Synthetic Person 007,blind005@example.test,copy007@example.test,2025-09-13 09:30:00 -08:00,2025-09-13 09:31:00 -08:00,sender018@example.test,Synthetic title 01412,Synthetic subject 01412,recipient037@example.test,synthetic_document_01412.pdf,Yes,Synthetic joint defense,Yes
SYNLCPRV024-0005653,SYNLCPRV024-0005653,Synthetic Person 008,blind006@example.test,copy008@example.test,2025-10-14 09:30:00 -08:00,2025-10-14 09:31:00 -08:00,sender019@example.test,Synthetic title 01413,Synthetic subject 01413,recipient038@example.test,synthetic_document_01413.pdf,No,Synthetic attorney-client,
SYNLCPRV024-0005657,SYNLCPRV024-0005658,Synthetic Person 009,blind007@example.test,copy009@example.test,2025-11-15 09:30:00 -08:00,2025-11-15 09:31:00 -08:00,sender020@example.test,Synthetic title 01414,Synthetic subject 01414,recipient039@example.test,synthetic_document_01414.pdf,Yes,Synthetic work product,
SYNLCPRV024-0005661,SYNLCPRV024-0005663,Synthetic Person 010,blind008@example.test,copy010@example.test,2025-12-16 09:30:00 -08:00,2025-12-16 09:31:00 -08:00,sender021@example.test,Synthetic title 01415,Synthetic subject 01415,recipient040@example.test,synthetic_document_01415.pdf,No,Synthetic joint defense,
SYNLCPRV024-0005665,SYNLCPRV024-0005665,Synthetic Person 011,blind009@example.test,copy011@example.test,2025-01-17 09:30:00 -08:00,2025-01-17 09:31:00 -08:00,sender022@example.test,Synthetic title 01416,Synthetic subject 01416,recipient041@example.test,synthetic_document_01416.pdf,Yes,Synthetic attorney-client,Yes
SYNLCPRV024-0005669,SYNLCPRV024-0005670,Synthetic Person 012,blind010@example.test,copy012@example.test,2025-02-18 09:30:00 -08:00,2025-02-18 09:31:00 -08:00,sender023@example.test,Synthetic title 01417,Synthetic subject 01417,recipient042@example.test,synthetic_document_01417.pdf,No,Synthetic work product,
SYNLCPRV024-0005673,SYNLCPRV024-0005675,Synthetic Person 013,blind011@example.test,copy013@example.test,2025-03-19 09:30:00 -08:00,2025-03-19 09:31:00 -08:00,sender024@example.test,Synthetic title 01418,Synthetic subject 01418,recipient043@example.test,synthetic_document_01418.pdf,Yes,Synthetic joint defense,
SYNLCPRV024-0005677,SYNLCPRV024-0005677,Synthetic Person 014,blind001@example.test,copy014@example.test,2025-04-20 09:30:00 -08:00,2025-04-20 09:31:00 -08:00,sender025@example.test,Synthetic title 01419,Synthetic subject 01419,recipient001@example.test,synthetic_document_01419.pdf,No,Synthetic attorney-client,
SYNLCPRV024-0005681,SYNLCPRV024-0005682,Synthetic Person 015,blind002@example.test,copy015@example.test,2025-05-21 09:30:00 -08:00,2025-05-21 09:31:00 -08:00,sender026@example.test,Synthetic title 01420,Synthetic subject 01420,recipient002@example.test,synthetic_document_01420.pdf,Yes,Synthetic work product,Yes
SYNLCPRV024-0005685,SYNLCPRV024-0005687,Synthetic Person 016,blind003@example.test,copy016@example.test,2025-06-22 09:30:00 -08:00,2025-06-22 09:31:00 -08:00,sender027@example.test,Synthetic title 01421,Synthetic subject 01421,recipient003@example.test,synthetic_document_01421.pdf,No,Synthetic joint defense,
SYNLCPRV024-0005689,SYNLCPRV024-0005689,Synthetic Person 017,blind004@example.test,copy017@example.test,2025-07-23 09:30:00 -08:00,2025-07-23 09:31:00 -08:00,sender028@example.test,Synthetic title 01422,Synthetic subject 01422,recipient004@example.test,synthetic_document_01422.pdf,Yes,Synthetic attorney-client,
SYNLCPRV024-0005693,SYNLCPRV024-0005694,Synthetic Person 018,blind005@example.test,copy018@example.test,2025-08-24 09:30:00 -08:00,2025-08-24 09:31:00 -08:00,sender029@example.test,Synthetic title 01423,Synthetic subject 01423,recipient005@example.test,synthetic_document_01423.pdf,No,Synthetic work product,
SYNLCPRV024-0005697,SYNLCPRV024-0005699,Synthetic Person 019,blind006@example.test,copy019@example.test,2025-09-25 09:30:00 -08:00,2025-09-25 09:31:00 -08:00,sender030@example.test,Synthetic title 01424,Synthetic subject 01424,recipient006@example.test,synthetic_document_01424.pdf,Yes,Synthetic joint defense,Yes
SYNLCPRV024-0005701,SYNLCPRV024-0005701,Synthetic Person 020,blind007@example.test,copy001@example.test,2025-10-26 09:30:00 -08:00,2025-10-26 09:31:00 -08:00,sender031@example.test,Synthetic title 01425,Synthetic subject 01425,recipient007@example.test,synthetic_document_01425.pdf,No,Synthetic attorney-client,
SYNLCPRV024-0005705,SYNLCPRV024-0005706,Synthetic Person 021,blind008@example.test,copy002@example.test,2025-11-27 09:30:00 -08:00,2025-11-27 09:31:00 -08:00,sender001@example.test,Synthetic title 01426,Synthetic subject 01426,recipient008@example.test,synthetic_document_01426.pdf,Yes,Synthetic work product,
SYNLCPRV024-0005709,SYNLCPRV024-0005711,Synthetic Person 022,blind009@example.test,copy003@example.test,2025-12-28 09:30:00 -08:00,2025-12-28 09:31:00 -08:00,sender002@example.test,Synthetic title 01427,Synthetic subject 01427,recipient009@example.test,synthetic_document_01427.pdf,No,Synthetic joint defense,
SYNLCPRV024-0005713,SYNLCPRV024-0005713,Synthetic Person 023,blind010@example.test,copy004@example.test,2025-01-01 09:30:00 -08:00,2025-01-01 09:31:00 -08:00,sender003@example.test,Synthetic title 01428,Synthetic subject 01428,recipient010@example.test,synthetic_document_01428.pdf,Yes,Synthetic attorney-client,Yes
SYNLCPRV024-0005717,SYNLCPRV024-0005718,Synthetic Person 024,blind011@example.test,copy005@example.test,2025-02-02 09:30:00 -08:00,2025-02-02 09:31:00 -08:00,sender004@example.test,Synthetic title 01429,Synthetic subject 01429,recipient011@example.test,synthetic_document_01429.pdf,No,Synthetic work product,
SYNLCPRV024-0005721,SYNLCPRV024-0005723,Synthetic Person 025,blind001@example.test,copy006@example.test,2025-03-03 09:30:00 -08:00,2025-03-03 09:31:00 -08:00,sender005@example.test,Synthetic title 01430,Synthetic subject 01430,recipient012@example.test,synthetic_document_01430.pdf,Yes,Synthetic joint defense,
SYNLCPRV024-0005725,SYNLCPRV024-0005725,Synthetic Person 026,blind002@example.test,copy007@example.test,2025-04-04 09:30:00 -08:00,2025-04-04 09:31:00 -08:00,sender006@example.test,Synthetic title 01431,Synthetic subject 01431,recipient013@example.test,synthetic_document_01431.pdf,No,Synthetic attorney-client,
SYNLCPRV024-0005729,SYNLCPRV024-0005730,Synthetic Person 027,blind003@example.test,copy008@example.test,2025-05-05 09:30:00 -08:00,2025-05-05 09:31:00 -08:00,sender007@example.test,Synthetic title 01432,Synthetic subject 01432,recipient014@example.test,synthetic_document_01432.pdf,Yes,Synthetic work product,Yes
SYNLCPRV024-0005733,SYNLCPRV024-0005735,Synthetic Person 028,blind004@example.test,copy009@example.test,2025-06-06 09:30:00 -08:00,2025-06-06 09:31:00 -08:00,sender008@example.test,Synthetic title 01433,Synthetic subject 01433,recipient015@example.test,synthetic_document_01433.pdf,No,Synthetic joint defense,
SYNLCPRV024-0005737,SYNLCPRV024-0005737,Synthetic Person 029,blind005@example.test,copy010@example.test,2025-07-07 09:30:00 -08:00,2025-07-07 09:31:00 -08:00,sender009@example.test,Synthetic title 01434,Synthetic subject 01434,recipient016@example.test,synthetic_document_01434.pdf,Yes,Synthetic attorney-client,
SYNLCPRV024-0005741,SYNLCPRV024-0005742,Synthetic Person 030,blind006@example.test,copy011@example.test,2025-08-08 09:30:00 -08:00,2025-08-08 09:31:00 -08:00,sender010@example.test,Synthetic title 01435,Synthetic subject 01435,recipient017@example.test,synthetic_document_01435.pdf,No,Synthetic work product,
SYNLCPRV024-0005745,SYNLCPRV024-0005747,Synthetic Person 031,blind007@example.test,copy012@example.test,2025-09-09 09:30:00 -08:00,2025-09-09 09:31:00 -08:00,sender011@example.test,Synthetic title 01436,Synthetic subject 01436,recipient018@example.test,synthetic_document_01436.pdf,Yes,Synthetic joint defense,Yes
SYNLCPRV024-0005749,SYNLCPRV024-0005749,Synthetic Person 032,blind008@example.test,copy013@example.test,2025-10-10 09:30:00 -08:00,2025-10-10 09:31:00 -08:00,sender012@example.test,Synthetic title 01437,Synthetic subject 01437,recipient019@example.test,synthetic_document_01437.pdf,No,Synthetic attorney-client,
SYNLCPRV024-0005753,SYNLCPRV024-0005754,Synthetic Person 033,blind009@example.test,copy014@example.test,2025-11-11 09:30:00 -08:00,2025-11-11 09:31:00 -08:00,sender013@example.test,Synthetic title 01438,Synthetic subject 01438,recipient020@example.test,synthetic_document_01438.pdf,Yes,Synthetic work product,
SYNLCPRV024-0005757,SYNLCPRV024-0005759,Synthetic Person 034,blind010@example.test,copy015@example.test,2025-12-12 09:30:00 -08:00,2025-12-12 09:31:00 -08:00,sender014@example.test,Synthetic title 01439,Synthetic subject 01439,recipient021@example.test,synthetic_document_01439.pdf,No,Synthetic joint defense,
SYNLCPRV024-0005761,SYNLCPRV024-0005761,Synthetic Person 035,blind011@example.test,copy016@example.test,2025-01-13 09:30:00 -08:00,2025-01-13 09:31:00 -08:00,sender015@example.test,Synthetic title 01440,Synthetic subject 01440,recipient022@example.test,synthetic_document_01440.pdf,Yes,Synthetic attorney-client,Yes
SYNLCPRV024-0005765,SYNLCPRV024-0005766,Synthetic Person 036,blind001@example.test,copy017@example.test,2025-02-14 09:30:00 -08:00,2025-02-14 09:31:00 -08:00,sender016@example.test,Synthetic title 01441,Synthetic subject 01441,recipient023@example.test,synthetic_document_01441.pdf,No,Synthetic work product,
SYNLCPRV024-0005769,SYNLCPRV024-0005771,Synthetic Person 037,blind002@example.test,copy018@example.test,2025-03-15 09:30:00 -08:00,2025-03-15 09:31:00 -08:00,sender017@example.test,Synthetic title 01442,Synthetic subject 01442,recipient024@example.test,synthetic_document_01442.pdf,Yes,Synthetic joint defense,
SYNLCPRV024-0005773,SYNLCPRV024-0005773,Synthetic Person 001,blind003@example.test,copy019@example.test,2025-04-16 09:30:00 -08:00,2025-04-16 09:31:00 -08:00,sender018@example.test,Synthetic title 01443,Synthetic subject 01443,recipient025@example.test,synthetic_document_01443.pdf,No,Synthetic attorney-client,
SYNLCPRV024-0005777,SYNLCPRV024-0005778,Synthetic Person 002,blind004@example.test,copy001@example.test,2025-05-17 09:30:00 -08:00,2025-05-17 09:31:00 -08:00,sender019@example.test,Synthetic title 01444,Synthetic subject 01444,recipient026@example.test,synthetic_document_01444.pdf,Yes,Synthetic work product,Yes
SYNLCPRV024-0005781,SYNLCPRV024-0005783,Synthetic Person 003,blind005@example.test,copy002@example.test,2025-06-18 09:30:00 -08:00,2025-06-18 09:31:00 -08:00,sender020@example.test,Synthetic title 01445,Synthetic subject 01445,recipient027@example.test,synthetic_document_01445.pdf,No,Synthetic joint defense,
SYNLCPRV024-0005785,SYNLCPRV024-0005785,Synthetic Person 004,blind006@example.test,copy003@example.test,2025-07-19 09:30:00 -08:00,2025-07-19 09:31:00 -08:00,sender021@example.test,Synthetic title 01446,Synthetic subject 01446,recipient028@example.test,synthetic_document_01446.pdf,Yes,Synthetic attorney-client,
SYNLCPRV024-0005789,SYNLCPRV024-0005790,Synthetic Person 005,blind007@example.test,copy004@example.test,2025-08-20 09:30:00 -08:00,2025-08-20 09:31:00 -08:00,sender022@example.test,Synthetic title 01447,Synthetic subject 01447,recipient029@example.test,synthetic_document_01447.pdf,No,Synthetic work product,
SYNLCPRV024-0005793,SYNLCPRV024-0005795,Synthetic Person 006,blind008@example.test,copy005@example.test,2025-09-21 09:30:00 -08:00,2025-09-21 09:31:00 -08:00,sender023@example.test,Synthetic title 01448,Synthetic subject 01448,recipient030@example.test,synthetic_document_01448.pdf,Yes,Synthetic joint defense,Yes
SYNLCPRV024-0005797,SYNLCPRV024-0005797,Synthetic Person 007,blind009@example.test,copy006@example.test,2025-10-22 09:30:00 -08:00,2025-10-22 09:31:00 -08:00,sender024@example.test,Synthetic title 01449,Synthetic subject 01449,recipient031@example.test,synthetic_document_01449.pdf,No,Synthetic attorney-client,
SYNLCPRV024-0005801,SYNLCPRV024-0005802,Synthetic Person 008,blind010@example.test,copy007@example.test,2025-11-23 09:30:00 -08:00,2025-11-23 09:31:00 -08:00,sender025@example.test,Synthetic title 01450,Synthetic subject 01450,recipient032@example.test,synthetic_document_01450.pdf,Yes,Synthetic work product,
SYNLCPRV024-0005805,SYNLCPRV024-0005807,Synthetic Person 009,blind011@example.test,copy008@example.test,2025-12-24 09:30:00 -08:00,2025-12-24 09:31:00 -08:00,sender026@example.test,Synthetic title 01451,Synthetic subject 01451,recipient033@example.test,synthetic_document_01451.pdf,No,Synthetic joint defense,
SYNLCPRV024-0005809,SYNLCPRV024-0005809,Synthetic Person 010,blind001@example.test,copy009@example.test,2025-01-25 09:30:00 -08:00,2025-01-25 09:31:00 -08:00,sender027@example.test,Synthetic title 01452,Synthetic subject 01452,recipient034@example.test,synthetic_document_01452.pdf,Yes,Synthetic attorney-client,Yes
SYNLCPRV024-0005813,SYNLCPRV024-0005814,Synthetic Person 011,blind002@example.test,copy010@example.test,2025-02-26 09:30:00 -08:00,2025-02-26 09:31:00 -08:00,sender028@example.test,Synthetic title 01453,Synthetic subject 01453,recipient035@example.test,synthetic_document_01453.pdf,No,Synthetic work product,
SYNLCPRV024-0005817,SYNLCPRV024-0005819,Synthetic Person 012,blind003@example.test,copy011@example.test,2025-03-27 09:30:00 -08:00,2025-03-27 09:31:00 -08:00,sender029@example.test,Synthetic title 01454,Synthetic subject 01454,recipient036@example.test,synthetic_document_01454.pdf,Yes,Synthetic joint defense,
SYNLCPRV024-0005821,SYNLCPRV024-0005821,Synthetic Person 013,blind004@example.test,copy012@example.test,2025-04-28 09:30:00 -08:00,2025-04-28 09:31:00 -08:00,sender030@example.test,Synthetic title 01455,Synthetic subject 01455,recipient037@example.test,synthetic_document_01455.pdf,No,Synthetic attorney-client,
SYNLCPRV024-0005825,SYNLCPRV024-0005826,Synthetic Person 014,blind005@example.test,copy013@example.test,2025-05-01 09:30:00 -08:00,2025-05-01 09:31:00 -08:00,sender031@example.test,Synthetic title 01456,Synthetic subject 01456,recipient038@example.test,synthetic_document_01456.pdf,Yes,Synthetic work product,Yes
SYNLCPRV024-0005829,SYNLCPRV024-0005831,Synthetic Person 015,blind006@example.test,copy014@example.test,2025-06-02 09:30:00 -08:00,2025-06-02 09:31:00 -08:00,sender001@example.test,Synthetic title 01457,Synthetic subject 01457,recipient039@example.test,synthetic_document_01457.pdf,No,Synthetic joint defense,
SYNLCPRV024-0005833,SYNLCPRV024-0005833,Synthetic Person 016,blind007@example.test,copy015@example.test,2025-07-03 09:30:00 -08:00,2025-07-03 09:31:00 -08:00,sender002@example.test,Synthetic title 01458,Synthetic subject 01458,recipient040@example.test,synthetic_document_01458.pdf,Yes,Synthetic attorney-client,
SYNLCPRV024-0005837,SYNLCPRV024-0005838,Synthetic Person 017,blind008@example.test,copy016@example.test,2025-08-04 09:30:00 -08:00,2025-08-04 09:31:00 -08:00,sender003@example.test,Synthetic title 01459,Synthetic subject 01459,recipient041@example.test,synthetic_document_01459.pdf,No,Synthetic work product,
SYNLCPRV024-0005841,SYNLCPRV024-0005843,Synthetic Person 018,blind009@example.test,copy017@example.test,2025-09-05 09:30:00 -08:00,2025-09-05 09:31:00 -08:00,sender004@example.test,Synthetic title 01460,Synthetic subject 01460,recipient042@example.test,synthetic_document_01460.pdf,Yes,Synthetic joint defense,Yes
SYNLCPRV024-0005845,SYNLCPRV024-0005845,Synthetic Person 019,blind010@example.test,copy018@example.test,2025-10-06 09:30:00 -08:00,2025-10-06 09:31:00 -08:00,sender005@example.test,Synthetic title 01461,Synthetic subject 01461,recipient043@example.test,synthetic_document_01461.pdf,No,Synthetic attorney-client,
SYNLCPRV024-0005849,SYNLCPRV024-0005850,Synthetic Person 020,blind011@example.test,copy019@example.test,2025-11-07 09:30:00 -08:00,2025-11-07 09:31:00 -08:00,sender006@example.test,Synthetic title 01462,Synthetic subject 01462,recipient001@example.test,synthetic_document_01462.pdf,Yes,Synthetic work product,
SYNLCPRV024-0005853,SYNLCPRV024-0005855,Synthetic Person 021,blind001@example.test,copy001@example.test,2025-12-08 09:30:00 -08:00,2025-12-08 09:31:00 -08:00,sender007@example.test,Synthetic title 01463,Synthetic subject 01463,recipient002@example.test,synthetic_document_01463.pdf,No,Synthetic joint defense,
SYNLCPRV024-0005857,SYNLCPRV024-0005857,Synthetic Person 022,blind002@example.test,copy002@example.test,2025-01-09 09:30:00 -08:00,2025-01-09 09:31:00 -08:00,sender008@example.test,Synthetic title 01464,Synthetic subject 01464,recipient003@example.test,synthetic_document_01464.pdf,Yes,Synthetic attorney-client,Yes
SYNLCPRV024-0005861,SYNLCPRV024-0005862,Synthetic Person 023,blind003@example.test,copy003@example.test,2025-02-10 09:30:00 -08:00,2025-02-10 09:31:00 -08:00,sender009@example.test,Synthetic title 01465,Synthetic subject 01465,recipient004@example.test,synthetic_document_01465.pdf,No,Synthetic work product,
SYNLCPRV024-0005865,SYNLCPRV024-0005867,Synthetic Person 024,blind004@example.test,copy004@example.test,2025-03-11 09:30:00 -08:00,2025-03-11 09:31:00 -08:00,sender010@example.test,Synthetic title 01466,Synthetic subject 01466,recipient005@example.test,synthetic_document_01466.pdf,Yes,Synthetic joint defense,
SYNLCPRV024-0005869,SYNLCPRV024-0005869,Synthetic Person 025,blind005@example.test,copy005@example.test,2025-04-12 09:30:00 -08:00,2025-04-12 09:31:00 -08:00,sender011@example.test,Synthetic title 01467,Synthetic subject 01467,recipient006@example.test,synthetic_document_01467.pdf,No,Synthetic attorney-client,
SYNLCPRV024-0005873,SYNLCPRV024-0005874,Synthetic Person 026,blind006@example.test,copy006@example.test,2025-05-13 09:30:00 -08:00,2025-05-13 09:31:00 -08:00,sender012@example.test,Synthetic title 01468,Synthetic subject 01468,recipient007@example.test,synthetic_document_01468.pdf,Yes,Synthetic work product,Yes
SYNLCPRV024-0005877,SYNLCPRV024-0005879,Synthetic Person 027,blind007@example.test,copy007@example.test,2025-06-14 09:30:00 -08:00,2025-06-14 09:31:00 -08:00,sender013@example.test,Synthetic title 01469,Synthetic subject 01469,recipient008@example.test,synthetic_document_01469.pdf,No,Synthetic joint defense,
SYNLCPRV024-0005881,SYNLCPRV024-0005881,Synthetic Person 028,blind008@example.test,copy008@example.test,2025-07-15 09:30:00 -08:00,2025-07-15 09:31:00 -08:00,sender014@example.test,Synthetic title 01470,Synthetic subject 01470,recipient009@example.test,synthetic_document_01470.pdf,Yes,Synthetic attorney-client,
SYNLCPRV024-0005885,SYNLCPRV024-0005886,Synthetic Person 029,blind009@example.test,copy009@example.test,2025-08-16 09:30:00 -08:00,2025-08-16 09:31:00 -08:00,sender015@example.test,Synthetic title 01471,Synthetic subject 01471,recipient010@example.test,synthetic_document_01471.pdf,No,Synthetic work product,
SYNLCPRV024-0005889,SYNLCPRV024-0005891,Synthetic Person 030,blind010@example.test,copy010@example.test,2025-09-17 09:30:00 -08:00,2025-09-17 09:31:00 -08:00,sender016@example.test,Synthetic title 01472,Synthetic subject 01472,recipient011@example.test,synthetic_document_01472.pdf,Yes,Synthetic joint defense,Yes
SYNLCPRV024-0005893,SYNLCPRV024-0005893,Synthetic Person 031,blind011@example.test,copy011@example.test,2025-10-18 09:30:00 -08:00,2025-10-18 09:31:00 -08:00,sender017@example.test,Synthetic title 01473,Synthetic subject 01473,recipient012@example.test,synthetic_document_01473.pdf,No,Synthetic attorney-client,
SYNLCPRV024-0005897,SYNLCPRV024-0005898,Synthetic Person 032,blind001@example.test,copy012@example.test,2025-11-19 09:30:00 -08:00,2025-11-19 09:31:00 -08:00,sender018@example.test,Synthetic title 01474,Synthetic subject 01474,recipient013@example.test,synthetic_document_01474.pdf,Yes,Synthetic work product,
SYNLCPRV024-0005901,SYNLCPRV024-0005903,Synthetic Person 033,blind002@example.test,copy013@example.test,2025-12-20 09:30:00 -08:00,2025-12-20 09:31:00 -08:00,sender019@example.test,Synthetic title 01475,Synthetic subject 01475,recipient014@example.test,synthetic_document_01475.pdf,No,Synthetic joint defense,
SYNLCPRV024-0005905,SYNLCPRV024-0005905,Synthetic Person 034,blind003@example.test,copy014@example.test,2025-01-21 09:30:00 -08:00,2025-01-21 09:31:00 -08:00,sender020@example.test,Synthetic title 01476,Synthetic subject 01476,recipient015@example.test,synthetic_document_01476.pdf,Yes,Synthetic attorney-client,Yes
SYNLCPRV024-0005909,SYNLCPRV024-0005910,Synthetic Person 035,blind004@example.test,copy015@example.test,2025-02-22 09:30:00 -08:00,2025-02-22 09:31:00 -08:00,sender021@example.test,Synthetic title 01477,Synthetic subject 01477,recipient016@example.test,synthetic_document_01477.pdf,No,Synthetic work product,
SYNLCPRV024-0005913,SYNLCPRV024-0005915,Synthetic Person 036,blind005@example.test,copy016@example.test,2025-03-23 09:30:00 -08:00,2025-03-23 09:31:00 -08:00,sender022@example.test,Synthetic title 01478,Synthetic subject 01478,recipient017@example.test,synthetic_document_01478.pdf,Yes,Synthetic joint defense,
SYNLCPRV024-0005917,SYNLCPRV024-0005917,Synthetic Person 037,blind006@example.test,copy017@example.test,2025-04-24 09:30:00 -08:00,2025-04-24 09:31:00 -08:00,sender023@example.test,Synthetic title 01479,Synthetic subject 01479,recipient018@example.test,synthetic_document_01479.pdf,No,Synthetic attorney-client,
SYNLCPRV024-0005921,SYNLCPRV024-0005922,Synthetic Person 001,blind007@example.test,copy018@example.test,2025-05-25 09:30:00 -08:00,2025-05-25 09:31:00 -08:00,sender024@example.test,Synthetic title 01480,Synthetic subject 01480,recipient019@example.test,synthetic_document_01480.pdf,Yes,Synthetic work product,Yes
SYNLCPRV024-0005925,SYNLCPRV024-0005927,Synthetic Person 002,blind008@example.test,copy019@example.test,2025-06-26 09:30:00 -08:00,2025-06-26 09:31:00 -08:00,sender025@example.test,Synthetic title 01481,Synthetic subject 01481,recipient020@example.test,synthetic_document_01481.pdf,No,Synthetic joint defense,
SYNLCPRV024-0005929,SYNLCPRV024-0005929,Synthetic Person 003,blind009@example.test,copy001@example.test,2025-07-27 09:30:00 -08:00,2025-07-27 09:31:00 -08:00,sender026@example.test,Synthetic title 01482,Synthetic subject 01482,recipient021@example.test,synthetic_document_01482.pdf,Yes,Synthetic attorney-client,
SYNLCPRV024-0005933,SYNLCPRV024-0005934,Synthetic Person 004,blind010@example.test,copy002@example.test,2025-08-28 09:30:00 -08:00,2025-08-28 09:31:00 -08:00,sender027@example.test,Synthetic title 01483,Synthetic subject 01483,recipient022@example.test,synthetic_document_01483.pdf,No,Synthetic work product,
SYNLCPRV024-0005937,SYNLCPRV024-0005939,Synthetic Person 005,blind011@example.test,copy003@example.test,2025-09-01 09:30:00 -08:00,2025-09-01 09:31:00 -08:00,sender028@example.test,Synthetic title 01484,Synthetic subject 01484,recipient023@example.test,synthetic_document_01484.pdf,Yes,Synthetic joint defense,Yes
SYNLCPRV024-0005941,SYNLCPRV024-0005941,Synthetic Person 006,blind001@example.test,copy004@example.test,2025-10-02 09:30:00 -08:00,2025-10-02 09:31:00 -08:00,sender029@example.test,Synthetic title 01485,Synthetic subject 01485,recipient024@example.test,synthetic_document_01485.pdf,No,Synthetic attorney-client,
SYNLCPRV024-0005945,SYNLCPRV024-0005946,Synthetic Person 007,blind002@example.test,copy005@example.test,2025-11-03 09:30:00 -08:00,2025-11-03 09:31:00 -08:00,sender030@example.test,Synthetic title 01486,Synthetic subject 01486,recipient025@example.test,synthetic_document_01486.pdf,Yes,Synthetic work product,
SYNLCPRV024-0005949,SYNLCPRV024-0005951,Synthetic Person 008,blind003@example.test,copy006@example.test,2025-12-04 09:30:00 -08:00,2025-12-04 09:31:00 -08:00,sender031@example.test,Synthetic title 01487,Synthetic subject 01487,recipient026@example.test,synthetic_document_01487.pdf,No,Synthetic joint defense,
SYNLCPRV024-0005953,SYNLCPRV024-0005953,Synthetic Person 009,blind004@example.test,copy007@example.test,2025-01-05 09:30:00 -08:00,2025-01-05 09:31:00 -08:00,sender001@example.test,Synthetic title 01488,Synthetic subject 01488,recipient027@example.test,synthetic_document_01488.pdf,Yes,Synthetic attorney-client,Yes
SYNLCPRV024-0005957,SYNLCPRV024-0005958,Synthetic Person 010,blind005@example.test,copy008@example.test,2025-02-06 09:30:00 -08:00,2025-02-06 09:31:00 -08:00,sender002@example.test,Synthetic title 01489,Synthetic subject 01489,recipient028@example.test,synthetic_document_01489.pdf,No,Synthetic work product,
SYNLCPRV024-0005961,SYNLCPRV024-0005963,Synthetic Person 011,blind006@example.test,copy009@example.test,2025-03-07 09:30:00 -08:00,2025-03-07 09:31:00 -08:00,sender003@example.test,Synthetic title 01490,Synthetic subject 01490,recipient029@example.test,synthetic_document_01490.pdf,Yes,Synthetic joint defense,
SYNLCPRV024-0005965,SYNLCPRV024-0005965,Synthetic Person 012,blind007@example.test,copy010@example.test,2025-04-08 09:30:00 -08:00,2025-04-08 09:31:00 -08:00,sender004@example.test,Synthetic title 01491,Synthetic subject 01491,recipient030@example.test,synthetic_document_01491.pdf,No,Synthetic attorney-client,
SYNLCPRV024-0005969,SYNLCPRV024-0005970,Synthetic Person 013,blind008@example.test,copy011@example.test,2025-05-09 09:30:00 -08:00,2025-05-09 09:31:00 -08:00,sender005@example.test,Synthetic title 01492,Synthetic subject 01492,recipient031@example.test,synthetic_document_01492.pdf,Yes,Synthetic work product,Yes
SYNLCPRV024-0005973,SYNLCPRV024-0005975,Synthetic Person 014,blind009@example.test,copy012@example.test,2025-06-10 09:30:00 -08:00,2025-06-10 09:31:00 -08:00,sender006@example.test,Synthetic title 01493,Synthetic subject 01493,recipient032@example.test,synthetic_document_01493.pdf,No,Synthetic joint defense,
SYNLCPRV024-0005977,SYNLCPRV024-0005977,Synthetic Person 015,blind010@example.test,copy013@example.test,2025-07-11 09:30:00 -08:00,2025-07-11 09:31:00 -08:00,sender007@example.test,Synthetic title 01494,Synthetic subject 01494,recipient033@example.test,synthetic_document_01494.pdf,Yes,Synthetic attorney-client,
SYNLCPRV024-0005981,SYNLCPRV024-0005982,Synthetic Person 016,blind011@example.test,copy014@example.test,2025-08-12 09:30:00 -08:00,2025-08-12 09:31:00 -08:00,sender008@example.test,Synthetic title 01495,Synthetic subject 01495,recipient034@example.test,synthetic_document_01495.pdf,No,Synthetic work product,
SYNLCPRV024-0005985,SYNLCPRV024-0005987,Synthetic Person 017,blind001@example.test,copy015@example.test,2025-09-13 09:30:00 -08:00,2025-09-13 09:31:00 -08:00,sender009@example.test,Synthetic title 01496,Synthetic subject 01496,recipient035@example.test,synthetic_document_01496.pdf,Yes,Synthetic joint defense,Yes
SYNLCPRV024-0005989,SYNLCPRV024-0005989,Synthetic Person 018,blind002@example.test,copy016@example.test,2025-10-14 09:30:00 -08:00,2025-10-14 09:31:00 -08:00,sender010@example.test,Synthetic title 01497,Synthetic subject 01497,recipient036@example.test,synthetic_document_01497.pdf,No,Synthetic attorney-client,
SYNLCPRV024-0005993,SYNLCPRV024-0005994,Synthetic Person 019,blind003@example.test,copy017@example.test,2025-11-15 09:30:00 -08:00,2025-11-15 09:31:00 -08:00,sender011@example.test,Synthetic title 01498,Synthetic subject 01498,recipient037@example.test,synthetic_document_01498.pdf,Yes,Synthetic work product,
SYNLCPRV024-0005997,SYNLCPRV024-0005999,Synthetic Person 020,blind004@example.test,copy018@example.test,2025-12-16 09:30:00 -08:00,2025-12-16 09:31:00 -08:00,sender012@example.test,Synthetic title 01499,Synthetic subject 01499,recipient038@example.test,synthetic_document_01499.pdf,No,Synthetic joint defense,
"SYNTHETIC-UNTERMINATED,field
