Begin Bates num from SYNTHETIC_PROD_001,End Bates num from SYNTHETIC_PROD_001,Date,File Name,Email From,Email To,Email CC,Email BCC,Email Subject,Tag: Privilege - Redact,Tag: Privilege - Withhold,Tag: AC-WP,Tag: Attorney-Client,Tag: Synthetic Privacy
SYNEWPRV024-0000001,SYNEWPRV024-0000001,2025-01-01,synthetic_document_00000.pdf,sender001@example.test,recipient001@example.test,copy001@example.test,blind001@example.test,Synthetic subject 00000,Yes,,Yes,,Yes
SYNEWPRV024-0000005,SYNEWPRV024-0000006,2025-02-02,synthetic_document_00001.pdf,sender002@example.test,recipient002@example.test,copy002@example.test,blind002@example.test,Synthetic subject 00001,,Yes,,Yes,
SYNEWPRV024-0000009,SYNEWPRV024-0000011,2025-03-03,synthetic_document_00002.pdf,sender003@example.test,recipient003@example.test,copy003@example.test,blind003@example.test,Synthetic subject 00002,,,,,
SYNEWPRV024-0000013,SYNEWPRV024-0000013,2025-04-04,synthetic_document_00003.pdf,sender004@example.test,recipient004@example.test,copy004@example.test,blind004@example.test,Synthetic subject 00003,,,Yes,,
SYNEWPRV024-0000017,SYNEWPRV024-0000018,2025-05-05,synthetic_document_00004.pdf,sender005@example.test,recipient005@example.test,copy005@example.test,blind005@example.test,Synthetic subject 00004,Yes,,,Yes,
SYNEWPRV024-0000021,SYNEWPRV024-0000023,2025-06-06,synthetic_document_00005.pdf,sender006@example.test,recipient006@example.test,copy006@example.test,blind006@example.test,Synthetic subject 00005,,Yes,,,Yes
SYNEWPRV024-0000025,SYNEWPRV024-0000025,2025-07-07,synthetic_document_00006.pdf,sender007@example.test,recipient007@example.test,copy007@example.test,blind007@example.test,Synthetic subject 00006,,,Yes,,
SYNEWPRV024-0000029,SYNEWPRV024-0000030,2025-08-08,synthetic_document_00007.pdf,sender008@example.test,recipient008@example.test,copy008@example.test,blind008@example.test,Synthetic subject 00007,,,,Yes,
SYNEWPRV024-0000033,SYNEWPRV024-0000035,2025-09-09,synthetic_document_00008.pdf,sender009@example.test,recipient009@example.test,copy009@example.test,blind009@example.test,Synthetic subject 00008,Yes,,,,
SYNEWPRV024-0000037,SYNEWPRV024-0000037,2025-10-10,synthetic_document_00009.pdf,sender010@example.test,recipient010@example.test,copy010@example.test,blind010@example.test,Synthetic subject 00009,,Yes,Yes,,
SYNEWPRV024-0000041,SYNEWPRV024-0000042,2025-11-11,synthetic_document_00010.pdf,sender011@example.test,recipient011@example.test,copy011@example.test,blind011@example.test,Synthetic subject 00010,,,,Yes,Yes
SYNEWPRV024-0000045,SYNEWPRV024-0000047,2025-12-12,synthetic_document_00011.pdf,sender012@example.test,recipient012@example.test,copy012@example.test,blind001@example.test,Synthetic subject 00011,,,,,
SYNEWPRV024-0000049,SYNEWPRV024-0000049,2025-01-13,synthetic_document_00012.pdf,sender013@example.test,recipient013@example.test,copy013@example.test,blind002@example.test,Synthetic subject 00012,Yes,,Yes,,
SYNEWPRV024-0000053,SYNEWPRV024-0000054,2025-02-14,synthetic_document_00013.pdf,sender014@example.test,recipient014@example.test,copy014@example.test,blind003@example.test,Synthetic subject 00013,,Yes,,Yes,
SYNEWPRV024-0000057,SYNEWPRV024-0000059,2025-03-15,synthetic_document_00014.pdf,sender015@example.test,recipient015@example.test,copy015@example.test,blind004@example.test,Synthetic subject 00014,,,,,
SYNEWPRV024-0000061,SYNEWPRV024-0000061,2025-04-16,synthetic_document_00015.pdf,sender016@example.test,recipient016@example.test,copy016@example.test,blind005@example.test,Synthetic subject 00015,,,Yes,,Yes
SYNEWPRV024-0000065,SYNEWPRV024-0000066,2025-05-17,synthetic_document_00016.pdf,sender017@example.test,recipient017@example.test,copy017@example.test,blind006@example.test,Synthetic subject 00016,Yes,,,Yes,
SYNEWPRV024-0000069,SYNEWPRV024-0000071,2025-06-18,synthetic_document_00017.pdf,sender018@example.test,recipient018@example.test,copy018@example.test,blind007@example.test,Synthetic subject 00017,,Yes,,,
SYNEWPRV024-0000073,SYNEWPRV024-0000073,2025-07-19,synthetic_document_00018.pdf,sender019@example.test,recipient019@example.test,copy019@example.test,blind008@example.test,Synthetic subject 00018,,,Yes,,
SYNEWPRV024-0000077,SYNEWPRV024-0000078,2025-08-20,synthetic_document_00019.pdf,sender020@example.test,recipient020@example.test,copy001@example.test,blind009@example.test,Synthetic subject 00019,,,,Yes,
SYNEWPRV024-0000081,SYNEWPRV024-0000083,2025-09-21,synthetic_document_00020.pdf,sender021@example.test,recipient021@example.test,copy002@example.test,blind010@example.test,Synthetic subject 00020,Yes,,,,Yes
SYNEWPRV024-0000085,SYNEWPRV024-0000085,2025-10-22,synthetic_document_00021.pdf,sender022@example.test,recipient022@example.test,copy003@example.test,blind011@example.test,Synthetic subject 00021,,Yes,Yes,,
SYNEWPRV024-0000089,SYNEWPRV024-0000090,2025-11-23,synthetic_document_00022.pdf,sender023@example.test,recipient023@example.test,copy004@example.test,blind001@example.test,Synthetic subject 00022,,,,Yes,
SYNEWPRV024-0000093,SYNEWPRV024-0000095,2025-12-24,synthetic_document_00023.pdf,sender024@example.test,recipient024@example.test,copy005@example.test,blind002@example.test,Synthetic subject 00023,,,,,
SYNEWPRV024-0000097,SYNEWPRV024-0000097,2025-01-25,synthetic_document_00024.pdf,sender025@example.test,recipient025@example.test,copy006@example.test,blind003@example.test,Synthetic subject 00024,Yes,,Yes,,
SYNEWPRV024-0000101,SYNEWPRV024-0000102,2025-02-26,synthetic_document_00025.pdf,sender026@example.test,recipient026@example.test,copy007@example.test,blind004@example.test,Synthetic subject 00025,,Yes,,Yes,Yes
SYNEWPRV024-0000105,SYNEWPRV024-0000107,2025-03-27,synthetic_document_00026.pdf,sender027@example.test,recipient027@example.test,copy008@example.test,blind005@example.test,Synthetic subject 00026,,,,,
SYNEWPRV024-0000109,SYNEWPRV024-0000109,2025-04-28,synthetic_document_00027.pdf,sender028@example.test,recipient028@example.test,copy009@example.test,blind006@example.test,Synthetic subject 00027,,,Yes,,
SYNEWPRV024-0000113,SYNEWPRV024-0000114,2025-05-01,synthetic_document_00028.pdf,sender029@example.test,recipient029@example.test,copy010@example.test,blind007@example.test,Synthetic subject 00028,Yes,,,Yes,
SYNEWPRV024-0000117,SYNEWPRV024-0000119,2025-06-02,synthetic_document_00029.pdf,sender030@example.test,recipient030@example.test,copy011@example.test,blind008@example.test,Synthetic subject 00029,,Yes,,,
SYNEWPRV024-0000121,SYNEWPRV024-0000121,2025-07-03,synthetic_document_00030.pdf,sender031@example.test,recipient031@example.test,copy012@example.test,blind009@example.test,Synthetic subject 00030,,,Yes,,Yes
SYNEWPRV024-0000125,SYNEWPRV024-0000126,2025-08-04,synthetic_document_00031.pdf,sender001@example.test,recipient032@example.test,copy013@example.test,blind010@example.test,Synthetic subject 00031,,,,Yes,
SYNEWPRV024-0000129,SYNEWPRV024-0000131,2025-09-05,synthetic_document_00032.pdf,sender002@example.test,recipient033@example.test,copy014@example.test,blind011@example.test,Synthetic subject 00032,Yes,,,,
SYNEWPRV024-0000133,SYNEWPRV024-0000133,2025-10-06,synthetic_document_00033.pdf,sender003@example.test,recipient034@example.test,copy015@example.test,blind001@example.test,Synthetic subject 00033,,Yes,Yes,,
SYNEWPRV024-0000137,SYNEWPRV024-0000138,2025-11-07,synthetic_document_00034.pdf,sender004@example.test,recipient035@example.test,copy016@example.test,blind002@example.test,Synthetic subject 00034,,,,Yes,
SYNEWPRV024-0000141,SYNEWPRV024-0000143,2025-12-08,synthetic_document_00035.pdf,sender005@example.test,recipient036@example.test,copy017@example.test,blind003@example.test,Synthetic subject 00035,,,,,Yes
SYNEWPRV024-0000145,SYNEWPRV024-0000145,2025-01-09,synthetic_document_00036.pdf,sender006@example.test,recipient037@example.test,copy018@example.test,blind004@example.test,Synthetic subject 00036,Yes,,Yes,,
SYNEWPRV024-0000149,SYNEWPRV024-0000150,2025-02-10,synthetic_document_00037.pdf,sender007@example.test,recipient038@example.test,copy019@example.test,blind005@example.test,Synthetic subject 00037,,Yes,,Yes,
SYNEWPRV024-0000153,SYNEWPRV024-0000155,2025-03-11,synthetic_document_00038.pdf,sender008@example.test,recipient039@example.test,copy001@example.test,blind006@example.test,Synthetic subject 00038,,,,,
SYNEWPRV024-0000157,SYNEWPRV024-0000157,2025-04-12,synthetic_document_00039.pdf,sender009@example.test,recipient040@example.test,copy002@example.test,blind007@example.test,Synthetic subject 00039,,,Yes,,
SYNEWPRV024-0000161,SYNEWPRV024-0000162,2025-05-13,synthetic_document_00040.pdf,sender010@example.test,recipient041@example.test,copy003@example.test,blind008@example.test,Synthetic subject 00040,Yes,,,Yes,Yes
SYNEWPRV024-0000165,SYNEWPRV024-0000167,2025-06-14,synthetic_document_00041.pdf,sender011@example.test,recipient042@example.test,copy004@example.test,blind009@example.test,Synthetic subject 00041,,Yes,,,
SYNEWPRV024-0000169,SYNEWPRV024-0000169,2025-07-15,synthetic_document_00042.pdf,sender012@example.test,recipient043@example.test,copy005@example.test,blind010@example.test,Synthetic subject 00042,,,Yes,,
SYNEWPRV024-0000173,SYNEWPRV024-0000174,2025-08-16,synthetic_document_00043.pdf,sender013@example.test,recipient001@example.test,copy006@example.test,blind011@example.test,Synthetic subject 00043,,,,Yes,
SYNEWPRV024-0000177,SYNEWPRV024-0000179,2025-09-17,synthetic_document_00044.pdf,sender014@example.test,recipient002@example.test,copy007@example.test,blind001@example.test,Synthetic subject 00044,Yes,,,,
SYNEWPRV024-0000181,SYNEWPRV024-0000181,2025-10-18,synthetic_document_00045.pdf,sender015@example.test,recipient003@example.test,copy008@example.test,blind002@example.test,Synthetic subject 00045,,Yes,Yes,,Yes
SYNEWPRV024-0000185,SYNEWPRV024-0000186,2025-11-19,synthetic_document_00046.pdf,sender016@example.test,recipient004@example.test,copy009@example.test,blind003@example.test,Synthetic subject 00046,,,,Yes,
SYNEWPRV024-0000189,SYNEWPRV024-0000191,2025-12-20,synthetic_document_00047.pdf,sender017@example.test,recipient005@example.test,copy010@example.test,blind004@example.test,Synthetic subject 00047,,,,,
SYNEWPRV024-0000193,SYNEWPRV024-0000193,2025-01-21,synthetic_document_00048.pdf,sender018@example.test,recipient006@example.test,copy011@example.test,blind005@example.test,Synthetic subject 00048,Yes,,Yes,,
SYNEWPRV024-0000197,SYNEWPRV024-0000198,2025-02-22,synthetic_document_00049.pdf,sender019@example.test,recipient007@example.test,copy012@example.test,blind006@example.test,Synthetic subject 00049,,Yes,,Yes,
SYNEWPRV024-0000201,SYNEWPRV024-0000203,2025-03-23,synthetic_document_00050.pdf,sender020@example.test,recipient008@example.test,copy013@example.test,blind007@example.test,Synthetic subject 00050,,,,,Yes
SYNEWPRV024-0000205,SYNEWPRV024-0000205,2025-04-24,synthetic_document_00051.pdf,sender021@example.test,recipient009@example.test,copy014@example.test,blind008@example.test,Synthetic subject 00051,,,Yes,,
SYNEWPRV024-0000209,SYNEWPRV024-0000210,2025-05-25,synthetic_document_00052.pdf,sender022@example.test,recipient010@example.test,copy015@example.test,blind009@example.test,Synthetic subject 00052,Yes,,,Yes,
SYNEWPRV024-0000213,SYNEWPRV024-0000215,2025-06-26,synthetic_document_00053.pdf,sender023@example.test,recipient011@example.test,copy016@example.test,blind010@example.test,Synthetic subject 00053,,Yes,,,
SYNEWPRV024-0000217,SYNEWPRV024-0000217,2025-07-27,synthetic_document_00054.pdf,sender024@example.test,recipient012@example.test,copy017@example.test,blind011@example.test,Synthetic subject 00054,,,Yes,,
SYNEWPRV024-0000221,SYNEWPRV024-0000222,2025-08-28,synthetic_document_00055.pdf,sender025@example.test,recipient013@example.test,copy018@example.test,blind001@example.test,Synthetic subject 00055,,,,Yes,Yes
SYNEWPRV024-0000225,SYNEWPRV024-0000227,2025-09-01,synthetic_document_00056.pdf,sender026@example.test,recipient014@example.test,copy019@example.test,blind002@example.test,Synthetic subject 00056,Yes,,,,
SYNEWPRV024-0000229,SYNEWPRV024-0000229,2025-10-02,synthetic_document_00057.pdf,sender027@example.test,recipient015@example.test,copy001@example.test,blind003@example.test,Synthetic subject 00057,,Yes,Yes,,
SYNEWPRV024-0000233,SYNEWPRV024-0000234,2025-11-03,synthetic_document_00058.pdf,sender028@example.test,recipient016@example.test,copy002@example.test,blind004@example.test,Synthetic subject 00058,,,,Yes,
SYNEWPRV024-0000237,SYNEWPRV024-0000239,2025-12-04,synthetic_document_00059.pdf,sender029@example.test,recipient017@example.test,copy003@example.test,blind005@example.test,Synthetic subject 00059,,,,,
SYNEWPRV024-0000241,SYNEWPRV024-0000241,2025-01-05,synthetic_document_00060.pdf,sender030@example.test,recipient018@example.test,copy004@example.test,blind006@example.test,Synthetic subject 00060,Yes,,Yes,,Yes
SYNEWPRV024-0000245,SYNEWPRV024-0000246,2025-02-06,synthetic_document_00061.pdf,sender031@example.test,recipient019@example.test,copy005@example.test,blind007@example.test,Synthetic subject 00061,,Yes,,Yes,
SYNEWPRV024-0000249,SYNEWPRV024-0000251,2025-03-07,synthetic_document_00062.pdf,sender001@example.test,recipient020@example.test,copy006@example.test,blind008@example.test,Synthetic subject 00062,,,,,
SYNEWPRV024-0000253,SYNEWPRV024-0000253,2025-04-08,synthetic_document_00063.pdf,sender002@example.test,recipient021@example.test,copy007@example.test,blind009@example.test,Synthetic subject 00063,,,Yes,,
SYNEWPRV024-0000257,SYNEWPRV024-0000258,2025-05-09,synthetic_document_00064.pdf,sender003@example.test,recipient022@example.test,copy008@example.test,blind010@example.test,Synthetic subject 00064,Yes,,,Yes,
SYNEWPRV024-0000261,SYNEWPRV024-0000263,2025-06-10,synthetic_document_00065.pdf,sender004@example.test,recipient023@example.test,copy009@example.test,blind011@example.test,Synthetic subject 00065,,Yes,,,Yes
SYNEWPRV024-0000265,SYNEWPRV024-0000265,2025-07-11,synthetic_document_00066.pdf,sender005@example.test,recipient024@example.test,copy010@example.test,blind001@example.test,Synthetic subject 00066,,,Yes,,
SYNEWPRV024-0000269,SYNEWPRV024-0000270,2025-08-12,synthetic_document_00067.pdf,sender006@example.test,recipient025@example.test,copy011@example.test,blind002@example.test,Synthetic subject 00067,,,,Yes,
SYNEWPRV024-0000273,SYNEWPRV024-0000275,2025-09-13,synthetic_document_00068.pdf,sender007@example.test,recipient026@example.test,copy012@example.test,blind003@example.test,Synthetic subject 00068,Yes,,,,
SYNEWPRV024-0000277,SYNEWPRV024-0000277,2025-10-14,synthetic_document_00069.pdf,sender008@example.test,recipient027@example.test,copy013@example.test,blind004@example.test,Synthetic subject 00069,,Yes,Yes,,
SYNEWPRV024-0000281,SYNEWPRV024-0000282,2025-11-15,synthetic_document_00070.pdf,sender009@example.test,recipient028@example.test,copy014@example.test,blind005@example.test,Synthetic subject 00070,,,,Yes,Yes
SYNEWPRV024-0000285,SYNEWPRV024-0000287,2025-12-16,synthetic_document_00071.pdf,sender010@example.test,recipient029@example.test,copy015@example.test,blind006@example.test,Synthetic subject 00071,,,,,
SYNEWPRV024-0000289,SYNEWPRV024-0000289,2025-01-17,synthetic_document_00072.pdf,sender011@example.test,recipient030@example.test,copy016@example.test,blind007@example.test,Synthetic subject 00072,Yes,,Yes,,
SYNEWPRV024-0000293,SYNEWPRV024-0000294,2025-02-18,synthetic_document_00073.pdf,sender012@example.test,recipient031@example.test,copy017@example.test,blind008@example.test,Synthetic subject 00073,,Yes,,Yes,
SYNEWPRV024-0000297,SYNEWPRV024-0000299,2025-03-19,synthetic_document_00074.pdf,sender013@example.test,recipient032@example.test,copy018@example.test,blind009@example.test,Synthetic subject 00074,,,,,
SYNEWPRV024-0000301,SYNEWPRV024-0000301,2025-04-20,synthetic_document_00075.pdf,sender014@example.test,recipient033@example.test,copy019@example.test,blind010@example.test,Synthetic subject 00075,,,Yes,,Yes
SYNEWPRV024-0000305,SYNEWPRV024-0000306,2025-05-21,synthetic_document_00076.pdf,sender015@example.test,recipient034@example.test,copy001@example.test,blind011@example.test,Synthetic subject 00076,Yes,,,Yes,
SYNEWPRV024-0000309,SYNEWPRV024-0000311,2025-06-22,synthetic_document_00077.pdf,sender016@example.test,recipient035@example.test,copy002@example.test,blind001@example.test,Synthetic subject 00077,,Yes,,,
SYNEWPRV024-0000313,SYNEWPRV024-0000313,2025-07-23,synthetic_document_00078.pdf,sender017@example.test,recipient036@example.test,copy003@example.test,blind002@example.test,Synthetic subject 00078,,,Yes,,
SYNEWPRV024-0000317,SYNEWPRV024-0000318,2025-08-24,synthetic_document_00079.pdf,sender018@example.test,recipient037@example.test,copy004@example.test,blind003@example.test,Synthetic subject 00079,,,,Yes,
SYNEWPRV024-0000321,SYNEWPRV024-0000323,2025-09-25,synthetic_document_00080.pdf,sender019@example.test,recipient038@example.test,copy005@example.test,blind004@example.test,Synthetic subject 00080,Yes,,,,Yes
SYNEWPRV024-0000325,SYNEWPRV024-0000325,2025-10-26,synthetic_document_00081.pdf,sender020@example.test,recipient039@example.test,copy006@example.test,blind005@example.test,Synthetic subject 00081,,Yes,Yes,,
SYNEWPRV024-0000329,SYNEWPRV024-0000330,2025-11-27,synthetic_document_00082.pdf,sender021@example.test,recipient040@example.test,copy007@example.test,blind006@example.test,Synthetic subject 00082,,,,Yes,
SYNEWPRV024-0000333,SYNEWPRV024-0000335,2025-12-28,synthetic_document_00083.pdf,sender022@example.test,recipient041@example.test,copy008@example.test,blind007@example.test,Synthetic subject 00083,,,,,
SYNEWPRV024-0000337,SYNEWPRV024-0000337,2025-01-01,synthetic_document_00084.pdf,sender023@example.test,recipient042@example.test,copy009@example.test,blind008@example.test,Synthetic subject 00084,Yes,,Yes,,
SYNEWPRV024-0000341,SYNEWPRV024-0000342,2025-02-02,synthetic_document_00085.pdf,sender024@example.test,recipient043@example.test,copy010@example.test,blind009@example.test,Synthetic subject 00085,,Yes,,Yes,Yes
SYNEWPRV024-0000345,SYNEWPRV024-0000347,2025-03-03,synthetic_document_00086.pdf,sender025@example.test,recipient001@example.test,copy011@example.test,blind010@example.test,Synthetic subject 00086,,,,,
SYNEWPRV024-0000349,SYNEWPRV024-0000349,2025-04-04,synthetic_document_00087.pdf,sender026@example.test,recipient002@example.test,copy012@example.test,blind011@example.test,Synthetic subject 00087,,,Yes,,
SYNEWPRV024-0000353,SYNEWPRV024-0000354,2025-05-05,synthetic_document_00088.pdf,sender027@example.test,recipient003@example.test,copy013@example.test,blind001@example.test,Synthetic subject 00088,Yes,,,Yes,
SYNEWPRV024-0000357,SYNEWPRV024-0000359,2025-06-06,synthetic_document_00089.pdf,sender028@example.test,recipient004@example.test,copy014@example.test,blind002@example.test,Synthetic subject 00089,,Yes,,,
SYNEWPRV024-0000361,SYNEWPRV024-0000361,2025-07-07,synthetic_document_00090.pdf,sender029@example.test,recipient005@example.test,copy015@example.test,blind003@example.test,Synthetic subject 00090,,,Yes,,Yes
SYNEWPRV024-0000365,SYNEWPRV024-0000366,2025-08-08,synthetic_document_00091.pdf,sender030@example.test,recipient006@example.test,copy016@example.test,blind004@example.test,Synthetic subject 00091,,,,Yes,
SYNEWPRV024-0000369,SYNEWPRV024-0000371,2025-09-09,synthetic_document_00092.pdf,sender031@example.test,recipient007@example.test,copy017@example.test,blind005@example.test,Synthetic subject 00092,Yes,,,,
SYNEWPRV024-0000373,SYNEWPRV024-0000373,2025-10-10,synthetic_document_00093.pdf,sender001@example.test,recipient008@example.test,copy018@example.test,blind006@example.test,Synthetic subject 00093,,Yes,Yes,,
SYNEWPRV024-0000377,SYNEWPRV024-0000378,2025-11-11,synthetic_document_00094.pdf,sender002@example.test,recipient009@example.test,copy019@example.test,blind007@example.test,Synthetic subject 00094,,,,Yes,
SYNEWPRV024-0000381,SYNEWPRV024-0000383,2025-12-12,synthetic_document_00095.pdf,sender003@example.test,recipient010@example.test,copy001@example.test,blind008@example.test,Synthetic subject 00095,,,,,Yes
SYNEWPRV024-0000385,SYNEWPRV024-0000385,2025-01-13,synthetic_document_00096.pdf,sender004@example.test,recipient011@example.test,copy002@example.test,blind009@example.test,Synthetic subject 00096,Yes,,Yes,,
SYNEWPRV024-0000389,SYNEWPRV024-0000390,2025-02-14,synthetic_document_00097.pdf,sender005@example.test,recipient012@example.test,copy003@example.test,blind010@example.test,Synthetic subject 00097,,Yes,,Yes,
SYNEWPRV024-0000393,SYNEWPRV024-0000395,2025-03-15,synthetic_document_00098.pdf,sender006@example.test,recipient013@example.test,copy004@example.test,blind011@example.test,Synthetic subject 00098,,,,,
SYNEWPRV024-0000397,SYNEWPRV024-0000397,2025-04-16,synthetic_document_00099.pdf,sender007@example.test,recipient014@example.test,copy005@example.test,blind001@example.test,Synthetic subject 00099,,,Yes,,
SYNEWPRV024-0000401,SYNEWPRV024-0000402,2025-05-17,synthetic_document_00100.pdf,sender008@example.test,recipient015@example.test,copy006@example.test,blind002@example.test,Synthetic subject 00100,Yes,,,Yes,Yes
SYNEWPRV024-0000405,SYNEWPRV024-0000407,2025-06-18,synthetic_document_00101.pdf,sender009@example.test,recipient016@example.test,copy007@example.test,blind003@example.test,Synthetic subject 00101,,Yes,,,
SYNEWPRV024-0000409,SYNEWPRV024-0000409,2025-07-19,synthetic_document_00102.pdf,sender010@example.test,recipient017@example.test,copy008@example.test,blind004@example.test,Synthetic subject 00102,,,Yes,,
SYNEWPRV024-0000413,SYNEWPRV024-0000414,2025-08-20,synthetic_document_00103.pdf,sender011@example.test,recipient018@example.test,copy009@example.test,blind005@example.test,Synthetic subject 00103,,,,Yes,
SYNEWPRV024-0000417,SYNEWPRV024-0000419,2025-09-21,synthetic_document_00104.pdf,sender012@example.test,recipient019@example.test,copy010@example.test,blind006@example.test,Synthetic subject 00104,Yes,,,,
SYNEWPRV024-0000421,SYNEWPRV024-0000421,2025-10-22,synthetic_document_00105.pdf,sender013@example.test,recipient020@example.test,copy011@example.test,blind007@example.test,Synthetic subject 00105,,Yes,Yes,,Yes
SYNEWPRV024-0000425,SYNEWPRV024-0000426,2025-11-23,synthetic_document_00106.pdf,sender014@example.test,recipient021@example.test,copy012@example.test,blind008@example.test,Synthetic subject 00106,,,,Yes,
SYNEWPRV024-0000429,SYNEWPRV024-0000431,2025-12-24,synthetic_document_00107.pdf,sender015@example.test,recipient022@example.test,copy013@example.test,blind009@example.test,Synthetic subject 00107,,,,,
SYNEWPRV024-0000433,SYNEWPRV024-0000433,2025-01-25,synthetic_document_00108.pdf,sender016@example.test,recipient023@example.test,copy014@example.test,blind010@example.test,Synthetic subject 00108,Yes,,Yes,,
SYNEWPRV024-0000437,SYNEWPRV024-0000438,2025-02-26,synthetic_document_00109.pdf,sender017@example.test,recipient024@example.test,copy015@example.test,blind011@example.test,Synthetic subject 00109,,Yes,,Yes,
SYNEWPRV024-0000441,SYNEWPRV024-0000443,2025-03-27,synthetic_document_00110.pdf,sender018@example.test,recipient025@example.test,copy016@example.test,blind001@example.test,Synthetic subject 00110,,,,,Yes
SYNEWPRV024-0000445,SYNEWPRV024-0000445,2025-04-28,synthetic_document_00111.pdf,sender019@example.test,recipient026@example.test,copy017@example.test,blind002@example.test,Synthetic subject 00111,,,Yes,,
SYNEWPRV024-0000449,SYNEWPRV024-0000450,2025-05-01,synthetic_document_00112.pdf,sender020@example.test,recipient027@example.test,copy018@example.test,blind003@example.test,Synthetic subject 00112,Yes,,,Yes,
SYNEWPRV024-0000453,SYNEWPRV024-0000455,2025-06-02,synthetic_document_00113.pdf,sender021@example.test,recipient028@example.test,copy019@example.test,blind004@example.test,Synthetic subject 00113,,Yes,,,
SYNEWPRV024-0000457,SYNEWPRV024-0000457,2025-07-03,synthetic_document_00114.pdf,sender022@example.test,recipient029@example.test,copy001@example.test,blind005@example.test,Synthetic subject 00114,,,Yes,,
SYNEWPRV024-0000461,SYNEWPRV024-0000462,2025-08-04,synthetic_document_00115.pdf,sender023@example.test,recipient030@example.test,copy002@example.test,blind006@example.test,Synthetic subject 00115,,,,Yes,Yes
SYNEWPRV024-0000465,SYNEWPRV024-0000467,2025-09-05,synthetic_document_00116.pdf,sender024@example.test,recipient031@example.test,copy003@example.test,blind007@example.test,Synthetic subject 00116,Yes,,,,
SYNEWPRV024-0000469,SYNEWPRV024-0000469,2025-10-06,synthetic_document_00117.pdf,sender025@example.test,recipient032@example.test,copy004@example.test,blind008@example.test,Synthetic subject 00117,,Yes,Yes,,
SYNEWPRV024-0000473,SYNEWPRV024-0000474,2025-11-07,synthetic_document_00118.pdf,sender026@example.test,recipient033@example.test,copy005@example.test,blind009@example.test,Synthetic subject 00118,,,,Yes,
SYNEWPRV024-0000477,SYNEWPRV024-0000479,2025-12-08,synthetic_document_00119.pdf,sender027@example.test,recipient034@example.test,copy006@example.test,blind010@example.test,Synthetic subject 00119,,,,,
SYNEWPRV024-0000481,SYNEWPRV024-0000481,2025-01-09,synthetic_document_00120.pdf,sender028@example.test,recipient035@example.test,copy007@example.test,blind011@example.test,Synthetic subject 00120,Yes,,Yes,,Yes
SYNEWPRV024-0000485,SYNEWPRV024-0000486,2025-02-10,synthetic_document_00121.pdf,sender029@example.test,recipient036@example.test,copy008@example.test,blind001@example.test,Synthetic subject 00121,,Yes,,Yes,
SYNEWPRV024-0000489,SYNEWPRV024-0000491,2025-03-11,synthetic_document_00122.pdf,sender030@example.test,recipient037@example.test,copy009@example.test,blind002@example.test,Synthetic subject 00122,,,,,
SYNEWPRV024-0000493,SYNEWPRV024-0000493,2025-04-12,synthetic_document_00123.pdf,sender031@example.test,recipient038@example.test,copy010@example.test,blind003@example.test,Synthetic subject 00123,,,Yes,,
SYNEWPRV024-0000497,SYNEWPRV024-0000498,2025-05-13,synthetic_document_00124.pdf,sender001@example.test,recipient039@example.test,copy011@example.test,blind004@example.test,Synthetic subject 00124,Yes,,,Yes,
SYNEWPRV024-0000501,SYNEWPRV024-0000503,2025-06-14,synthetic_document_00125.pdf,sender002@example.test,recipient040@example.test,copy012@example.test,blind005@example.test,Synthetic subject 00125,,Yes,,,Yes
SYNEWPRV024-0000505,SYNEWPRV024-0000505,2025-07-15,synthetic_document_00126.pdf,sender003@example.test,recipient041@example.test,copy013@example.test,blind006@example.test,Synthetic subject 00126,,,Yes,,
SYNEWPRV024-0000509,SYNEWPRV024-0000510,2025-08-16,synthetic_document_00127.pdf,sender004@example.test,recipient042@example.test,copy014@example.test,blind007@example.test,Synthetic subject 00127,,,,Yes,
SYNEWPRV024-0000513,SYNEWPRV024-0000515,2025-09-17,synthetic_document_00128.pdf,sender005@example.test,recipient043@example.test,copy015@example.test,blind008@example.test,Synthetic subject 00128,Yes,,,,
SYNEWPRV024-0000517,SYNEWPRV024-0000517,2025-10-18,synthetic_document_00129.pdf,sender006@example.test,recipient001@example.test,copy016@example.test,blind009@example.test,Synthetic subject 00129,,Yes,Yes,,
SYNEWPRV024-0000521,SYNEWPRV024-0000522,2025-11-19,synthetic_document_00130.pdf,sender007@example.test,recipient002@example.test,copy017@example.test,blind010@example.test,Synthetic subject 00130,,,,Yes,Yes
SYNEWPRV024-0000525,SYNEWPRV024-0000527,2025-12-20,synthetic_document_00131.pdf,sender008@example.test,recipient003@example.test,copy018@example.test,blind011@example.test,Synthetic subject 00131,,,,,
SYNEWPRV024-0000529,SYNEWPRV024-0000529,2025-01-21,synthetic_document_00132.pdf,sender009@example.test,recipient004@example.test,copy019@example.test,blind001@example.test,Synthetic subject 00132,Yes,,Yes,,
SYNEWPRV024-0000533,SYNEWPRV024-0000534,2025-02-22,synthetic_document_00133.pdf,sender010@example.test,recipient005@example.test,copy001@example.test,blind002@example.test,Synthetic subject 00133,,Yes,,Yes,
SYNEWPRV024-0000537,SYNEWPRV024-0000539,2025-03-23,synthetic_document_00134.pdf,sender011@example.test,recipient006@example.test,copy002@example.test,blind003@example.test,Synthetic subject 00134,,,,,
SYNEWPRV024-0000541,SYNEWPRV024-0000541,2025-04-24,synthetic_document_00135.pdf,sender012@example.test,recipient007@example.test,copy003@example.test,blind004@example.test,Synthetic subject 00135,,,Yes,,Yes
SYNEWPRV024-0000545,SYNEWPRV024-0000546,2025-05-25,synthetic_document_00136.pdf,sender013@example.test,recipient008@example.test,copy004@example.test,blind005@example.test,Synthetic subject 00136,Yes,,,Yes,
SYNEWPRV024-0000549,SYNEWPRV024-0000551,2025-06-26,synthetic_document_00137.pdf,sender014@example.test,recipient009@example.test,copy005@example.test,blind006@example.test,Synthetic subject 00137,,Yes,,,
SYNEWPRV024-0000553,SYNEWPRV024-0000553,2025-07-27,synthetic_document_00138.pdf,sender015@example.test,recipient010@example.test,copy006@example.test,blind007@example.test,Synthetic subject 00138,,,Yes,,
SYNEWPRV024-0000557,SYNEWPRV024-0000558,2025-08-28,synthetic_document_00139.pdf,sender016@example.test,recipient011@example.test,copy007@example.test,blind008@example.test,Synthetic subject 00139,,,,Yes,
SYNEWPRV024-0000561,SYNEWPRV024-0000563,2025-09-01,synthetic_document_00140.pdf,sender017@example.test,recipient012@example.test,copy008@example.test,blind009@example.test,Synthetic subject 00140,Yes,,,,Yes
SYNEWPRV024-0000565,SYNEWPRV024-0000565,2025-10-02,synthetic_document_00141.pdf,sender018@example.test,recipient013@example.test,copy009@example.test,blind010@example.test,Synthetic subject 00141,,Yes,Yes,,
SYNEWPRV024-0000569,SYNEWPRV024-0000570,2025-11-03,synthetic_document_00142.pdf,sender019@example.test,recipient014@example.test,copy010@example.test,blind011@example.test,Synthetic subject 00142,,,,Yes,
SYNEWPRV024-0000573,SYNEWPRV024-0000575,2025-12-04,synthetic_document_00143.pdf,sender020@example.test,recipient015@example.test,copy011@example.test,blind001@example.test,Synthetic subject 00143,,,,,
SYNEWPRV024-0000577,SYNEWPRV024-0000577,2025-01-05,synthetic_document_00144.pdf,sender021@example.test,recipient016@example.test,copy012@example.test,blind002@example.test,Synthetic subject 00144,Yes,,Yes,,
SYNEWPRV024-0000581,SYNEWPRV024-0000582,2025-02-06,synthetic_document_00145.pdf,sender022@example.test,recipient017@example.test,copy013@example.test,blind003@example.test,Synthetic subject 00145,,Yes,,Yes,Yes
SYNEWPRV024-0000585,SYNEWPRV024-0000587,2025-03-07,synthetic_document_00146.pdf,sender023@example.test,recipient018@example.test,copy014@example.test,blind004@example.test,Synthetic subject 00146,,,,,
SYNEWPRV024-0000589,SYNEWPRV024-0000589,2025-04-08,synthetic_document_00147.pdf,sender024@example.test,recipient019@example.test,copy015@example.test,blind005@example.test,Synthetic subject 00147,,,Yes,,
SYNEWPRV024-0000593,SYNEWPRV024-0000594,2025-05-09,synthetic_document_00148.pdf,sender025@example.test,recipient020@example.test,copy016@example.test,blind006@example.test,Synthetic subject 00148,Yes,,,Yes,
SYNEWPRV024-0000597,SYNEWPRV024-0000599,2025-06-10,synthetic_document_00149.pdf,sender026@example.test,recipient021@example.test,copy017@example.test,blind007@example.test,Synthetic subject 00149,,Yes,,,
SYNEWPRV024-0000601,SYNEWPRV024-0000601,2025-07-11,synthetic_document_00150.pdf,sender027@example.test,recipient022@example.test,copy018@example.test,blind008@example.test,Synthetic subject 00150,,,Yes,,Yes
SYNEWPRV024-0000605,SYNEWPRV024-0000606,2025-08-12,synthetic_document_00151.pdf,sender028@example.test,recipient023@example.test,copy019@example.test,blind009@example.test,Synthetic subject 00151,,,,Yes,
SYNEWPRV024-0000609,SYNEWPRV024-0000611,2025-09-13,synthetic_document_00152.pdf,sender029@example.test,recipient024@example.test,copy001@example.test,blind010@example.test,Synthetic subject 00152,Yes,,,,
SYNEWPRV024-0000613,SYNEWPRV024-0000613,2025-10-14,synthetic_document_00153.pdf,sender030@example.test,recipient025@example.test,copy002@example.test,blind011@example.test,Synthetic subject 00153,,Yes,Yes,,
SYNEWPRV024-0000617,SYNEWPRV024-0000618,2025-11-15,synthetic_document_00154.pdf,sender031@example.test,recipient026@example.test,copy003@example.test,blind001@example.test,Synthetic subject 00154,,,,Yes,
SYNEWPRV024-0000621,SYNEWPRV024-0000623,2025-12-16,synthetic_document_00155.pdf,sender001@example.test,recipient027@example.test,copy004@example.test,blind002@example.test,Synthetic subject 00155,,,,,Yes
SYNEWPRV024-0000625,SYNEWPRV024-0000625,2025-01-17,synthetic_document_00156.pdf,sender002@example.test,recipient028@example.test,copy005@example.test,blind003@example.test,Synthetic subject 00156,Yes,,Yes,,
SYNEWPRV024-0000629,SYNEWPRV024-0000630,2025-02-18,synthetic_document_00157.pdf,sender003@example.test,recipient029@example.test,copy006@example.test,blind004@example.test,Synthetic subject 00157,,Yes,,Yes,
SYNEWPRV024-0000633,SYNEWPRV024-0000635,2025-03-19,synthetic_document_00158.pdf,sender004@example.test,recipient030@example.test,copy007@example.test,blind005@example.test,Synthetic subject 00158,,,,,
SYNEWPRV024-0000637,SYNEWPRV024-0000637,2025-04-20,synthetic_document_00159.pdf,sender005@example.test,recipient031@example.test,copy008@example.test,blind006@example.test,Synthetic subject 00159,,,Yes,,
SYNEWPRV024-0000641,SYNEWPRV024-0000642,2025-05-21,synthetic_document_00160.pdf,sender006@example.test,recipient032@example.test,copy009@example.test,blind007@example.test,Synthetic subject 00160,Yes,,,Yes,Yes
SYNEWPRV024-0000645,SYNEWPRV024-0000647,2025-06-22,synthetic_document_00161.pdf,sender007@example.test,recipient033@example.test,copy010@example.test,blind008@example.test,Synthetic subject 00161,,Yes,,,
SYNEWPRV024-0000649,SYNEWPRV024-0000649,2025-07-23,synthetic_document_00162.pdf,sender008@example.test,recipient034@example.test,copy011@example.test,blind009@example.test,Synthetic subject 00162,,,Yes,,
SYNEWPRV024-0000653,SYNEWPRV024-0000654,2025-08-24,synthetic_document_00163.pdf,sender009@example.test,recipient035@example.test,copy012@example.test,blind010@example.test,Synthetic subject 00163,,,,Yes,
SYNEWPRV024-0000657,SYNEWPRV024-0000659,2025-09-25,synthetic_document_00164.pdf,sender010@example.test,recipient036@example.test,copy013@example.test,blind011@example.test,Synthetic subject 00164,Yes,,,,
SYNEWPRV024-0000661,SYNEWPRV024-0000661,2025-10-26,synthetic_document_00165.pdf,sender011@example.test,recipient037@example.test,copy014@example.test,blind001@example.test,Synthetic subject 00165,,Yes,Yes,,Yes
SYNEWPRV024-0000665,SYNEWPRV024-0000666,2025-11-27,synthetic_document_00166.pdf,sender012@example.test,recipient038@example.test,copy015@example.test,blind002@example.test,Synthetic subject 00166,,,,Yes,
SYNEWPRV024-0000669,SYNEWPRV024-0000671,2025-12-28,synthetic_document_00167.pdf,sender013@example.test,recipient039@example.test,copy016@example.test,blind003@example.test,Synthetic subject 00167,,,,,
SYNEWPRV024-0000673,SYNEWPRV024-0000673,2025-01-01,synthetic_document_00168.pdf,sender014@example.test,recipient040@example.test,copy017@example.test,blind004@example.test,Synthetic subject 00168,Yes,,Yes,,
SYNEWPRV024-0000677,SYNEWPRV024-0000678,2025-02-02,synthetic_document_00169.pdf,sender015@example.test,recipient041@example.test,copy018@example.test,blind005@example.test,Synthetic subject 00169,,Yes,,Yes,
SYNEWPRV024-0000681,SYNEWPRV024-0000683,2025-03-03,synthetic_document_00170.pdf,sender016@example.test,recipient042@example.test,copy019@example.test,blind006@example.test,Synthetic subject 00170,,,,,Yes
SYNEWPRV024-0000685,SYNEWPRV024-0000685,2025-04-04,synthetic_document_00171.pdf,sender017@example.test,recipient043@example.test,copy001@example.test,blind007@example.test,Synthetic subject 00171,,,Yes,,
SYNEWPRV024-0000689,SYNEWPRV024-0000690,2025-05-05,synthetic_document_00172.pdf,sender018@example.test,recipient001@example.test,copy002@example.test,blind008@example.test,Synthetic subject 00172,Yes,,,Yes,
SYNEWPRV024-0000693,SYNEWPRV024-0000695,2025-06-06,synthetic_document_00173.pdf,sender019@example.test,recipient002@example.test,copy003@example.test,blind009@example.test,Synthetic subject 00173,,Yes,,,
SYNEWPRV024-0000697,SYNEWPRV024-0000697,2025-07-07,synthetic_document_00174.pdf,sender020@example.test,recipient003@example.test,copy004@example.test,blind010@example.test,Synthetic subject 00174,,,Yes,,
SYNEWPRV024-0000701,SYNEWPRV024-0000702,2025-08-08,synthetic_document_00175.pdf,sender021@example.test,recipient004@example.test,copy005@example.test,blind011@example.test,Synthetic subject 00175,,,,Yes,Yes
SYNEWPRV024-0000705,SYNEWPRV024-0000707,2025-09-09,synthetic_document_00176.pdf,sender022@example.test,recipient005@example.test,copy006@example.test,blind001@example.test,Synthetic subject 00176,Yes,,,,
SYNEWPRV024-0000709,SYNEWPRV024-0000709,2025-10-10,synthetic_document_00177.pdf,sender023@example.test,recipient006@example.test,copy007@example.test,blind002@example.test,Synthetic subject 00177,,Yes,Yes,,
SYNEWPRV024-0000713,SYNEWPRV024-0000714,2025-11-11,synthetic_document_00178.pdf,sender024@example.test,recipient007@example.test,copy008@example.test,blind003@example.test,Synthetic subject 00178,,,,Yes,
SYNEWPRV024-0000717,SYNEWPRV024-0000719,2025-12-12,synthetic_document_00179.pdf,sender025@example.test,recipient008@example.test,copy009@example.test,blind004@example.test,Synthetic subject 00179,,,,,
SYNEWPRV024-0000721,SYNEWPRV024-0000721,2025-01-13,synthetic_document_00180.pdf,sender026@example.test,recipient009@example.test,copy010@example.test,blind005@example.test,Synthetic subject 00180,Yes,,Yes,,Yes
SYNEWPRV024-0000725,SYNEWPRV024-0000726,2025-02-14,synthetic_document_00181.pdf,sender027@example.test,recipient010@example.test,copy011@example.test,blind006@example.test,Synthetic subject 00181,,Yes,,Yes,
SYNEWPRV024-0000729,SYNEWPRV024-0000731,2025-03-15,synthetic_document_00182.pdf,sender028@example.test,recipient011@example.test,copy012@example.test,blind007@example.test,Synthetic subject 00182,,,,,
SYNEWPRV024-0000733,SYNEWPRV024-0000733,2025-04-16,synthetic_document_00183.pdf,sender029@example.test,recipient012@example.test,copy013@example.test,blind008@example.test,Synthetic subject 00183,,,Yes,,
SYNEWPRV024-0000737,SYNEWPRV024-0000738,2025-05-17,synthetic_document_00184.pdf,sender030@example.test,recipient013@example.test,copy014@example.test,blind009@example.test,Synthetic subject 00184,Yes,,,Yes,
SYNEWPRV024-0000741,SYNEWPRV024-0000743,2025-06-18,synthetic_document_00185.pdf,sender031@example.test,recipient014@example.test,copy015@example.test,blind010@example.test,Synthetic subject 00185,,Yes,,,Yes
SYNEWPRV024-0000745,SYNEWPRV024-0000745,2025-07-19,synthetic_document_00186.pdf,sender001@example.test,recipient015@example.test,copy016@example.test,blind011@example.test,Synthetic subject 00186,,,Yes,,
SYNEWPRV024-0000749,SYNEWPRV024-0000750,2025-08-20,synthetic_document_00187.pdf,sender002@example.test,recipient016@example.test,copy017@example.test,blind001@example.test,Synthetic subject 00187,,,,Yes,
SYNEWPRV024-0000753,SYNEWPRV024-0000755,2025-09-21,synthetic_document_00188.pdf,sender003@example.test,recipient017@example.test,copy018@example.test,blind002@example.test,Synthetic subject 00188,Yes,,,,
SYNEWPRV024-0000757,SYNEWPRV024-0000757,2025-10-22,synthetic_document_00189.pdf,sender004@example.test,recipient018@example.test,copy019@example.test,blind003@example.test,Synthetic subject 00189,,Yes,Yes,,
SYNEWPRV024-0000761,SYNEWPRV024-0000762,2025-11-23,synthetic_document_00190.pdf,sender005@example.test,recipient019@example.test,copy001@example.test,blind004@example.test,Synthetic subject 00190,,,,Yes,Yes
SYNEWPRV024-0000765,SYNEWPRV024-0000767,2025-12-24,synthetic_document_00191.pdf,sender006@example.test,recipient020@example.test,copy002@example.test,blind005@example.test,Synthetic subject 00191,,,,,
SYNEWPRV024-0000769,SYNEWPRV024-0000769,2025-01-25,synthetic_document_00192.pdf,sender007@example.test,recipient021@example.test,copy003@example.test,blind006@example.test,Synthetic subject 00192,Yes,,Yes,,
SYNEWPRV024-0000773,SYNEWPRV024-0000774,2025-02-26,synthetic_document_00193.pdf,sender008@example.test,recipient022@example.test,copy004@example.test,blind007@example.test,Synthetic subject 00193,,Yes,,Yes,
SYNEWPRV024-0000777,SYNEWPRV024-0000779,2025-03-27,synthetic_document_00194.pdf,sender009@example.test,recipient023@example.test,copy005@example.test,blind008@example.test,Synthetic subject 00194,,,,,
SYNEWPRV024-0000781,SYNEWPRV024-0000781,2025-04-28,synthetic_document_00195.pdf,sender010@example.test,recipient024@example.test,copy006@example.test,blind009@example.test,Synthetic subject 00195,,,Yes,,Yes
SYNEWPRV024-0000785,SYNEWPRV024-0000786,2025-05-01,synthetic_document_00196.pdf,sender011@example.test,recipient025@example.test,copy007@example.test,blind010@example.test,Synthetic subject 00196,Yes,,,Yes,
SYNEWPRV024-0000789,SYNEWPRV024-0000791,2025-06-02,synthetic_document_00197.pdf,sender012@example.test,recipient026@example.test,copy008@example.test,blind011@example.test,Synthetic subject 00197,,Yes,,,
SYNEWPRV024-0000793,SYNEWPRV024-0000793,2025-07-03,synthetic_document_00198.pdf,sender013@example.test,recipient027@example.test,copy009@example.test,blind001@example.test,Synthetic subject 00198,,,Yes,,
SYNEWPRV024-0000797,SYNEWPRV024-0000798,2025-08-04,synthetic_document_00199.pdf,sender014@example.test,recipient028@example.test,copy010@example.test,blind002@example.test,Synthetic subject 00199,,,,Yes,
SYNEWPRV024-0000801,SYNEWPRV024-0000803,2025-09-05,synthetic_document_00200.pdf,sender015@example.test,recipient029@example.test,copy011@example.test,blind003@example.test,Synthetic subject 00200,Yes,,,,Yes
SYNEWPRV024-0000805,SYNEWPRV024-0000805,2025-10-06,synthetic_document_00201.pdf,sender016@example.test,recipient030@example.test,copy012@example.test,blind004@example.test,Synthetic subject 00201,,Yes,Yes,,
SYNEWPRV024-0000809,SYNEWPRV024-0000810,2025-11-07,synthetic_document_00202.pdf,sender017@example.test,recipient031@example.test,copy013@example.test,blind005@example.test,Synthetic subject 00202,,,,Yes,
SYNEWPRV024-0000813,SYNEWPRV024-0000815,2025-12-08,synthetic_document_00203.pdf,sender018@example.test,recipient032@example.test,copy014@example.test,blind006@example.test,Synthetic subject 00203,,,,,
SYNEWPRV024-0000817,SYNEWPRV024-0000817,2025-01-09,synthetic_document_00204.pdf,sender019@example.test,recipient033@example.test,copy015@example.test,blind007@example.test,Synthetic subject 00204,Yes,,Yes,,
SYNEWPRV024-0000821,SYNEWPRV024-0000822,2025-02-10,synthetic_document_00205.pdf,sender020@example.test,recipient034@example.test,copy016@example.test,blind008@example.test,Synthetic subject 00205,,Yes,,Yes,Yes
SYNEWPRV024-0000825,SYNEWPRV024-0000827,2025-03-11,synthetic_document_00206.pdf,sender021@example.test,recipient035@example.test,copy017@example.test,blind009@example.test,Synthetic subject 00206,,,,,
SYNEWPRV024-0000829,SYNEWPRV024-0000829,2025-04-12,synthetic_document_00207.pdf,sender022@example.test,recipient036@example.test,copy018@example.test,blind010@example.test,Synthetic subject 00207,,,Yes,,
SYNEWPRV024-0000833,SYNEWPRV024-0000834,2025-05-13,synthetic_document_00208.pdf,sender023@example.test,recipient037@example.test,copy019@example.test,blind011@example.test,Synthetic subject 00208,Yes,,,Yes,
SYNEWPRV024-0000837,SYNEWPRV024-0000839,2025-06-14,synthetic_document_00209.pdf,sender024@example.test,recipient038@example.test,copy001@example.test,blind001@example.test,Synthetic subject 00209,,Yes,,,
SYNEWPRV024-0000841,SYNEWPRV024-0000841,2025-07-15,synthetic_document_00210.pdf,sender025@example.test,recipient039@example.test,copy002@example.test,blind002@example.test,Synthetic subject 00210,,,Yes,,Yes
SYNEWPRV024-0000845,SYNEWPRV024-0000846,2025-08-16,synthetic_document_00211.pdf,sender026@example.test,recipient040@example.test,copy003@example.test,blind003@example.test,Synthetic subject 00211,,,,Yes,
SYNEWPRV024-0000849,SYNEWPRV024-0000851,2025-09-17,synthetic_document_00212.pdf,sender027@example.test,recipient041@example.test,copy004@example.test,blind004@example.test,Synthetic subject 00212,Yes,,,,
SYNEWPRV024-0000853,SYNEWPRV024-0000853,2025-10-18,synthetic_document_00213.pdf,sender028@example.test,recipient042@example.test,copy005@example.test,blind005@example.test,Synthetic subject 00213,,Yes,Yes,,
SYNEWPRV024-0000857,SYNEWPRV024-0000858,2025-11-19,synthetic_document_00214.pdf,sender029@example.test,recipient043@example.test,copy006@example.test,blind006@example.test,Synthetic subject 00214,,,,Yes,
SYNEWPRV024-0000861,SYNEWPRV024-0000863,2025-12-20,synthetic_document_00215.pdf,sender030@example.test,recipient001@example.test,copy007@example.test,blind007@example.test,Synthetic subject 00215,,,,,Yes
SYNEWPRV024-0000865,SYNEWPRV024-0000865,2025-01-21,synthetic_document_00216.pdf,sender031@example.test,recipient002@example.test,copy008@example.test,blind008@example.test,Synthetic subject 00216,Yes,,Yes,,
SYNEWPRV024-0000869,SYNEWPRV024-0000870,2025-02-22,synthetic_document_00217.pdf,sender001@example.test,recipient003@example.test,copy009@example.test,blind009@example.test,Synthetic subject 00217,,Yes,,Yes,
SYNEWPRV024-0000873,SYNEWPRV024-0000875,2025-03-23,synthetic_document_00218.pdf,sender002@example.test,recipient004@example.test,copy010@example.test,blind010@example.test,Synthetic subject 00218,,,,,
SYNEWPRV024-0000877,SYNEWPRV024-0000877,2025-04-24,synthetic_document_00219.pdf,sender003@example.test,recipient005@example.test,copy011@example.test,blind011@example.test,Synthetic subject 00219,,,Yes,,
SYNEWPRV024-0000881,SYNEWPRV024-0000882,2025-05-25,synthetic_document_00220.pdf,sender004@example.test,recipient006@example.test,copy012@example.test,blind001@example.test,Synthetic subject 00220,Yes,,,Yes,Yes
SYNEWPRV024-0000885,SYNEWPRV024-0000887,2025-06-26,synthetic_document_00221.pdf,sender005@example.test,recipient007@example.test,copy013@example.test,blind002@example.test,Synthetic subject 00221,,Yes,,,
SYNEWPRV024-0000889,SYNEWPRV024-0000889,2025-07-27,synthetic_document_00222.pdf,sender006@example.test,recipient008@example.test,copy014@example.test,blind003@example.test,Synthetic subject 00222,,,Yes,,
SYNEWPRV024-0000893,SYNEWPRV024-0000894,2025-08-28,synthetic_document_00223.pdf,sender007@example.test,recipient009@example.test,copy015@example.test,blind004@example.test,Synthetic subject 00223,,,,Yes,
SYNEWPRV024-0000897,SYNEWPRV024-0000899,2025-09-01,synthetic_document_00224.pdf,sender008@example.test,recipient010@example.test,copy016@example.test,blind005@example.test,Synthetic subject 00224,Yes,,,,
SYNEWPRV024-0000901,SYNEWPRV024-0000901,2025-10-02,synthetic_document_00225.pdf,sender009@example.test,recipient011@example.test,copy017@example.test,blind006@example.test,Synthetic subject 00225,,Yes,Yes,,Yes
SYNEWPRV024-0000905,SYNEWPRV024-0000906,2025-11-03,synthetic_document_00226.pdf,sender010@example.test,recipient012@example.test,copy018@example.test,blind007@example.test,Synthetic subject 00226,,,,Yes,
SYNEWPRV024-0000909,SYNEWPRV024-0000911,2025-12-04,synthetic_document_00227.pdf,sender011@example.test,recipient013@example.test,copy019@example.test,blind008@example.test,Synthetic subject 00227,,,,,
SYNEWPRV024-0000913,SYNEWPRV024-0000913,2025-01-05,synthetic_document_00228.pdf,sender012@example.test,recipient014@example.test,copy001@example.test,blind009@example.test,Synthetic subject 00228,Yes,,Yes,,
SYNEWPRV024-0000917,SYNEWPRV024-0000918,2025-02-06,synthetic_document_00229.pdf,sender013@example.test,recipient015@example.test,copy002@example.test,blind010@example.test,Synthetic subject 00229,,Yes,,Yes,
SYNEWPRV024-0000921,SYNEWPRV024-0000923,2025-03-07,synthetic_document_00230.pdf,sender014@example.test,recipient016@example.test,copy003@example.test,blind011@example.test,Synthetic subject 00230,,,,,Yes
SYNEWPRV024-0000925,SYNEWPRV024-0000925,2025-04-08,synthetic_document_00231.pdf,sender015@example.test,recipient017@example.test,copy004@example.test,blind001@example.test,Synthetic subject 00231,,,Yes,,
SYNEWPRV024-0000929,SYNEWPRV024-0000930,2025-05-09,synthetic_document_00232.pdf,sender016@example.test,recipient018@example.test,copy005@example.test,blind002@example.test,Synthetic subject 00232,Yes,,,Yes,
SYNEWPRV024-0000933,SYNEWPRV024-0000935,2025-06-10,synthetic_document_00233.pdf,sender017@example.test,recipient019@example.test,copy006@example.test,blind003@example.test,Synthetic subject 00233,,Yes,,,
SYNEWPRV024-0000937,SYNEWPRV024-0000937,2025-07-11,synthetic_document_00234.pdf,sender018@example.test,recipient020@example.test,copy007@example.test,blind004@example.test,Synthetic subject 00234,,,Yes,,
SYNEWPRV024-0000941,SYNEWPRV024-0000942,2025-08-12,synthetic_document_00235.pdf,sender019@example.test,recipient021@example.test,copy008@example.test,blind005@example.test,Synthetic subject 00235,,,,Yes,Yes
SYNEWPRV024-0000945,SYNEWPRV024-0000947,2025-09-13,synthetic_document_00236.pdf,sender020@example.test,recipient022@example.test,copy009@example.test,blind006@example.test,Synthetic subject 00236,Yes,,,,
SYNEWPRV024-0000949,SYNEWPRV024-0000949,2025-10-14,synthetic_document_00237.pdf,sender021@example.test,recipient023@example.test,copy010@example.test,blind007@example.test,Synthetic subject 00237,,Yes,Yes,,
SYNEWPRV024-0000953,SYNEWPRV024-0000954,2025-11-15,synthetic_document_00238.pdf,sender022@example.test,recipient024@example.test,copy011@example.test,blind008@example.test,Synthetic subject 00238,,,,Yes,
SYNEWPRV024-0000957,SYNEWPRV024-0000959,2025-12-16,synthetic_document_00239.pdf,sender023@example.test,recipient025@example.test,copy012@example.test,blind009@example.test,Synthetic subject 00239,,,,,
SYNEWPRV024-0000961,SYNEWPRV024-0000961,2025-01-17,synthetic_document_00240.pdf,sender024@example.test,recipient026@example.test,copy013@example.test,blind010@example.test,Synthetic subject 00240,Yes,,Yes,,Yes
SYNEWPRV024-0000965,SYNEWPRV024-0000966,2025-02-18,synthetic_document_00241.pdf,sender025@example.test,recipient027@example.test,copy014@example.test,blind011@example.test,Synthetic subject 00241,,Yes,,Yes,
SYNEWPRV024-0000969,SYNEWPRV024-0000971,2025-03-19,synthetic_document_00242.pdf,sender026@example.test,recipient028@example.test,copy015@example.test,blind001@example.test,Synthetic subject 00242,,,,,
SYNEWPRV024-0000973,SYNEWPRV024-0000973,2025-04-20,synthetic_document_00243.pdf,sender027@example.test,recipient029@example.test,copy016@example.test,blind002@example.test,Synthetic subject 00243,,,Yes,,
SYNEWPRV024-0000977,SYNEWPRV024-0000978,2025-05-21,synthetic_document_00244.pdf,sender028@example.test,recipient030@example.test,copy017@example.test,blind003@example.test,Synthetic subject 00244,Yes,,,Yes,
SYNEWPRV024-0000981,SYNEWPRV024-0000983,2025-06-22,synthetic_document_00245.pdf,sender029@example.test,recipient031@example.test,copy018@example.test,blind004@example.test,Synthetic subject 00245,,Yes,,,Yes
SYNEWPRV024-0000985,SYNEWPRV024-0000985,2025-07-23,synthetic_document_00246.pdf,sender030@example.test,recipient032@example.test,copy019@example.test,blind005@example.test,Synthetic subject 00246,,,Yes,,
SYNEWPRV024-0000989,SYNEWPRV024-0000990,2025-08-24,synthetic_document_00247.pdf,sender031@example.test,recipient033@example.test,copy001@example.test,blind006@example.test,Synthetic subject 00247,,,,Yes,
SYNEWPRV024-0000993,SYNEWPRV024-0000995,2025-09-25,synthetic_document_00248.pdf,sender001@example.test,recipient034@example.test,copy002@example.test,blind007@example.test,Synthetic subject 00248,Yes,,,,
SYNEWPRV024-0000997,SYNEWPRV024-0000997,2025-10-26,synthetic_document_00249.pdf,sender002@example.test,recipient035@example.test,copy003@example.test,blind008@example.test,Synthetic subject 00249,,Yes,Yes,,
SYNEWPRV024-0001001,SYNEWPRV024-0001002,2025-11-27,synthetic_document_00250.pdf,sender003@example.test,recipient036@example.test,copy004@example.test,blind009@example.test,Synthetic subject 00250,,,,Yes,Yes
SYNEWPRV024-0001005,SYNEWPRV024-0001007,2025-12-28,synthetic_document_00251.pdf,sender004@example.test,recipient037@example.test,copy005@example.test,blind010@example.test,Synthetic subject 00251,,,,,
SYNEWPRV024-0001009,SYNEWPRV024-0001009,2025-01-01,synthetic_document_00252.pdf,sender005@example.test,recipient038@example.test,copy006@example.test,blind011@example.test,Synthetic subject 00252,Yes,,Yes,,
SYNEWPRV024-0001013,SYNEWPRV024-0001014,2025-02-02,synthetic_document_00253.pdf,sender006@example.test,recipient039@example.test,copy007@example.test,blind001@example.test,Synthetic subject 00253,,Yes,,Yes,
SYNEWPRV024-0001017,SYNEWPRV024-0001019,2025-03-03,synthetic_document_00254.pdf,sender007@example.test,recipient040@example.test,copy008@example.test,blind002@example.test,Synthetic subject 00254,,,,,
SYNEWPRV024-0001021,SYNEWPRV024-0001021,2025-04-04,synthetic_document_00255.pdf,sender008@example.test,recipient041@example.test,copy009@example.test,blind003@example.test,Synthetic subject 00255,,,Yes,,Yes
SYNEWPRV024-0001025,SYNEWPRV024-0001026,2025-05-05,synthetic_document_00256.pdf,sender009@example.test,recipient042@example.test,copy010@example.test,blind004@example.test,Synthetic subject 00256,Yes,,,Yes,
SYNEWPRV024-0001029,SYNEWPRV024-0001031,2025-06-06,synthetic_document_00257.pdf,sender010@example.test,recipient043@example.test,copy011@example.test,blind005@example.test,Synthetic subject 00257,,Yes,,,
SYNEWPRV024-0001033,SYNEWPRV024-0001033,2025-07-07,synthetic_document_00258.pdf,sender011@example.test,recipient001@example.test,copy012@example.test,blind006@example.test,Synthetic subject 00258,,,Yes,,
SYNEWPRV024-0001037,SYNEWPRV024-0001038,2025-08-08,synthetic_document_00259.pdf,sender012@example.test,recipient002@example.test,copy013@example.test,blind007@example.test,Synthetic subject 00259,,,,Yes,
SYNEWPRV024-0001041,SYNEWPRV024-0001043,2025-09-09,synthetic_document_00260.pdf,sender013@example.test,recipient003@example.test,copy014@example.test,blind008@example.test,Synthetic subject 00260,Yes,,,,Yes
SYNEWPRV024-0001045,SYNEWPRV024-0001045,2025-10-10,synthetic_document_00261.pdf,sender014@example.test,recipient004@example.test,copy015@example.test,blind009@example.test,Synthetic subject 00261,,Yes,Yes,,
SYNEWPRV024-0001049,SYNEWPRV024-0001050,2025-11-11,synthetic_document_00262.pdf,sender015@example.test,recipient005@example.test,copy016@example.test,blind010@example.test,Synthetic subject 00262,,,,Yes,
SYNEWPRV024-0001053,SYNEWPRV024-0001055,2025-12-12,synthetic_document_00263.pdf,sender016@example.test,recipient006@example.test,copy017@example.test,blind011@example.test,Synthetic subject 00263,,,,,
SYNEWPRV024-0001057,SYNEWPRV024-0001057,2025-01-13,synthetic_document_00264.pdf,sender017@example.test,recipient007@example.test,copy018@example.test,blind001@example.test,Synthetic subject 00264,Yes,,Yes,,
SYNEWPRV024-0001061,SYNEWPRV024-0001062,2025-02-14,synthetic_document_00265.pdf,sender018@example.test,recipient008@example.test,copy019@example.test,blind002@example.test,Synthetic subject 00265,,Yes,,Yes,Yes
SYNEWPRV024-0001065,SYNEWPRV024-0001067,2025-03-15,synthetic_document_00266.pdf,sender019@example.test,recipient009@example.test,copy001@example.test,blind003@example.test,Synthetic subject 00266,,,,,
SYNEWPRV024-0001069,SYNEWPRV024-0001069,2025-04-16,synthetic_document_00267.pdf,sender020@example.test,recipient010@example.test,copy002@example.test,blind004@example.test,Synthetic subject 00267,,,Yes,,
SYNEWPRV024-0001073,SYNEWPRV024-0001074,2025-05-17,synthetic_document_00268.pdf,sender021@example.test,recipient011@example.test,copy003@example.test,blind005@example.test,Synthetic subject 00268,Yes,,,Yes,
SYNEWPRV024-0001077,SYNEWPRV024-0001079,2025-06-18,synthetic_document_00269.pdf,sender022@example.test,recipient012@example.test,copy004@example.test,blind006@example.test,Synthetic subject 00269,,Yes,,,
SYNEWPRV024-0001081,SYNEWPRV024-0001081,2025-07-19,synthetic_document_00270.pdf,sender023@example.test,recipient013@example.test,copy005@example.test,blind007@example.test,Synthetic subject 00270,,,Yes,,Yes
SYNEWPRV024-0001085,SYNEWPRV024-0001086,2025-08-20,synthetic_document_00271.pdf,sender024@example.test,recipient014@example.test,copy006@example.test,blind008@example.test,Synthetic subject 00271,,,,Yes,
SYNEWPRV024-0001089,SYNEWPRV024-0001091,2025-09-21,synthetic_document_00272.pdf,sender025@example.test,recipient015@example.test,copy007@example.test,blind009@example.test,Synthetic subject 00272,Yes,,,,
SYNEWPRV024-0001093,SYNEWPRV024-0001093,2025-10-22,synthetic_document_00273.pdf,sender026@example.test,recipient016@example.test,copy008@example.test,blind010@example.test,Synthetic subject 00273,,Yes,Yes,,
SYNEWPRV024-0001097,SYNEWPRV024-0001098,2025-11-23,synthetic_document_00274.pdf,sender027@example.test,recipient017@example.test,copy009@example.test,blind011@example.test,Synthetic subject 00274,,,,Yes,
SYNEWPRV024-0001101,SYNEWPRV024-0001103,2025-12-24,synthetic_document_00275.pdf,sender028@example.test,recipient018@example.test,copy010@example.test,blind001@example.test,Synthetic subject 00275,,,,,Yes
SYNEWPRV024-0001105,SYNEWPRV024-0001105,2025-01-25,synthetic_document_00276.pdf,sender029@example.test,recipient019@example.test,copy011@example.test,blind002@example.test,Synthetic subject 00276,Yes,,Yes,,
SYNEWPRV024-0001109,SYNEWPRV024-0001110,2025-02-26,synthetic_document_00277.pdf,sender030@example.test,recipient020@example.test,copy012@example.test,blind003@example.test,Synthetic subject 00277,,Yes,,Yes,
SYNEWPRV024-0001113,SYNEWPRV024-0001115,2025-03-27,synthetic_document_00278.pdf,sender031@example.test,recipient021@example.test,copy013@example.test,blind004@example.test,Synthetic subject 00278,,,,,
SYNEWPRV024-0001117,SYNEWPRV024-0001117,2025-04-28,synthetic_document_00279.pdf,sender001@example.test,recipient022@example.test,copy014@example.test,blind005@example.test,Synthetic subject 00279,,,Yes,,
SYNEWPRV024-0001121,SYNEWPRV024-0001122,2025-05-01,synthetic_document_00280.pdf,sender002@example.test,recipient023@example.test,copy015@example.test,blind006@example.test,Synthetic subject 00280,Yes,,,Yes,Yes
SYNEWPRV024-0001125,SYNEWPRV024-0001127,2025-06-02,synthetic_document_00281.pdf,sender003@example.test,recipient024@example.test,copy016@example.test,blind007@example.test,Synthetic subject 00281,,Yes,,,
SYNEWPRV024-0001129,SYNEWPRV024-0001129,2025-07-03,synthetic_document_00282.pdf,sender004@example.test,recipient025@example.test,copy017@example.test,blind008@example.test,Synthetic subject 00282,,,Yes,,
SYNEWPRV024-0001133,SYNEWPRV024-0001134,2025-08-04,synthetic_document_00283.pdf,sender005@example.test,recipient026@example.test,copy018@example.test,blind009@example.test,Synthetic subject 00283,,,,Yes,
SYNEWPRV024-0001137,SYNEWPRV024-0001139,2025-09-05,synthetic_document_00284.pdf,sender006@example.test,recipient027@example.test,copy019@example.test,blind010@example.test,Synthetic subject 00284,Yes,,,,
SYNEWPRV024-0001141,SYNEWPRV024-0001141,2025-10-06,synthetic_document_00285.pdf,sender007@example.test,recipient028@example.test,copy001@example.test,blind011@example.test,Synthetic subject 00285,,Yes,Yes,,Yes
SYNEWPRV024-0001145,SYNEWPRV024-0001146,2025-11-07,synthetic_document_00286.pdf,sender008@example.test,recipient029@example.test,copy002@example.test,blind001@example.test,Synthetic subject 00286,,,,Yes,
SYNEWPRV024-0001149,SYNEWPRV024-0001151,2025-12-08,synthetic_document_00287.pdf,sender009@example.test,recipient030@example.test,copy003@example.test,blind002@example.test,Synthetic subject 00287,,,,,
SYNEWPRV024-0001153,SYNEWPRV024-0001153,2025-01-09,synthetic_document_00288.pdf,sender010@example.test,recipient031@example.test,copy004@example.test,blind003@example.test,Synthetic subject 00288,Yes,,Yes,,
SYNEWPRV024-0001157,SYNEWPRV024-0001158,2025-02-10,synthetic_document_00289.pdf,sender011@example.test,recipient032@example.test,copy005@example.test,blind004@example.test,Synthetic subject 00289,,Yes,,Yes,
SYNEWPRV024-0001161,SYNEWPRV024-0001163,2025-03-11,synthetic_document_00290.pdf,sender012@example.test,recipient033@example.test,copy006@example.test,blind005@example.test,Synthetic subject 00290,,,,,Yes
SYNEWPRV024-0001165,SYNEWPRV024-0001165,2025-04-12,synthetic_document_00291.pdf,sender013@example.test,recipient034@example.test,copy007@example.test,blind006@example.test,Synthetic subject 00291,,,Yes,,
SYNEWPRV024-0001169,SYNEWPRV024-0001170,2025-05-13,synthetic_document_00292.pdf,sender014@example.test,recipient035@example.test,copy008@example.test,blind007@example.test,Synthetic subject 00292,Yes,,,Yes,
SYNEWPRV024-0001173,SYNEWPRV024-0001175,2025-06-14,synthetic_document_00293.pdf,sender015@example.test,recipient036@example.test,copy009@example.test,blind008@example.test,Synthetic subject 00293,,Yes,,,
SYNEWPRV024-0001177,SYNEWPRV024-0001177,2025-07-15,synthetic_document_00294.pdf,sender016@example.test,recipient037@example.test,copy010@example.test,blind009@example.test,Synthetic subject 00294,,,Yes,,
SYNEWPRV024-0001181,SYNEWPRV024-0001182,2025-08-16,synthetic_document_00295.pdf,sender017@example.test,recipient038@example.test,copy011@example.test,blind010@example.test,Synthetic subject 00295,,,,Yes,Yes
SYNEWPRV024-0001185,SYNEWPRV024-0001187,2025-09-17,synthetic_document_00296.pdf,sender018@example.test,recipient039@example.test,copy012@example.test,blind011@example.test,Synthetic subject 00296,Yes,,,,
SYNEWPRV024-0001189,SYNEWPRV024-0001189,2025-10-18,synthetic_document_00297.pdf,sender019@example.test,recipient040@example.test,copy013@example.test,blind001@example.test,Synthetic subject 00297,,Yes,Yes,,
SYNEWPRV024-0001193,SYNEWPRV024-0001194,2025-11-19,synthetic_document_00298.pdf,sender020@example.test,recipient041@example.test,copy014@example.test,blind002@example.test,Synthetic subject 00298,,,,Yes,
SYNEWPRV024-0001197,SYNEWPRV024-0001199,2025-12-20,synthetic_document_00299.pdf,sender021@example.test,recipient042@example.test,copy015@example.test,blind003@example.test,Synthetic subject 00299,,,,,
SYNEWPRV024-0001201,SYNEWPRV024-0001201,2025-01-21,synthetic_document_00300.pdf,sender022@example.test,recipient043@example.test,copy016@example.test,blind004@example.test,Synthetic subject 00300,Yes,,Yes,,Yes
SYNEWPRV024-0001205,SYNEWPRV024-0001206,2025-02-22,synthetic_document_00301.pdf,sender023@example.test,recipient001@example.test,copy017@example.test,blind005@example.test,Synthetic subject 00301,,Yes,,Yes,
SYNEWPRV024-0001209,SYNEWPRV024-0001211,2025-03-23,synthetic_document_00302.pdf,sender024@example.test,recipient002@example.test,copy018@example.test,blind006@example.test,Synthetic subject 00302,,,,,
SYNEWPRV024-0001213,SYNEWPRV024-0001213,2025-04-24,synthetic_document_00303.pdf,sender025@example.test,recipient003@example.test,copy019@example.test,blind007@example.test,Synthetic subject 00303,,,Yes,,
SYNEWPRV024-0001217,SYNEWPRV024-0001218,2025-05-25,synthetic_document_00304.pdf,sender026@example.test,recipient004@example.test,copy001@example.test,blind008@example.test,Synthetic subject 00304,Yes,,,Yes,
SYNEWPRV024-0001221,SYNEWPRV024-0001223,2025-06-26,synthetic_document_00305.pdf,sender027@example.test,recipient005@example.test,copy002@example.test,blind009@example.test,Synthetic subject 00305,,Yes,,,Yes
SYNEWPRV024-0001225,SYNEWPRV024-0001225,2025-07-27,synthetic_document_00306.pdf,sender028@example.test,recipient006@example.test,copy003@example.test,blind010@example.test,Synthetic subject 00306,,,Yes,,
SYNEWPRV024-0001229,SYNEWPRV024-0001230,2025-08-28,synthetic_document_00307.pdf,sender029@example.test,recipient007@example.test,copy004@example.test,blind011@example.test,Synthetic subject 00307,,,,Yes,
SYNEWPRV024-0001233,SYNEWPRV024-0001235,2025-09-01,synthetic_document_00308.pdf,sender030@example.test,recipient008@example.test,copy005@example.test,blind001@example.test,Synthetic subject 00308,Yes,,,,
SYNEWPRV024-0001237,SYNEWPRV024-0001237,2025-10-02,synthetic_document_00309.pdf,sender031@example.test,recipient009@example.test,copy006@example.test,blind002@example.test,Synthetic subject 00309,,Yes,Yes,,
SYNEWPRV024-0001241,SYNEWPRV024-0001242,2025-11-03,synthetic_document_00310.pdf,sender001@example.test,recipient010@example.test,copy007@example.test,blind003@example.test,Synthetic subject 00310,,,,Yes,Yes
SYNEWPRV024-0001245,SYNEWPRV024-0001247,2025-12-04,synthetic_document_00311.pdf,sender002@example.test,recipient011@example.test,copy008@example.test,blind004@example.test,Synthetic subject 00311,,,,,
SYNEWPRV024-0001249,SYNEWPRV024-0001249,2025-01-05,synthetic_document_00312.pdf,sender003@example.test,recipient012@example.test,copy009@example.test,blind005@example.test,Synthetic subject 00312,Yes,,Yes,,
SYNEWPRV024-0001253,SYNEWPRV024-0001254,2025-02-06,synthetic_document_00313.pdf,sender004@example.test,recipient013@example.test,copy010@example.test,blind006@example.test,Synthetic subject 00313,,Yes,,Yes,
SYNEWPRV024-0001257,SYNEWPRV024-0001259,2025-03-07,synthetic_document_00314.pdf,sender005@example.test,recipient014@example.test,copy011@example.test,blind007@example.test,Synthetic subject 00314,,,,,
SYNEWPRV024-0001261,SYNEWPRV024-0001261,2025-04-08,synthetic_document_00315.pdf,sender006@example.test,recipient015@example.test,copy012@example.test,blind008@example.test,Synthetic subject 00315,,,Yes,,Yes
SYNEWPRV024-0001265,SYNEWPRV024-0001266,2025-05-09,synthetic_document_00316.pdf,sender007@example.test,recipient016@example.test,copy013@example.test,blind009@example.test,Synthetic subject 00316,Yes,,,Yes,
SYNEWPRV024-0001269,SYNEWPRV024-0001271,2025-06-10,synthetic_document_00317.pdf,sender008@example.test,recipient017@example.test,copy014@example.test,blind010@example.test,Synthetic subject 00317,,Yes,,,
SYNEWPRV024-0001273,SYNEWPRV024-0001273,2025-07-11,synthetic_document_00318.pdf,sender009@example.test,recipient018@example.test,copy015@example.test,blind011@example.test,Synthetic subject 00318,,,Yes,,
SYNEWPRV024-0001277,SYNEWPRV024-0001278,2025-08-12,synthetic_document_00319.pdf,sender010@example.test,recipient019@example.test,copy016@example.test,blind001@example.test,Synthetic subject 00319,,,,Yes,
SYNEWPRV024-0001281,SYNEWPRV024-0001283,2025-09-13,synthetic_document_00320.pdf,sender011@example.test,recipient020@example.test,copy017@example.test,blind002@example.test,Synthetic subject 00320,Yes,,,,Yes
SYNEWPRV024-0001285,SYNEWPRV024-0001285,2025-10-14,synthetic_document_00321.pdf,sender012@example.test,recipient021@example.test,copy018@example.test,blind003@example.test,Synthetic subject 00321,,Yes,Yes,,
SYNEWPRV024-0001289,SYNEWPRV024-0001290,2025-11-15,synthetic_document_00322.pdf,sender013@example.test,recipient022@example.test,copy019@example.test,blind004@example.test,Synthetic subject 00322,,,,Yes,
SYNEWPRV024-0001293,SYNEWPRV024-0001295,2025-12-16,synthetic_document_00323.pdf,sender014@example.test,recipient023@example.test,copy001@example.test,blind005@example.test,Synthetic subject 00323,,,,,
SYNEWPRV024-0001297,SYNEWPRV024-0001297,2025-01-17,synthetic_document_00324.pdf,sender015@example.test,recipient024@example.test,copy002@example.test,blind006@example.test,Synthetic subject 00324,Yes,,Yes,,
SYNEWPRV024-0001301,SYNEWPRV024-0001302,2025-02-18,synthetic_document_00325.pdf,sender016@example.test,recipient025@example.test,copy003@example.test,blind007@example.test,Synthetic subject 00325,,Yes,,Yes,Yes
SYNEWPRV024-0001305,SYNEWPRV024-0001307,2025-03-19,synthetic_document_00326.pdf,sender017@example.test,recipient026@example.test,copy004@example.test,blind008@example.test,Synthetic subject 00326,,,,,
SYNEWPRV024-0001309,SYNEWPRV024-0001309,2025-04-20,synthetic_document_00327.pdf,sender018@example.test,recipient027@example.test,copy005@example.test,blind009@example.test,Synthetic subject 00327,,,Yes,,
SYNEWPRV024-0001313,SYNEWPRV024-0001314,2025-05-21,synthetic_document_00328.pdf,sender019@example.test,recipient028@example.test,copy006@example.test,blind010@example.test,Synthetic subject 00328,Yes,,,Yes,
SYNEWPRV024-0001317,SYNEWPRV024-0001319,2025-06-22,synthetic_document_00329.pdf,sender020@example.test,recipient029@example.test,copy007@example.test,blind011@example.test,Synthetic subject 00329,,Yes,,,
SYNEWPRV024-0001321,SYNEWPRV024-0001321,2025-07-23,synthetic_document_00330.pdf,sender021@example.test,recipient030@example.test,copy008@example.test,blind001@example.test,Synthetic subject 00330,,,Yes,,Yes
SYNEWPRV024-0001325,SYNEWPRV024-0001326,2025-08-24,synthetic_document_00331.pdf,sender022@example.test,recipient031@example.test,copy009@example.test,blind002@example.test,Synthetic subject 00331,,,,Yes,
SYNEWPRV024-0001329,SYNEWPRV024-0001331,2025-09-25,synthetic_document_00332.pdf,sender023@example.test,recipient032@example.test,copy010@example.test,blind003@example.test,Synthetic subject 00332,Yes,,,,
SYNEWPRV024-0001333,SYNEWPRV024-0001333,2025-10-26,synthetic_document_00333.pdf,sender024@example.test,recipient033@example.test,copy011@example.test,blind004@example.test,Synthetic subject 00333,,Yes,Yes,,
SYNEWPRV024-0001337,SYNEWPRV024-0001338,2025-11-27,synthetic_document_00334.pdf,sender025@example.test,recipient034@example.test,copy012@example.test,blind005@example.test,Synthetic subject 00334,,,,Yes,
SYNEWPRV024-0001341,SYNEWPRV024-0001343,2025-12-28,synthetic_document_00335.pdf,sender026@example.test,recipient035@example.test,copy013@example.test,blind006@example.test,Synthetic subject 00335,,,,,Yes
SYNEWPRV024-0001345,SYNEWPRV024-0001345,2025-01-01,synthetic_document_00336.pdf,sender027@example.test,recipient036@example.test,copy014@example.test,blind007@example.test,Synthetic subject 00336,Yes,,Yes,,
SYNEWPRV024-0001349,SYNEWPRV024-0001350,2025-02-02,synthetic_document_00337.pdf,sender028@example.test,recipient037@example.test,copy015@example.test,blind008@example.test,Synthetic subject 00337,,Yes,,Yes,
SYNEWPRV024-0001353,SYNEWPRV024-0001355,2025-03-03,synthetic_document_00338.pdf,sender029@example.test,recipient038@example.test,copy016@example.test,blind009@example.test,Synthetic subject 00338,,,,,
SYNEWPRV024-0001357,SYNEWPRV024-0001357,2025-04-04,synthetic_document_00339.pdf,sender030@example.test,recipient039@example.test,copy017@example.test,blind010@example.test,Synthetic subject 00339,,,Yes,,
SYNEWPRV024-0001361,SYNEWPRV024-0001362,2025-05-05,synthetic_document_00340.pdf,sender031@example.test,recipient040@example.test,copy018@example.test,blind011@example.test,Synthetic subject 00340,Yes,,,Yes,Yes
SYNEWPRV024-0001365,SYNEWPRV024-0001367,2025-06-06,synthetic_document_00341.pdf,sender001@example.test,recipient041@example.test,copy019@example.test,blind001@example.test,Synthetic subject 00341,,Yes,,,
SYNEWPRV024-0001369,SYNEWPRV024-0001369,2025-07-07,synthetic_document_00342.pdf,sender002@example.test,recipient042@example.test,copy001@example.test,blind002@example.test,Synthetic subject 00342,,,Yes,,
SYNEWPRV024-0001373,SYNEWPRV024-0001374,2025-08-08,synthetic_document_00343.pdf,sender003@example.test,recipient043@example.test,copy002@example.test,blind003@example.test,Synthetic subject 00343,,,,Yes,
SYNEWPRV024-0001377,SYNEWPRV024-0001379,2025-09-09,synthetic_document_00344.pdf,sender004@example.test,recipient001@example.test,copy003@example.test,blind004@example.test,Synthetic subject 00344,Yes,,,,
SYNEWPRV024-0001381,SYNEWPRV024-0001381,2025-10-10,synthetic_document_00345.pdf,sender005@example.test,recipient002@example.test,copy004@example.test,blind005@example.test,Synthetic subject 00345,,Yes,Yes,,Yes
SYNEWPRV024-0001385,SYNEWPRV024-0001386,2025-11-11,synthetic_document_00346.pdf,sender006@example.test,recipient003@example.test,copy005@example.test,blind006@example.test,Synthetic subject 00346,,,,Yes,
SYNEWPRV024-0001389,SYNEWPRV024-0001391,2025-12-12,synthetic_document_00347.pdf,sender007@example.test,recipient004@example.test,copy006@example.test,blind007@example.test,Synthetic subject 00347,,,,,
SYNEWPRV024-0001393,SYNEWPRV024-0001393,2025-01-13,synthetic_document_00348.pdf,sender008@example.test,recipient005@example.test,copy007@example.test,blind008@example.test,Synthetic subject 00348,Yes,,Yes,,
SYNEWPRV024-0001397,SYNEWPRV024-0001398,2025-02-14,synthetic_document_00349.pdf,sender009@example.test,recipient006@example.test,copy008@example.test,blind009@example.test,Synthetic subject 00349,,Yes,,Yes,
SYNEWPRV024-0001401,SYNEWPRV024-0001403,2025-03-15,synthetic_document_00350.pdf,sender010@example.test,recipient007@example.test,copy009@example.test,blind010@example.test,Synthetic subject 00350,,,,,Yes
SYNEWPRV024-0001405,SYNEWPRV024-0001405,2025-04-16,synthetic_document_00351.pdf,sender011@example.test,recipient008@example.test,copy010@example.test,blind011@example.test,Synthetic subject 00351,,,Yes,,
SYNEWPRV024-0001409,SYNEWPRV024-0001410,2025-05-17,synthetic_document_00352.pdf,sender012@example.test,recipient009@example.test,copy011@example.test,blind001@example.test,Synthetic subject 00352,Yes,,,Yes,
SYNEWPRV024-0001413,SYNEWPRV024-0001415,2025-06-18,synthetic_document_00353.pdf,sender013@example.test,recipient010@example.test,copy012@example.test,blind002@example.test,Synthetic subject 00353,,Yes,,,
SYNEWPRV024-0001417,SYNEWPRV024-0001417,2025-07-19,synthetic_document_00354.pdf,sender014@example.test,recipient011@example.test,copy013@example.test,blind003@example.test,Synthetic subject 00354,,,Yes,,
SYNEWPRV024-0001421,SYNEWPRV024-0001422,2025-08-20,synthetic_document_00355.pdf,sender015@example.test,recipient012@example.test,copy014@example.test,blind004@example.test,Synthetic subject 00355,,,,Yes,Yes
SYNEWPRV024-0001425,SYNEWPRV024-0001427,2025-09-21,synthetic_document_00356.pdf,sender016@example.test,recipient013@example.test,copy015@example.test,blind005@example.test,Synthetic subject 00356,Yes,,,,
SYNEWPRV024-0001429,SYNEWPRV024-0001429,2025-10-22,synthetic_document_00357.pdf,sender017@example.test,recipient014@example.test,copy016@example.test,blind006@example.test,Synthetic subject 00357,,Yes,Yes,,
SYNEWPRV024-0001433,SYNEWPRV024-0001434,2025-11-23,synthetic_document_00358.pdf,sender018@example.test,recipient015@example.test,copy017@example.test,blind007@example.test,Synthetic subject 00358,,,,Yes,
SYNEWPRV024-0001437,SYNEWPRV024-0001439,2025-12-24,synthetic_document_00359.pdf,sender019@example.test,recipient016@example.test,copy018@example.test,blind008@example.test,Synthetic subject 00359,,,,,
SYNEWPRV024-0001441,SYNEWPRV024-0001441,2025-01-25,synthetic_document_00360.pdf,sender020@example.test,recipient017@example.test,copy019@example.test,blind009@example.test,Synthetic subject 00360,Yes,,Yes,,Yes
SYNEWPRV024-0001445,SYNEWPRV024-0001446,2025-02-26,synthetic_document_00361.pdf,sender021@example.test,recipient018@example.test,copy001@example.test,blind010@example.test,Synthetic subject 00361,,Yes,,Yes,
SYNEWPRV024-0001449,SYNEWPRV024-0001451,2025-03-27,synthetic_document_00362.pdf,sender022@example.test,recipient019@example.test,copy002@example.test,blind011@example.test,Synthetic subject 00362,,,,,
SYNEWPRV024-0001453,SYNEWPRV024-0001453,2025-04-28,synthetic_document_00363.pdf,sender023@example.test,recipient020@example.test,copy003@example.test,blind001@example.test,Synthetic subject 00363,,,Yes,,
SYNEWPRV024-0001457,SYNEWPRV024-0001458,2025-05-01,synthetic_document_00364.pdf,sender024@example.test,recipient021@example.test,copy004@example.test,blind002@example.test,Synthetic subject 00364,Yes,,,Yes,
SYNEWPRV024-0001461,SYNEWPRV024-0001463,2025-06-02,synthetic_document_00365.pdf,sender025@example.test,recipient022@example.test,copy005@example.test,blind003@example.test,Synthetic subject 00365,,Yes,,,Yes
SYNEWPRV024-0001465,SYNEWPRV024-0001465,2025-07-03,synthetic_document_00366.pdf,sender026@example.test,recipient023@example.test,copy006@example.test,blind004@example.test,Synthetic subject 00366,,,Yes,,
SYNEWPRV024-0001469,SYNEWPRV024-0001470,2025-08-04,synthetic_document_00367.pdf,sender027@example.test,recipient024@example.test,copy007@example.test,blind005@example.test,Synthetic subject 00367,,,,Yes,
SYNEWPRV024-0001473,SYNEWPRV024-0001475,2025-09-05,synthetic_document_00368.pdf,sender028@example.test,recipient025@example.test,copy008@example.test,blind006@example.test,Synthetic subject 00368,Yes,,,,
SYNEWPRV024-0001477,SYNEWPRV024-0001477,2025-10-06,synthetic_document_00369.pdf,sender029@example.test,recipient026@example.test,copy009@example.test,blind007@example.test,Synthetic subject 00369,,Yes,Yes,,
SYNEWPRV024-0001481,SYNEWPRV024-0001482,2025-11-07,synthetic_document_00370.pdf,sender030@example.test,recipient027@example.test,copy010@example.test,blind008@example.test,Synthetic subject 00370,,,,Yes,Yes
SYNEWPRV024-0001485,SYNEWPRV024-0001487,2025-12-08,synthetic_document_00371.pdf,sender031@example.test,recipient028@example.test,copy011@example.test,blind009@example.test,Synthetic subject 00371,,,,,
SYNEWPRV024-0001489,SYNEWPRV024-0001489,2025-01-09,synthetic_document_00372.pdf,sender001@example.test,recipient029@example.test,copy012@example.test,blind010@example.test,Synthetic subject 00372,Yes,,Yes,,
SYNEWPRV024-0001493,SYNEWPRV024-0001494,2025-02-10,synthetic_document_00373.pdf,sender002@example.test,recipient030@example.test,copy013@example.test,blind011@example.test,Synthetic subject 00373,,Yes,,Yes,
SYNEWPRV024-0001497,SYNEWPRV024-0001499,2025-03-11,synthetic_document_00374.pdf,sender003@example.test,recipient031@example.test,copy014@example.test,blind001@example.test,Synthetic subject 00374,,,,,
SYNEWPRV024-0001501,SYNEWPRV024-0001501,2025-04-12,synthetic_document_00375.pdf,sender004@example.test,recipient032@example.test,copy015@example.test,blind002@example.test,Synthetic subject 00375,,,Yes,,Yes
SYNEWPRV024-0001505,SYNEWPRV024-0001506,2025-05-13,synthetic_document_00376.pdf,sender005@example.test,recipient033@example.test,copy016@example.test,blind003@example.test,Synthetic subject 00376,Yes,,,Yes,
SYNEWPRV024-0001509,SYNEWPRV024-0001511,2025-06-14,synthetic_document_00377.pdf,sender006@example.test,recipient034@example.test,copy017@example.test,blind004@example.test,Synthetic subject 00377,,Yes,,,
SYNEWPRV024-0001513,SYNEWPRV024-0001513,2025-07-15,synthetic_document_00378.pdf,sender007@example.test,recipient035@example.test,copy018@example.test,blind005@example.test,Synthetic subject 00378,,,Yes,,
SYNEWPRV024-0001517,SYNEWPRV024-0001518,2025-08-16,synthetic_document_00379.pdf,sender008@example.test,recipient036@example.test,copy019@example.test,blind006@example.test,Synthetic subject 00379,,,,Yes,
SYNEWPRV024-0001521,SYNEWPRV024-0001523,2025-09-17,synthetic_document_00380.pdf,sender009@example.test,recipient037@example.test,copy001@example.test,blind007@example.test,Synthetic subject 00380,Yes,,,,Yes
SYNEWPRV024-0001525,SYNEWPRV024-0001525,2025-10-18,synthetic_document_00381.pdf,sender010@example.test,recipient038@example.test,copy002@example.test,blind008@example.test,Synthetic subject 00381,,Yes,Yes,,
SYNEWPRV024-0001529,SYNEWPRV024-0001530,2025-11-19,synthetic_document_00382.pdf,sender011@example.test,recipient039@example.test,copy003@example.test,blind009@example.test,Synthetic subject 00382,,,,Yes,
SYNEWPRV024-0001533,SYNEWPRV024-0001535,2025-12-20,synthetic_document_00383.pdf,sender012@example.test,recipient040@example.test,copy004@example.test,blind010@example.test,Synthetic subject 00383,,,,,
SYNEWPRV024-0001537,SYNEWPRV024-0001537,2025-01-21,synthetic_document_00384.pdf,sender013@example.test,recipient041@example.test,copy005@example.test,blind011@example.test,Synthetic subject 00384,Yes,,Yes,,
SYNEWPRV024-0001541,SYNEWPRV024-0001542,2025-02-22,synthetic_document_00385.pdf,sender014@example.test,recipient042@example.test,copy006@example.test,blind001@example.test,Synthetic subject 00385,,Yes,,Yes,Yes
SYNEWPRV024-0001545,SYNEWPRV024-0001547,2025-03-23,synthetic_document_00386.pdf,sender015@example.test,recipient043@example.test,copy007@example.test,blind002@example.test,Synthetic subject 00386,,,,,
SYNEWPRV024-0001549,SYNEWPRV024-0001549,2025-04-24,synthetic_document_00387.pdf,sender016@example.test,recipient001@example.test,copy008@example.test,blind003@example.test,Synthetic subject 00387,,,Yes,,
SYNEWPRV024-0001553,SYNEWPRV024-0001554,2025-05-25,synthetic_document_00388.pdf,sender017@example.test,recipient002@example.test,copy009@example.test,blind004@example.test,Synthetic subject 00388,Yes,,,Yes,
SYNEWPRV024-0001557,SYNEWPRV024-0001559,2025-06-26,synthetic_document_00389.pdf,sender018@example.test,recipient003@example.test,copy010@example.test,blind005@example.test,Synthetic subject 00389,,Yes,,,
SYNEWPRV024-0001561,SYNEWPRV024-0001561,2025-07-27,synthetic_document_00390.pdf,sender019@example.test,recipient004@example.test,copy011@example.test,blind006@example.test,Synthetic subject 00390,,,Yes,,Yes
SYNEWPRV024-0001565,SYNEWPRV024-0001566,2025-08-28,synthetic_document_00391.pdf,sender020@example.test,recipient005@example.test,copy012@example.test,blind007@example.test,Synthetic subject 00391,,,,Yes,
SYNEWPRV024-0001569,SYNEWPRV024-0001571,2025-09-01,synthetic_document_00392.pdf,sender021@example.test,recipient006@example.test,copy013@example.test,blind008@example.test,Synthetic subject 00392,Yes,,,,
SYNEWPRV024-0001573,SYNEWPRV024-0001573,2025-10-02,synthetic_document_00393.pdf,sender022@example.test,recipient007@example.test,copy014@example.test,blind009@example.test,Synthetic subject 00393,,Yes,Yes,,
SYNEWPRV024-0001577,SYNEWPRV024-0001578,2025-11-03,synthetic_document_00394.pdf,sender023@example.test,recipient008@example.test,copy015@example.test,blind010@example.test,Synthetic subject 00394,,,,Yes,
SYNEWPRV024-0001581,SYNEWPRV024-0001583,2025-12-04,synthetic_document_00395.pdf,sender024@example.test,recipient009@example.test,copy016@example.test,blind011@example.test,Synthetic subject 00395,,,,,Yes
SYNEWPRV024-0001585,SYNEWPRV024-0001585,2025-01-05,synthetic_document_00396.pdf,sender025@example.test,recipient010@example.test,copy017@example.test,blind001@example.test,Synthetic subject 00396,Yes,,Yes,,
SYNEWPRV024-0001589,SYNEWPRV024-0001590,2025-02-06,synthetic_document_00397.pdf,sender026@example.test,recipient011@example.test,copy018@example.test,blind002@example.test,Synthetic subject 00397,,Yes,,Yes,
SYNEWPRV024-0001593,SYNEWPRV024-0001595,2025-03-07,synthetic_document_00398.pdf,sender027@example.test,recipient012@example.test,copy019@example.test,blind003@example.test,Synthetic subject 00398,,,,,
SYNEWPRV024-0001597,SYNEWPRV024-0001597,2025-04-08,synthetic_document_00399.pdf,sender028@example.test,recipient013@example.test,copy001@example.test,blind004@example.test,Synthetic subject 00399,,,Yes,,
SYNEWPRV024-0001601,SYNEWPRV024-0001602,2025-05-09,synthetic_document_00400.pdf,sender029@example.test,recipient014@example.test,copy002@example.test,blind005@example.test,Synthetic subject 00400,Yes,,,Yes,Yes
SYNEWPRV024-0001605,SYNEWPRV024-0001607,2025-06-10,synthetic_document_00401.pdf,sender030@example.test,recipient015@example.test,copy003@example.test,blind006@example.test,Synthetic subject 00401,,Yes,,,
SYNEWPRV024-0001609,SYNEWPRV024-0001609,2025-07-11,synthetic_document_00402.pdf,sender031@example.test,recipient016@example.test,copy004@example.test,blind007@example.test,Synthetic subject 00402,,,Yes,,
SYNEWPRV024-0001613,SYNEWPRV024-0001614,2025-08-12,synthetic_document_00403.pdf,sender001@example.test,recipient017@example.test,copy005@example.test,blind008@example.test,Synthetic subject 00403,,,,Yes,
SYNEWPRV024-0001617,SYNEWPRV024-0001619,2025-09-13,synthetic_document_00404.pdf,sender002@example.test,recipient018@example.test,copy006@example.test,blind009@example.test,Synthetic subject 00404,Yes,,,,
SYNEWPRV024-0001621,SYNEWPRV024-0001621,2025-10-14,synthetic_document_00405.pdf,sender003@example.test,recipient019@example.test,copy007@example.test,blind010@example.test,Synthetic subject 00405,,Yes,Yes,,Yes
SYNEWPRV024-0001625,SYNEWPRV024-0001626,2025-11-15,synthetic_document_00406.pdf,sender004@example.test,recipient020@example.test,copy008@example.test,blind011@example.test,Synthetic subject 00406,,,,Yes,
SYNEWPRV024-0001629,SYNEWPRV024-0001631,2025-12-16,synthetic_document_00407.pdf,sender005@example.test,recipient021@example.test,copy009@example.test,blind001@example.test,Synthetic subject 00407,,,,,
SYNEWPRV024-0001633,SYNEWPRV024-0001633,2025-01-17,synthetic_document_00408.pdf,sender006@example.test,recipient022@example.test,copy010@example.test,blind002@example.test,Synthetic subject 00408,Yes,,Yes,,
SYNEWPRV024-0001637,SYNEWPRV024-0001638,2025-02-18,synthetic_document_00409.pdf,sender007@example.test,recipient023@example.test,copy011@example.test,blind003@example.test,Synthetic subject 00409,,Yes,,Yes,
SYNEWPRV024-0001641,SYNEWPRV024-0001643,2025-03-19,synthetic_document_00410.pdf,sender008@example.test,recipient024@example.test,copy012@example.test,blind004@example.test,Synthetic subject 00410,,,,,Yes
SYNEWPRV024-0001645,SYNEWPRV024-0001645,2025-04-20,synthetic_document_00411.pdf,sender009@example.test,recipient025@example.test,copy013@example.test,blind005@example.test,Synthetic subject 00411,,,Yes,,
SYNEWPRV024-0001649,SYNEWPRV024-0001650,2025-05-21,synthetic_document_00412.pdf,sender010@example.test,recipient026@example.test,copy014@example.test,blind006@example.test,Synthetic subject 00412,Yes,,,Yes,
SYNEWPRV024-0001653,SYNEWPRV024-0001655,2025-06-22,synthetic_document_00413.pdf,sender011@example.test,recipient027@example.test,copy015@example.test,blind007@example.test,Synthetic subject 00413,,Yes,,,
SYNEWPRV024-0001657,SYNEWPRV024-0001657,2025-07-23,synthetic_document_00414.pdf,sender012@example.test,recipient028@example.test,copy016@example.test,blind008@example.test,Synthetic subject 00414,,,Yes,,
SYNEWPRV024-0001661,SYNEWPRV024-0001662,2025-08-24,synthetic_document_00415.pdf,sender013@example.test,recipient029@example.test,copy017@example.test,blind009@example.test,Synthetic subject 00415,,,,Yes,Yes
SYNEWPRV024-0001665,SYNEWPRV024-0001667,2025-09-25,synthetic_document_00416.pdf,sender014@example.test,recipient030@example.test,copy018@example.test,blind010@example.test,Synthetic subject 00416,Yes,,,,
SYNEWPRV024-0001669,SYNEWPRV024-0001669,2025-10-26,synthetic_document_00417.pdf,sender015@example.test,recipient031@example.test,copy019@example.test,blind011@example.test,Synthetic subject 00417,,Yes,Yes,,
SYNEWPRV024-0001673,SYNEWPRV024-0001674,2025-11-27,synthetic_document_00418.pdf,sender016@example.test,recipient032@example.test,copy001@example.test,blind001@example.test,Synthetic subject 00418,,,,Yes,
SYNEWPRV024-0001677,SYNEWPRV024-0001679,2025-12-28,synthetic_document_00419.pdf,sender017@example.test,recipient033@example.test,copy002@example.test,blind002@example.test,Synthetic subject 00419,,,,,
SYNEWPRV024-0001681,SYNEWPRV024-0001681,2025-01-01,synthetic_document_00420.pdf,sender018@example.test,recipient034@example.test,copy003@example.test,blind003@example.test,Synthetic subject 00420,Yes,,Yes,,Yes
SYNEWPRV024-0001685,SYNEWPRV024-0001686,2025-02-02,synthetic_document_00421.pdf,sender019@example.test,recipient035@example.test,copy004@example.test,blind004@example.test,Synthetic subject 00421,,Yes,,Yes,
SYNEWPRV024-0001689,SYNEWPRV024-0001691,2025-03-03,synthetic_document_00422.pdf,sender020@example.test,recipient036@example.test,copy005@example.test,blind005@example.test,Synthetic subject 00422,,,,,
SYNEWPRV024-0001693,SYNEWPRV024-0001693,2025-04-04,synthetic_document_00423.pdf,sender021@example.test,recipient037@example.test,copy006@example.test,blind006@example.test,Synthetic subject 00423,,,Yes,,
SYNEWPRV024-0001697,SYNEWPRV024-0001698,2025-05-05,synthetic_document_00424.pdf,sender022@example.test,recipient038@example.test,copy007@example.test,blind007@example.test,Synthetic subject 00424,Yes,,,Yes,
SYNEWPRV024-0001701,SYNEWPRV024-0001703,2025-06-06,synthetic_document_00425.pdf,sender023@example.test,recipient039@example.test,copy008@example.test,blind008@example.test,Synthetic subject 00425,,Yes,,,Yes
SYNEWPRV024-0001705,SYNEWPRV024-0001705,2025-07-07,synthetic_document_00426.pdf,sender024@example.test,recipient040@example.test,copy009@example.test,blind009@example.test,Synthetic subject 00426,,,Yes,,
SYNEWPRV024-0001709,SYNEWPRV024-0001710,2025-08-08,synthetic_document_00427.pdf,sender025@example.test,recipient041@example.test,copy010@example.test,blind010@example.test,Synthetic subject 00427,,,,Yes,
SYNEWPRV024-0001713,SYNEWPRV024-0001715,2025-09-09,synthetic_document_00428.pdf,sender026@example.test,recipient042@example.test,copy011@example.test,blind011@example.test,Synthetic subject 00428,Yes,,,,
SYNEWPRV024-0001717,SYNEWPRV024-0001717,2025-10-10,synthetic_document_00429.pdf,sender027@example.test,recipient043@example.test,copy012@example.test,blind001@example.test,Synthetic subject 00429,,Yes,Yes,,
SYNEWPRV024-0001721,SYNEWPRV024-0001722,2025-11-11,synthetic_document_00430.pdf,sender028@example.test,recipient001@example.test,copy013@example.test,blind002@example.test,Synthetic subject 00430,,,,Yes,Yes
SYNEWPRV024-0001725,SYNEWPRV024-0001727,2025-12-12,synthetic_document_00431.pdf,sender029@example.test,recipient002@example.test,copy014@example.test,blind003@example.test,Synthetic subject 00431,,,,,
SYNEWPRV024-0001729,SYNEWPRV024-0001729,2025-01-13,synthetic_document_00432.pdf,sender030@example.test,recipient003@example.test,copy015@example.test,blind004@example.test,Synthetic subject 00432,Yes,,Yes,,
SYNEWPRV024-0001733,SYNEWPRV024-0001734,2025-02-14,synthetic_document_00433.pdf,sender031@example.test,recipient004@example.test,copy016@example.test,blind005@example.test,Synthetic subject 00433,,Yes,,Yes,
SYNEWPRV024-0001737,SYNEWPRV024-0001739,2025-03-15,synthetic_document_00434.pdf,sender001@example.test,recipient005@example.test,copy017@example.test,blind006@example.test,Synthetic subject 00434,,,,,
SYNEWPRV024-0001741,SYNEWPRV024-0001741,2025-04-16,synthetic_document_00435.pdf,sender002@example.test,recipient006@example.test,copy018@example.test,blind007@example.test,Synthetic subject 00435,,,Yes,,Yes
SYNEWPRV024-0001745,SYNEWPRV024-0001746,2025-05-17,synthetic_document_00436.pdf,sender003@example.test,recipient007@example.test,copy019@example.test,blind008@example.test,Synthetic subject 00436,Yes,,,Yes,
SYNEWPRV024-0001749,SYNEWPRV024-0001751,2025-06-18,synthetic_document_00437.pdf,sender004@example.test,recipient008@example.test,copy001@example.test,blind009@example.test,Synthetic subject 00437,,Yes,,,
SYNEWPRV024-0001753,SYNEWPRV024-0001753,2025-07-19,synthetic_document_00438.pdf,sender005@example.test,recipient009@example.test,copy002@example.test,blind010@example.test,Synthetic subject 00438,,,Yes,,
SYNEWPRV024-0001757,SYNEWPRV024-0001758,2025-08-20,synthetic_document_00439.pdf,sender006@example.test,recipient010@example.test,copy003@example.test,blind011@example.test,Synthetic subject 00439,,,,Yes,
SYNEWPRV024-0001761,SYNEWPRV024-0001763,2025-09-21,synthetic_document_00440.pdf,sender007@example.test,recipient011@example.test,copy004@example.test,blind001@example.test,Synthetic subject 00440,Yes,,,,Yes
SYNEWPRV024-0001765,SYNEWPRV024-0001765,2025-10-22,synthetic_document_00441.pdf,sender008@example.test,recipient012@example.test,copy005@example.test,blind002@example.test,Synthetic subject 00441,,Yes,Yes,,
SYNEWPRV024-0001769,SYNEWPRV024-0001770,2025-11-23,synthetic_document_00442.pdf,sender009@example.test,recipient013@example.test,copy006@example.test,blind003@example.test,Synthetic subject 00442,,,,Yes,
SYNEWPRV024-0001773,SYNEWPRV024-0001775,2025-12-24,synthetic_document_00443.pdf,sender010@example.test,recipient014@example.test,copy007@example.test,blind004@example.test,Synthetic subject 00443,,,,,
SYNEWPRV024-0001777,SYNEWPRV024-0001777,2025-01-25,synthetic_document_00444.pdf,sender011@example.test,recipient015@example.test,copy008@example.test,blind005@example.test,Synthetic subject 00444,Yes,,Yes,,
SYNEWPRV024-0001781,SYNEWPRV024-0001782,2025-02-26,synthetic_document_00445.pdf,sender012@example.test,recipient016@example.test,copy009@example.test,blind006@example.test,Synthetic subject 00445,,Yes,,Yes,Yes
SYNEWPRV024-0001785,SYNEWPRV024-0001787,2025-03-27,synthetic_document_00446.pdf,sender013@example.test,recipient017@example.test,copy010@example.test,blind007@example.test,Synthetic subject 00446,,,,,
SYNEWPRV024-0001789,SYNEWPRV024-0001789,2025-04-28,synthetic_document_00447.pdf,sender014@example.test,recipient018@example.test,copy011@example.test,blind008@example.test,Synthetic subject 00447,,,Yes,,
SYNEWPRV024-0001793,SYNEWPRV024-0001794,2025-05-01,synthetic_document_00448.pdf,sender015@example.test,recipient019@example.test,copy012@example.test,blind009@example.test,Synthetic subject 00448,Yes,,,Yes,
SYNEWPRV024-0001797,SYNEWPRV024-0001799,2025-06-02,synthetic_document_00449.pdf,sender016@example.test,recipient020@example.test,copy013@example.test,blind010@example.test,Synthetic subject 00449,,Yes,,,
SYNEWPRV024-0001801,SYNEWPRV024-0001801,2025-07-03,synthetic_document_00450.pdf,sender017@example.test,recipient021@example.test,copy014@example.test,blind011@example.test,Synthetic subject 00450,,,Yes,,Yes
SYNEWPRV024-0001805,SYNEWPRV024-0001806,2025-08-04,synthetic_document_00451.pdf,sender018@example.test,recipient022@example.test,copy015@example.test,blind001@example.test,Synthetic subject 00451,,,,Yes,
SYNEWPRV024-0001809,SYNEWPRV024-0001811,2025-09-05,synthetic_document_00452.pdf,sender019@example.test,recipient023@example.test,copy016@example.test,blind002@example.test,Synthetic subject 00452,Yes,,,,
SYNEWPRV024-0001813,SYNEWPRV024-0001813,2025-10-06,synthetic_document_00453.pdf,sender020@example.test,recipient024@example.test,copy017@example.test,blind003@example.test,Synthetic subject 00453,,Yes,Yes,,
SYNEWPRV024-0001817,SYNEWPRV024-0001818,2025-11-07,synthetic_document_00454.pdf,sender021@example.test,recipient025@example.test,copy018@example.test,blind004@example.test,Synthetic subject 00454,,,,Yes,
SYNEWPRV024-0001821,SYNEWPRV024-0001823,2025-12-08,synthetic_document_00455.pdf,sender022@example.test,recipient026@example.test,copy019@example.test,blind005@example.test,Synthetic subject 00455,,,,,Yes
SYNEWPRV024-0001825,SYNEWPRV024-0001825,2025-01-09,synthetic_document_00456.pdf,sender023@example.test,recipient027@example.test,copy001@example.test,blind006@example.test,Synthetic subject 00456,Yes,,Yes,,
SYNEWPRV024-0001829,SYNEWPRV024-0001830,2025-02-10,synthetic_document_00457.pdf,sender024@example.test,recipient028@example.test,copy002@example.test,blind007@example.test,Synthetic subject 00457,,Yes,,Yes,
SYNEWPRV024-0001833,SYNEWPRV024-0001835,2025-03-11,synthetic_document_00458.pdf,sender025@example.test,recipient029@example.test,copy003@example.test,blind008@example.test,Synthetic subject 00458,,,,,
SYNEWPRV024-0001837,SYNEWPRV024-0001837,2025-04-12,synthetic_document_00459.pdf,sender026@example.test,recipient030@example.test,copy004@example.test,blind009@example.test,Synthetic subject 00459,,,Yes,,
SYNEWPRV024-0001841,SYNEWPRV024-0001842,2025-05-13,synthetic_document_00460.pdf,sender027@example.test,recipient031@example.test,copy005@example.test,blind010@example.test,Synthetic subject 00460,Yes,,,Yes,Yes
SYNEWPRV024-0001845,SYNEWPRV024-0001847,2025-06-14,synthetic_document_00461.pdf,sender028@example.test,recipient032@example.test,copy006@example.test,blind011@example.test,Synthetic subject 00461,,Yes,,,
SYNEWPRV024-0001849,SYNEWPRV024-0001849,2025-07-15,synthetic_document_00462.pdf,sender029@example.test,recipient033@example.test,copy007@example.test,blind001@example.test,Synthetic subject 00462,,,Yes,,
SYNEWPRV024-0001853,SYNEWPRV024-0001854,2025-08-16,synthetic_document_00463.pdf,sender030@example.test,recipient034@example.test,copy008@example.test,blind002@example.test,Synthetic subject 00463,,,,Yes,
SYNEWPRV024-0001857,SYNEWPRV024-0001859,2025-09-17,synthetic_document_00464.pdf,sender031@example.test,recipient035@example.test,copy009@example.test,blind003@example.test,Synthetic subject 00464,Yes,,,,
SYNEWPRV024-0001861,SYNEWPRV024-0001861,2025-10-18,synthetic_document_00465.pdf,sender001@example.test,recipient036@example.test,copy010@example.test,blind004@example.test,Synthetic subject 00465,,Yes,Yes,,Yes
SYNEWPRV024-0001865,SYNEWPRV024-0001866,2025-11-19,synthetic_document_00466.pdf,sender002@example.test,recipient037@example.test,copy011@example.test,blind005@example.test,Synthetic subject 00466,,,,Yes,
SYNEWPRV024-0001869,SYNEWPRV024-0001871,2025-12-20,synthetic_document_00467.pdf,sender003@example.test,recipient038@example.test,copy012@example.test,blind006@example.test,Synthetic subject 00467,,,,,
SYNEWPRV024-0001873,SYNEWPRV024-0001873,2025-01-21,synthetic_document_00468.pdf,sender004@example.test,recipient039@example.test,copy013@example.test,blind007@example.test,Synthetic subject 00468,Yes,,Yes,,
SYNEWPRV024-0001877,SYNEWPRV024-0001878,2025-02-22,synthetic_document_00469.pdf,sender005@example.test,recipient040@example.test,copy014@example.test,blind008@example.test,Synthetic subject 00469,,Yes,,Yes,
SYNEWPRV024-0001881,SYNEWPRV024-0001883,2025-03-23,synthetic_document_00470.pdf,sender006@example.test,recipient041@example.test,copy015@example.test,blind009@example.test,Synthetic subject 00470,,,,,Yes
SYNEWPRV024-0001885,SYNEWPRV024-0001885,2025-04-24,synthetic_document_00471.pdf,sender007@example.test,recipient042@example.test,copy016@example.test,blind010@example.test,Synthetic subject 00471,,,Yes,,
SYNEWPRV024-0001889,SYNEWPRV024-0001890,2025-05-25,synthetic_document_00472.pdf,sender008@example.test,recipient043@example.test,copy017@example.test,blind011@example.test,Synthetic subject 00472,Yes,,,Yes,
SYNEWPRV024-0001893,SYNEWPRV024-0001895,2025-06-26,synthetic_document_00473.pdf,sender009@example.test,recipient001@example.test,copy018@example.test,blind001@example.test,Synthetic subject 00473,,Yes,,,
SYNEWPRV024-0001897,SYNEWPRV024-0001897,2025-07-27,synthetic_document_00474.pdf,sender010@example.test,recipient002@example.test,copy019@example.test,blind002@example.test,Synthetic subject 00474,,,Yes,,
SYNEWPRV024-0001901,SYNEWPRV024-0001902,2025-08-28,synthetic_document_00475.pdf,sender011@example.test,recipient003@example.test,copy001@example.test,blind003@example.test,Synthetic subject 00475,,,,Yes,Yes
SYNEWPRV024-0001905,SYNEWPRV024-0001907,2025-09-01,synthetic_document_00476.pdf,sender012@example.test,recipient004@example.test,copy002@example.test,blind004@example.test,Synthetic subject 00476,Yes,,,,
SYNEWPRV024-0001909,SYNEWPRV024-0001909,2025-10-02,synthetic_document_00477.pdf,sender013@example.test,recipient005@example.test,copy003@example.test,blind005@example.test,Synthetic subject 00477,,Yes,Yes,,
SYNEWPRV024-0001913,SYNEWPRV024-0001914,2025-11-03,synthetic_document_00478.pdf,sender014@example.test,recipient006@example.test,copy004@example.test,blind006@example.test,Synthetic subject 00478,,,,Yes,
SYNEWPRV024-0001917,SYNEWPRV024-0001919,2025-12-04,synthetic_document_00479.pdf,sender015@example.test,recipient007@example.test,copy005@example.test,blind007@example.test,Synthetic subject 00479,,,,,
SYNEWPRV024-0001921,SYNEWPRV024-0001921,2025-01-05,synthetic_document_00480.pdf,sender016@example.test,recipient008@example.test,copy006@example.test,blind008@example.test,Synthetic subject 00480,Yes,,Yes,,Yes
SYNEWPRV024-0001925,SYNEWPRV024-0001926,2025-02-06,synthetic_document_00481.pdf,sender017@example.test,recipient009@example.test,copy007@example.test,blind009@example.test,Synthetic subject 00481,,Yes,,Yes,
SYNEWPRV024-0001929,SYNEWPRV024-0001931,2025-03-07,synthetic_document_00482.pdf,sender018@example.test,recipient010@example.test,copy008@example.test,blind010@example.test,Synthetic subject 00482,,,,,
SYNEWPRV024-0001933,SYNEWPRV024-0001933,2025-04-08,synthetic_document_00483.pdf,sender019@example.test,recipient011@example.test,copy009@example.test,blind011@example.test,Synthetic subject 00483,,,Yes,,
SYNEWPRV024-0001937,SYNEWPRV024-0001938,2025-05-09,synthetic_document_00484.pdf,sender020@example.test,recipient012@example.test,copy010@example.test,blind001@example.test,Synthetic subject 00484,Yes,,,Yes,
SYNEWPRV024-0001941,SYNEWPRV024-0001943,2025-06-10,synthetic_document_00485.pdf,sender021@example.test,recipient013@example.test,copy011@example.test,blind002@example.test,Synthetic subject 00485,,Yes,,,Yes
SYNEWPRV024-0001945,SYNEWPRV024-0001945,2025-07-11,synthetic_document_00486.pdf,sender022@example.test,recipient014@example.test,copy012@example.test,blind003@example.test,Synthetic subject 00486,,,Yes,,
SYNEWPRV024-0001949,SYNEWPRV024-0001950,2025-08-12,synthetic_document_00487.pdf,sender023@example.test,recipient015@example.test,copy013@example.test,blind004@example.test,Synthetic subject 00487,,,,Yes,
SYNEWPRV024-0001953,SYNEWPRV024-0001955,2025-09-13,synthetic_document_00488.pdf,sender024@example.test,recipient016@example.test,copy014@example.test,blind005@example.test,Synthetic subject 00488,Yes,,,,
SYNEWPRV024-0001957,SYNEWPRV024-0001957,2025-10-14,synthetic_document_00489.pdf,sender025@example.test,recipient017@example.test,copy015@example.test,blind006@example.test,Synthetic subject 00489,,Yes,Yes,,
SYNEWPRV024-0001961,SYNEWPRV024-0001962,2025-11-15,synthetic_document_00490.pdf,sender026@example.test,recipient018@example.test,copy016@example.test,blind007@example.test,Synthetic subject 00490,,,,Yes,Yes
SYNEWPRV024-0001965,SYNEWPRV024-0001967,2025-12-16,synthetic_document_00491.pdf,sender027@example.test,recipient019@example.test,copy017@example.test,blind008@example.test,Synthetic subject 00491,,,,,
SYNEWPRV024-0001969,SYNEWPRV024-0001969,2025-01-17,synthetic_document_00492.pdf,sender028@example.test,recipient020@example.test,copy018@example.test,blind009@example.test,Synthetic subject 00492,Yes,,Yes,,
SYNEWPRV024-0001973,SYNEWPRV024-0001974,2025-02-18,synthetic_document_00493.pdf,sender029@example.test,recipient021@example.test,copy019@example.test,blind010@example.test,Synthetic subject 00493,,Yes,,Yes,
SYNEWPRV024-0001977,SYNEWPRV024-0001979,2025-03-19,synthetic_document_00494.pdf,sender030@example.test,recipient022@example.test,copy001@example.test,blind011@example.test,Synthetic subject 00494,,,,,
SYNEWPRV024-0001981,SYNEWPRV024-0001981,2025-04-20,synthetic_document_00495.pdf,sender031@example.test,recipient023@example.test,copy002@example.test,blind001@example.test,Synthetic subject 00495,,,Yes,,Yes
SYNEWPRV024-0001985,SYNEWPRV024-0001986,2025-05-21,synthetic_document_00496.pdf,sender001@example.test,recipient024@example.test,copy003@example.test,blind002@example.test,Synthetic subject 00496,Yes,,,Yes,
SYNEWPRV024-0001989,SYNEWPRV024-0001991,2025-06-22,synthetic_document_00497.pdf,sender002@example.test,recipient025@example.test,copy004@example.test,blind003@example.test,Synthetic subject 00497,,Yes,,,
SYNEWPRV024-0001993,SYNEWPRV024-0001993,2025-07-23,synthetic_document_00498.pdf,sender003@example.test,recipient026@example.test,copy005@example.test,blind004@example.test,Synthetic subject 00498,,,Yes,,
SYNEWPRV024-0001997,SYNEWPRV024-0001998,2025-08-24,synthetic_document_00499.pdf,sender004@example.test,recipient027@example.test,copy006@example.test,blind005@example.test,Synthetic subject 00499,,,,Yes,
SYNEWPRV024-0002001,SYNEWPRV024-0002003,2025-09-25,synthetic_document_00500.pdf,sender005@example.test,recipient028@example.test,copy007@example.test,blind006@example.test,Synthetic subject 00500,Yes,,,,Yes
SYNEWPRV024-0002005,SYNEWPRV024-0002005,2025-10-26,synthetic_document_00501.pdf,sender006@example.test,recipient029@example.test,copy008@example.test,blind007@example.test,Synthetic subject 00501,,Yes,Yes,,
SYNEWPRV024-0002009,SYNEWPRV024-0002010,2025-11-27,synthetic_document_00502.pdf,sender007@example.test,recipient030@example.test,copy009@example.test,blind008@example.test,Synthetic subject 00502,,,,Yes,
SYNEWPRV024-0002013,SYNEWPRV024-0002015,2025-12-28,synthetic_document_00503.pdf,sender008@example.test,recipient031@example.test,copy010@example.test,blind009@example.test,Synthetic subject 00503,,,,,
SYNEWPRV024-0002017,SYNEWPRV024-0002017,2025-01-01,synthetic_document_00504.pdf,sender009@example.test,recipient032@example.test,copy011@example.test,blind010@example.test,Synthetic subject 00504,Yes,,Yes,,
SYNEWPRV024-0002021,SYNEWPRV024-0002022,2025-02-02,synthetic_document_00505.pdf,sender010@example.test,recipient033@example.test,copy012@example.test,blind011@example.test,Synthetic subject 00505,,Yes,,Yes,Yes
SYNEWPRV024-0002025,SYNEWPRV024-0002027,2025-03-03,synthetic_document_00506.pdf,sender011@example.test,recipient034@example.test,copy013@example.test,blind001@example.test,Synthetic subject 00506,,,,,
SYNEWPRV024-0002029,SYNEWPRV024-0002029,2025-04-04,synthetic_document_00507.pdf,sender012@example.test,recipient035@example.test,copy014@example.test,blind002@example.test,Synthetic subject 00507,,,Yes,,
SYNEWPRV024-0002033,SYNEWPRV024-0002034,2025-05-05,synthetic_document_00508.pdf,sender013@example.test,recipient036@example.test,copy015@example.test,blind003@example.test,Synthetic subject 00508,Yes,,,Yes,
SYNEWPRV024-0002037,SYNEWPRV024-0002039,2025-06-06,synthetic_document_00509.pdf,sender014@example.test,recipient037@example.test,copy016@example.test,blind004@example.test,Synthetic subject 00509,,Yes,,,
SYNEWPRV024-0002041,SYNEWPRV024-0002041,2025-07-07,synthetic_document_00510.pdf,sender015@example.test,recipient038@example.test,copy017@example.test,blind005@example.test,Synthetic subject 00510,,,Yes,,Yes
SYNEWPRV024-0002045,SYNEWPRV024-0002046,2025-08-08,synthetic_document_00511.pdf,sender016@example.test,recipient039@example.test,copy018@example.test,blind006@example.test,Synthetic subject 00511,,,,Yes,
SYNEWPRV024-0002049,SYNEWPRV024-0002051,2025-09-09,synthetic_document_00512.pdf,sender017@example.test,recipient040@example.test,copy019@example.test,blind007@example.test,Synthetic subject 00512,Yes,,,,
SYNEWPRV024-0002053,SYNEWPRV024-0002053,2025-10-10,synthetic_document_00513.pdf,sender018@example.test,recipient041@example.test,copy001@example.test,blind008@example.test,Synthetic subject 00513,,Yes,Yes,,
SYNEWPRV024-0002057,SYNEWPRV024-0002058,2025-11-11,synthetic_document_00514.pdf,sender019@example.test,recipient042@example.test,copy002@example.test,blind009@example.test,Synthetic subject 00514,,,,Yes,
SYNEWPRV024-0002061,SYNEWPRV024-0002063,2025-12-12,synthetic_document_00515.pdf,sender020@example.test,recipient043@example.test,copy003@example.test,blind010@example.test,Synthetic subject 00515,,,,,Yes
SYNEWPRV024-0002065,SYNEWPRV024-0002065,2025-01-13,synthetic_document_00516.pdf,sender021@example.test,recipient001@example.test,copy004@example.test,blind011@example.test,Synthetic subject 00516,Yes,,Yes,,
SYNEWPRV024-0002069,SYNEWPRV024-0002070,2025-02-14,synthetic_document_00517.pdf,sender022@example.test,recipient002@example.test,copy005@example.test,blind001@example.test,Synthetic subject 00517,,Yes,,Yes,
SYNEWPRV024-0002073,SYNEWPRV024-0002075,2025-03-15,synthetic_document_00518.pdf,sender023@example.test,recipient003@example.test,copy006@example.test,blind002@example.test,Synthetic subject 00518,,,,,
SYNEWPRV024-0002077,SYNEWPRV024-0002077,2025-04-16,synthetic_document_00519.pdf,sender024@example.test,recipient004@example.test,copy007@example.test,blind003@example.test,Synthetic subject 00519,,,Yes,,
SYNEWPRV024-0002081,SYNEWPRV024-0002082,2025-05-17,synthetic_document_00520.pdf,sender025@example.test,recipient005@example.test,copy008@example.test,blind004@example.test,Synthetic subject 00520,Yes,,,Yes,Yes
SYNEWPRV024-0002085,SYNEWPRV024-0002087,2025-06-18,synthetic_document_00521.pdf,sender026@example.test,recipient006@example.test,copy009@example.test,blind005@example.test,Synthetic subject 00521,,Yes,,,
SYNEWPRV024-0002089,SYNEWPRV024-0002089,2025-07-19,synthetic_document_00522.pdf,sender027@example.test,recipient007@example.test,copy010@example.test,blind006@example.test,Synthetic subject 00522,,,Yes,,
SYNEWPRV024-0002093,SYNEWPRV024-0002094,2025-08-20,synthetic_document_00523.pdf,sender028@example.test,recipient008@example.test,copy011@example.test,blind007@example.test,Synthetic subject 00523,,,,Yes,
SYNEWPRV024-0002097,SYNEWPRV024-0002099,2025-09-21,synthetic_document_00524.pdf,sender029@example.test,recipient009@example.test,copy012@example.test,blind008@example.test,Synthetic subject 00524,Yes,,,,
SYNEWPRV024-0002101,SYNEWPRV024-0002101,2025-10-22,synthetic_document_00525.pdf,sender030@example.test,recipient010@example.test,copy013@example.test,blind009@example.test,Synthetic subject 00525,,Yes,Yes,,Yes
SYNEWPRV024-0002105,SYNEWPRV024-0002106,2025-11-23,synthetic_document_00526.pdf,sender031@example.test,recipient011@example.test,copy014@example.test,blind010@example.test,Synthetic subject 00526,,,,Yes,
SYNEWPRV024-0002109,SYNEWPRV024-0002111,2025-12-24,synthetic_document_00527.pdf,sender001@example.test,recipient012@example.test,copy015@example.test,blind011@example.test,Synthetic subject 00527,,,,,
SYNEWPRV024-0002113,SYNEWPRV024-0002113,2025-01-25,synthetic_document_00528.pdf,sender002@example.test,recipient013@example.test,copy016@example.test,blind001@example.test,Synthetic subject 00528,Yes,,Yes,,
SYNEWPRV024-0002117,SYNEWPRV024-0002118,2025-02-26,synthetic_document_00529.pdf,sender003@example.test,recipient014@example.test,copy017@example.test,blind002@example.test,Synthetic subject 00529,,Yes,,Yes,
SYNEWPRV024-0002121,SYNEWPRV024-0002123,2025-03-27,synthetic_document_00530.pdf,sender004@example.test,recipient015@example.test,copy018@example.test,blind003@example.test,Synthetic subject 00530,,,,,Yes
SYNEWPRV024-0002125,SYNEWPRV024-0002125,2025-04-28,synthetic_document_00531.pdf,sender005@example.test,recipient016@example.test,copy019@example.test,blind004@example.test,Synthetic subject 00531,,,Yes,,
SYNEWPRV024-0002129,SYNEWPRV024-0002130,2025-05-01,synthetic_document_00532.pdf,sender006@example.test,recipient017@example.test,copy001@example.test,blind005@example.test,Synthetic subject 00532,Yes,,,Yes,
SYNEWPRV024-0002133,SYNEWPRV024-0002135,2025-06-02,synthetic_document_00533.pdf,sender007@example.test,recipient018@example.test,copy002@example.test,blind006@example.test,Synthetic subject 00533,,Yes,,,
SYNEWPRV024-0002137,SYNEWPRV024-0002137,2025-07-03,synthetic_document_00534.pdf,sender008@example.test,recipient019@example.test,copy003@example.test,blind007@example.test,Synthetic subject 00534,,,Yes,,
SYNEWPRV024-0002141,SYNEWPRV024-0002142,2025-08-04,synthetic_document_00535.pdf,sender009@example.test,recipient020@example.test,copy004@example.test,blind008@example.test,Synthetic subject 00535,,,,Yes,Yes
SYNEWPRV024-0002145,SYNEWPRV024-0002147,2025-09-05,synthetic_document_00536.pdf,sender010@example.test,recipient021@example.test,copy005@example.test,blind009@example.test,Synthetic subject 00536,Yes,,,,
SYNEWPRV024-0002149,SYNEWPRV024-0002149,2025-10-06,synthetic_document_00537.pdf,sender011@example.test,recipient022@example.test,copy006@example.test,blind010@example.test,Synthetic subject 00537,,Yes,Yes,,
SYNEWPRV024-0002153,SYNEWPRV024-0002154,2025-11-07,synthetic_document_00538.pdf,sender012@example.test,recipient023@example.test,copy007@example.test,blind011@example.test,Synthetic subject 00538,,,,Yes,
SYNEWPRV024-0002157,SYNEWPRV024-0002159,2025-12-08,synthetic_document_00539.pdf,sender013@example.test,recipient024@example.test,copy008@example.test,blind001@example.test,Synthetic subject 00539,,,,,
SYNEWPRV024-0002161,SYNEWPRV024-0002161,2025-01-09,synthetic_document_00540.pdf,sender014@example.test,recipient025@example.test,copy009@example.test,blind002@example.test,Synthetic subject 00540,Yes,,Yes,,Yes
SYNEWPRV024-0002165,SYNEWPRV024-0002166,2025-02-10,synthetic_document_00541.pdf,sender015@example.test,recipient026@example.test,copy010@example.test,blind003@example.test,Synthetic subject 00541,,Yes,,Yes,
SYNEWPRV024-0002169,SYNEWPRV024-0002171,2025-03-11,synthetic_document_00542.pdf,sender016@example.test,recipient027@example.test,copy011@example.test,blind004@example.test,Synthetic subject 00542,,,,,
SYNEWPRV024-0002173,SYNEWPRV024-0002173,2025-04-12,synthetic_document_00543.pdf,sender017@example.test,recipient028@example.test,copy012@example.test,blind005@example.test,Synthetic subject 00543,,,Yes,,
SYNEWPRV024-0002177,SYNEWPRV024-0002178,2025-05-13,synthetic_document_00544.pdf,sender018@example.test,recipient029@example.test,copy013@example.test,blind006@example.test,Synthetic subject 00544,Yes,,,Yes,
SYNEWPRV024-0002181,SYNEWPRV024-0002183,2025-06-14,synthetic_document_00545.pdf,sender019@example.test,recipient030@example.test,copy014@example.test,blind007@example.test,Synthetic subject 00545,,Yes,,,Yes
SYNEWPRV024-0002185,SYNEWPRV024-0002185,2025-07-15,synthetic_document_00546.pdf,sender020@example.test,recipient031@example.test,copy015@example.test,blind008@example.test,Synthetic subject 00546,,,Yes,,
SYNEWPRV024-0002189,SYNEWPRV024-0002190,2025-08-16,synthetic_document_00547.pdf,sender021@example.test,recipient032@example.test,copy016@example.test,blind009@example.test,Synthetic subject 00547,,,,Yes,
SYNEWPRV024-0002193,SYNEWPRV024-0002195,2025-09-17,synthetic_document_00548.pdf,sender022@example.test,recipient033@example.test,copy017@example.test,blind010@example.test,Synthetic subject 00548,Yes,,,,
SYNEWPRV024-0002197,SYNEWPRV024-0002197,2025-10-18,synthetic_document_00549.pdf,sender023@example.test,recipient034@example.test,copy018@example.test,blind011@example.test,Synthetic subject 00549,,Yes,Yes,,
SYNEWPRV024-0002201,SYNEWPRV024-0002202,2025-11-19,synthetic_document_00550.pdf,sender024@example.test,recipient035@example.test,copy019@example.test,blind001@example.test,Synthetic subject 00550,,,,Yes,Yes
SYNEWPRV024-0002205,SYNEWPRV024-0002207,2025-12-20,synthetic_document_00551.pdf,sender025@example.test,recipient036@example.test,copy001@example.test,blind002@example.test,Synthetic subject 00551,,,,,
SYNEWPRV024-0002209,SYNEWPRV024-0002209,2025-01-21,synthetic_document_00552.pdf,sender026@example.test,recipient037@example.test,copy002@example.test,blind003@example.test,Synthetic subject 00552,Yes,,Yes,,
SYNEWPRV024-0002213,SYNEWPRV024-0002214,2025-02-22,synthetic_document_00553.pdf,sender027@example.test,recipient038@example.test,copy003@example.test,blind004@example.test,Synthetic subject 00553,,Yes,,Yes,
SYNEWPRV024-0002217,SYNEWPRV024-0002219,2025-03-23,synthetic_document_00554.pdf,sender028@example.test,recipient039@example.test,copy004@example.test,blind005@example.test,Synthetic subject 00554,,,,,
SYNEWPRV024-0002221,SYNEWPRV024-0002221,2025-04-24,synthetic_document_00555.pdf,sender029@example.test,recipient040@example.test,copy005@example.test,blind006@example.test,Synthetic subject 00555,,,Yes,,Yes
SYNEWPRV024-0002225,SYNEWPRV024-0002226,2025-05-25,synthetic_document_00556.pdf,sender030@example.test,recipient041@example.test,copy006@example.test,blind007@example.test,Synthetic subject 00556,Yes,,,Yes,
SYNEWPRV024-0002229,SYNEWPRV024-0002231,2025-06-26,synthetic_document_00557.pdf,sender031@example.test,recipient042@example.test,copy007@example.test,blind008@example.test,Synthetic subject 00557,,Yes,,,
SYNEWPRV024-0002233,SYNEWPRV024-0002233,2025-07-27,synthetic_document_00558.pdf,sender001@example.test,recipient043@example.test,copy008@example.test,blind009@example.test,Synthetic subject 00558,,,Yes,,
SYNEWPRV024-0002237,SYNEWPRV024-0002238,2025-08-28,synthetic_document_00559.pdf,sender002@example.test,recipient001@example.test,copy009@example.test,blind010@example.test,Synthetic subject 00559,,,,Yes,
SYNEWPRV024-0002241,SYNEWPRV024-0002243,2025-09-01,synthetic_document_00560.pdf,sender003@example.test,recipient002@example.test,copy010@example.test,blind011@example.test,Synthetic subject 00560,Yes,,,,Yes
SYNEWPRV024-0002245,SYNEWPRV024-0002245,2025-10-02,synthetic_document_00561.pdf,sender004@example.test,recipient003@example.test,copy011@example.test,blind001@example.test,Synthetic subject 00561,,Yes,Yes,,
SYNEWPRV024-0002249,SYNEWPRV024-0002250,2025-11-03,synthetic_document_00562.pdf,sender005@example.test,recipient004@example.test,copy012@example.test,blind002@example.test,Synthetic subject 00562,,,,Yes,
SYNEWPRV024-0002253,SYNEWPRV024-0002255,2025-12-04,synthetic_document_00563.pdf,sender006@example.test,recipient005@example.test,copy013@example.test,blind003@example.test,Synthetic subject 00563,,,,,
SYNEWPRV024-0002257,SYNEWPRV024-0002257,2025-01-05,synthetic_document_00564.pdf,sender007@example.test,recipient006@example.test,copy014@example.test,blind004@example.test,Synthetic subject 00564,Yes,,Yes,,
SYNEWPRV024-0002261,SYNEWPRV024-0002262,2025-02-06,synthetic_document_00565.pdf,sender008@example.test,recipient007@example.test,copy015@example.test,blind005@example.test,Synthetic subject 00565,,Yes,,Yes,Yes
SYNEWPRV024-0002265,SYNEWPRV024-0002267,2025-03-07,synthetic_document_00566.pdf,sender009@example.test,recipient008@example.test,copy016@example.test,blind006@example.test,Synthetic subject 00566,,,,,
SYNEWPRV024-0002269,SYNEWPRV024-0002269,2025-04-08,synthetic_document_00567.pdf,sender010@example.test,recipient009@example.test,copy017@example.test,blind007@example.test,Synthetic subject 00567,,,Yes,,
SYNEWPRV024-0002273,SYNEWPRV024-0002274,2025-05-09,synthetic_document_00568.pdf,sender011@example.test,recipient010@example.test,copy018@example.test,blind008@example.test,Synthetic subject 00568,Yes,,,Yes,
SYNEWPRV024-0002277,SYNEWPRV024-0002279,2025-06-10,synthetic_document_00569.pdf,sender012@example.test,recipient011@example.test,copy019@example.test,blind009@example.test,Synthetic subject 00569,,Yes,,,
SYNEWPRV024-0002281,SYNEWPRV024-0002281,2025-07-11,synthetic_document_00570.pdf,sender013@example.test,recipient012@example.test,copy001@example.test,blind010@example.test,Synthetic subject 00570,,,Yes,,Yes
SYNEWPRV024-0002285,SYNEWPRV024-0002286,2025-08-12,synthetic_document_00571.pdf,sender014@example.test,recipient013@example.test,copy002@example.test,blind011@example.test,Synthetic subject 00571,,,,Yes,
SYNEWPRV024-0002289,SYNEWPRV024-0002291,2025-09-13,synthetic_document_00572.pdf,sender015@example.test,recipient014@example.test,copy003@example.test,blind001@example.test,Synthetic subject 00572,Yes,,,,
SYNEWPRV024-0002293,SYNEWPRV024-0002293,2025-10-14,synthetic_document_00573.pdf,sender016@example.test,recipient015@example.test,copy004@example.test,blind002@example.test,Synthetic subject 00573,,Yes,Yes,,
SYNEWPRV024-0002297,SYNEWPRV024-0002298,2025-11-15,synthetic_document_00574.pdf,sender017@example.test,recipient016@example.test,copy005@example.test,blind003@example.test,Synthetic subject 00574,,,,Yes,
SYNEWPRV024-0002301,SYNEWPRV024-0002303,2025-12-16,synthetic_document_00575.pdf,sender018@example.test,recipient017@example.test,copy006@example.test,blind004@example.test,Synthetic subject 00575,,,,,Yes
SYNEWPRV024-0002305,SYNEWPRV024-0002305,2025-01-17,synthetic_document_00576.pdf,sender019@example.test,recipient018@example.test,copy007@example.test,blind005@example.test,Synthetic subject 00576,Yes,,Yes,,
SYNEWPRV024-0002309,SYNEWPRV024-0002310,2025-02-18,synthetic_document_00577.pdf,sender020@example.test,recipient019@example.test,copy008@example.test,blind006@example.test,Synthetic subject 00577,,Yes,,Yes,
SYNEWPRV024-0002313,SYNEWPRV024-0002315,2025-03-19,synthetic_document_00578.pdf,sender021@example.test,recipient020@example.test,copy009@example.test,blind007@example.test,Synthetic subject 00578,,,,,
SYNEWPRV024-0002317,SYNEWPRV024-0002317,2025-04-20,synthetic_document_00579.pdf,sender022@example.test,recipient021@example.test,copy010@example.test,blind008@example.test,Synthetic subject 00579,,,Yes,,
SYNEWPRV024-0002321,SYNEWPRV024-0002322,2025-05-21,synthetic_document_00580.pdf,sender023@example.test,recipient022@example.test,copy011@example.test,blind009@example.test,Synthetic subject 00580,Yes,,,Yes,Yes
SYNEWPRV024-0002325,SYNEWPRV024-0002327,2025-06-22,synthetic_document_00581.pdf,sender024@example.test,recipient023@example.test,copy012@example.test,blind010@example.test,Synthetic subject 00581,,Yes,,,
SYNEWPRV024-0002329,SYNEWPRV024-0002329,2025-07-23,synthetic_document_00582.pdf,sender025@example.test,recipient024@example.test,copy013@example.test,blind011@example.test,Synthetic subject 00582,,,Yes,,
SYNEWPRV024-0002333,SYNEWPRV024-0002334,2025-08-24,synthetic_document_00583.pdf,sender026@example.test,recipient025@example.test,copy014@example.test,blind001@example.test,Synthetic subject 00583,,,,Yes,
SYNEWPRV024-0002337,SYNEWPRV024-0002339,2025-09-25,synthetic_document_00584.pdf,sender027@example.test,recipient026@example.test,copy015@example.test,blind002@example.test,Synthetic subject 00584,Yes,,,,
SYNEWPRV024-0002341,SYNEWPRV024-0002341,2025-10-26,synthetic_document_00585.pdf,sender028@example.test,recipient027@example.test,copy016@example.test,blind003@example.test,Synthetic subject 00585,,Yes,Yes,,Yes
SYNEWPRV024-0002345,SYNEWPRV024-0002346,2025-11-27,synthetic_document_00586.pdf,sender029@example.test,recipient028@example.test,copy017@example.test,blind004@example.test,Synthetic subject 00586,,,,Yes,
SYNEWPRV024-0002349,SYNEWPRV024-0002351,2025-12-28,synthetic_document_00587.pdf,sender030@example.test,recipient029@example.test,copy018@example.test,blind005@example.test,Synthetic subject 00587,,,,,
SYNEWPRV024-0002353,SYNEWPRV024-0002353,2025-01-01,synthetic_document_00588.pdf,sender031@example.test,recipient030@example.test,copy019@example.test,blind006@example.test,Synthetic subject 00588,Yes,,Yes,,
SYNEWPRV024-0002357,SYNEWPRV024-0002358,2025-02-02,synthetic_document_00589.pdf,sender001@example.test,recipient031@example.test,copy001@example.test,blind007@example.test,Synthetic subject 00589,,Yes,,Yes,
SYNEWPRV024-0002361,SYNEWPRV024-0002363,2025-03-03,synthetic_document_00590.pdf,sender002@example.test,recipient032@example.test,copy002@example.test,blind008@example.test,Synthetic subject 00590,,,,,Yes
SYNEWPRV024-0002365,SYNEWPRV024-0002365,2025-04-04,synthetic_document_00591.pdf,sender003@example.test,recipient033@example.test,copy003@example.test,blind009@example.test,Synthetic subject 00591,,,Yes,,
SYNEWPRV024-0002369,SYNEWPRV024-0002370,2025-05-05,synthetic_document_00592.pdf,sender004@example.test,recipient034@example.test,copy004@example.test,blind010@example.test,Synthetic subject 00592,Yes,,,Yes,
SYNEWPRV024-0002373,SYNEWPRV024-0002375,2025-06-06,synthetic_document_00593.pdf,sender005@example.test,recipient035@example.test,copy005@example.test,blind011@example.test,Synthetic subject 00593,,Yes,,,
SYNEWPRV024-0002377,SYNEWPRV024-0002377,2025-07-07,synthetic_document_00594.pdf,sender006@example.test,recipient036@example.test,copy006@example.test,blind001@example.test,Synthetic subject 00594,,,Yes,,
SYNEWPRV024-0002381,SYNEWPRV024-0002382,2025-08-08,synthetic_document_00595.pdf,sender007@example.test,recipient037@example.test,copy007@example.test,blind002@example.test,Synthetic subject 00595,,,,Yes,Yes
SYNEWPRV024-0002385,SYNEWPRV024-0002387,2025-09-09,synthetic_document_00596.pdf,sender008@example.test,recipient038@example.test,copy008@example.test,blind003@example.test,Synthetic subject 00596,Yes,,,,
SYNEWPRV024-0002389,SYNEWPRV024-0002389,2025-10-10,synthetic_document_00597.pdf,sender009@example.test,recipient039@example.test,copy009@example.test,blind004@example.test,Synthetic subject 00597,,Yes,Yes,,
SYNEWPRV024-0002393,SYNEWPRV024-0002394,2025-11-11,synthetic_document_00598.pdf,sender010@example.test,recipient040@example.test,copy010@example.test,blind005@example.test,Synthetic subject 00598,,,,Yes,
SYNEWPRV024-0002397,SYNEWPRV024-0002399,2025-12-12,synthetic_document_00599.pdf,sender011@example.test,recipient041@example.test,copy011@example.test,blind006@example.test,Synthetic subject 00599,,,,,
SYNEWPRV024-0002401,SYNEWPRV024-0002401,2025-01-13,synthetic_document_00600.pdf,sender012@example.test,recipient042@example.test,copy012@example.test,blind007@example.test,Synthetic subject 00600,Yes,,Yes,,Yes
SYNEWPRV024-0002405,SYNEWPRV024-0002406,2025-02-14,synthetic_document_00601.pdf,sender013@example.test,recipient043@example.test,copy013@example.test,blind008@example.test,Synthetic subject 00601,,Yes,,Yes,
SYNEWPRV024-0002409,SYNEWPRV024-0002411,2025-03-15,synthetic_document_00602.pdf,sender014@example.test,recipient001@example.test,copy014@example.test,blind009@example.test,Synthetic subject 00602,,,,,
SYNEWPRV024-0002413,SYNEWPRV024-0002413,2025-04-16,synthetic_document_00603.pdf,sender015@example.test,recipient002@example.test,copy015@example.test,blind010@example.test,Synthetic subject 00603,,,Yes,,
SYNEWPRV024-0002417,SYNEWPRV024-0002418,2025-05-17,synthetic_document_00604.pdf,sender016@example.test,recipient003@example.test,copy016@example.test,blind011@example.test,Synthetic subject 00604,Yes,,,Yes,
SYNEWPRV024-0002421,SYNEWPRV024-0002423,2025-06-18,synthetic_document_00605.pdf,sender017@example.test,recipient004@example.test,copy017@example.test,blind001@example.test,Synthetic subject 00605,,Yes,,,Yes
SYNEWPRV024-0002425,SYNEWPRV024-0002425,2025-07-19,synthetic_document_00606.pdf,sender018@example.test,recipient005@example.test,copy018@example.test,blind002@example.test,Synthetic subject 00606,,,Yes,,
SYNEWPRV024-0002429,SYNEWPRV024-0002430,2025-08-20,synthetic_document_00607.pdf,sender019@example.test,recipient006@example.test,copy019@example.test,blind003@example.test,Synthetic subject 00607,,,,Yes,
SYNEWPRV024-0002433,SYNEWPRV024-0002435,2025-09-21,synthetic_document_00608.pdf,sender020@example.test,recipient007@example.test,copy001@example.test,blind004@example.test,Synthetic subject 00608,Yes,,,,
SYNEWPRV024-0002437,SYNEWPRV024-0002437,2025-10-22,synthetic_document_00609.pdf,sender021@example.test,recipient008@example.test,copy002@example.test,blind005@example.test,Synthetic subject 00609,,Yes,Yes,,
SYNEWPRV024-0002441,SYNEWPRV024-0002442,2025-11-23,synthetic_document_00610.pdf,sender022@example.test,recipient009@example.test,copy003@example.test,blind006@example.test,Synthetic subject 00610,,,,Yes,Yes
SYNEWPRV024-0002445,SYNEWPRV024-0002447,2025-12-24,synthetic_document_00611.pdf,sender023@example.test,recipient010@example.test,copy004@example.test,blind007@example.test,Synthetic subject 00611,,,,,
SYNEWPRV024-0002449,SYNEWPRV024-0002449,2025-01-25,synthetic_document_00612.pdf,sender024@example.test,recipient011@example.test,copy005@example.test,blind008@example.test,Synthetic subject 00612,Yes,,Yes,,
SYNEWPRV024-0002453,SYNEWPRV024-0002454,2025-02-26,synthetic_document_00613.pdf,sender025@example.test,recipient012@example.test,copy006@example.test,blind009@example.test,Synthetic subject 00613,,Yes,,Yes,
SYNEWPRV024-0002457,SYNEWPRV024-0002459,2025-03-27,synthetic_document_00614.pdf,sender026@example.test,recipient013@example.test,copy007@example.test,blind010@example.test,Synthetic subject 00614,,,,,
SYNEWPRV024-0002461,SYNEWPRV024-0002461,2025-04-28,synthetic_document_00615.pdf,sender027@example.test,recipient014@example.test,copy008@example.test,blind011@example.test,Synthetic subject 00615,,,Yes,,Yes
SYNEWPRV024-0002465,SYNEWPRV024-0002466,2025-05-01,synthetic_document_00616.pdf,sender028@example.test,recipient015@example.test,copy009@example.test,blind001@example.test,Synthetic subject 00616,Yes,,,Yes,
SYNEWPRV024-0002469,SYNEWPRV024-0002471,2025-06-02,synthetic_document_00617.pdf,sender029@example.test,recipient016@example.test,copy010@example.test,blind002@example.test,Synthetic subject 00617,,Yes,,,
SYNEWPRV024-0002473,SYNEWPRV024-0002473,2025-07-03,synthetic_document_00618.pdf,sender030@example.test,recipient017@example.test,copy011@example.test,blind003@example.test,Synthetic subject 00618,,,Yes,,
SYNEWPRV024-0002477,SYNEWPRV024-0002478,2025-08-04,synthetic_document_00619.pdf,sender031@example.test,recipient018@example.test,copy012@example.test,blind004@example.test,Synthetic subject 00619,,,,Yes,
SYNEWPRV024-0002481,SYNEWPRV024-0002483,2025-09-05,synthetic_document_00620.pdf,sender001@example.test,recipient019@example.test,copy013@example.test,blind005@example.test,Synthetic subject 00620,Yes,,,,Yes
SYNEWPRV024-0002485,SYNEWPRV024-0002485,2025-10-06,synthetic_document_00621.pdf,sender002@example.test,recipient020@example.test,copy014@example.test,blind006@example.test,Synthetic subject 00621,,Yes,Yes,,
SYNEWPRV024-0002489,SYNEWPRV024-0002490,2025-11-07,synthetic_document_00622.pdf,sender003@example.test,recipient021@example.test,copy015@example.test,blind007@example.test,Synthetic subject 00622,,,,Yes,
SYNEWPRV024-0002493,SYNEWPRV024-0002495,2025-12-08,synthetic_document_00623.pdf,sender004@example.test,recipient022@example.test,copy016@example.test,blind008@example.test,Synthetic subject 00623,,,,,
SYNEWPRV024-0002497,SYNEWPRV024-0002497,2025-01-09,synthetic_document_00624.pdf,sender005@example.test,recipient023@example.test,copy017@example.test,blind009@example.test,Synthetic subject 00624,Yes,,Yes,,
SYNEWPRV024-0002501,SYNEWPRV024-0002502,2025-02-10,synthetic_document_00625.pdf,sender006@example.test,recipient024@example.test,copy018@example.test,blind010@example.test,Synthetic subject 00625,,Yes,,Yes,Yes
SYNEWPRV024-0002505,SYNEWPRV024-0002507,2025-03-11,synthetic_document_00626.pdf,sender007@example.test,recipient025@example.test,copy019@example.test,blind011@example.test,Synthetic subject 00626,,,,,
SYNEWPRV024-0002509,SYNEWPRV024-0002509,2025-04-12,synthetic_document_00627.pdf,sender008@example.test,recipient026@example.test,copy001@example.test,blind001@example.test,Synthetic subject 00627,,,Yes,,
SYNEWPRV024-0002513,SYNEWPRV024-0002514,2025-05-13,synthetic_document_00628.pdf,sender009@example.test,recipient027@example.test,copy002@example.test,blind002@example.test,Synthetic subject 00628,Yes,,,Yes,
SYNEWPRV024-0002517,SYNEWPRV024-0002519,2025-06-14,synthetic_document_00629.pdf,sender010@example.test,recipient028@example.test,copy003@example.test,blind003@example.test,Synthetic subject 00629,,Yes,,,
SYNEWPRV024-0002521,SYNEWPRV024-0002521,2025-07-15,synthetic_document_00630.pdf,sender011@example.test,recipient029@example.test,copy004@example.test,blind004@example.test,Synthetic subject 00630,,,Yes,,Yes
SYNEWPRV024-0002525,SYNEWPRV024-0002526,2025-08-16,synthetic_document_00631.pdf,sender012@example.test,recipient030@example.test,copy005@example.test,blind005@example.test,Synthetic subject 00631,,,,Yes,
SYNEWPRV024-0002529,SYNEWPRV024-0002531,2025-09-17,synthetic_document_00632.pdf,sender013@example.test,recipient031@example.test,copy006@example.test,blind006@example.test,Synthetic subject 00632,Yes,,,,
SYNEWPRV024-0002533,SYNEWPRV024-0002533,2025-10-18,synthetic_document_00633.pdf,sender014@example.test,recipient032@example.test,copy007@example.test,blind007@example.test,Synthetic subject 00633,,Yes,Yes,,
SYNEWPRV024-0002537,SYNEWPRV024-0002538,2025-11-19,synthetic_document_00634.pdf,sender015@example.test,recipient033@example.test,copy008@example.test,blind008@example.test,Synthetic subject 00634,,,,Yes,
SYNEWPRV024-0002541,SYNEWPRV024-0002543,2025-12-20,synthetic_document_00635.pdf,sender016@example.test,recipient034@example.test,copy009@example.test,blind009@example.test,Synthetic subject 00635,,,,,Yes
SYNEWPRV024-0002545,SYNEWPRV024-0002545,2025-01-21,synthetic_document_00636.pdf,sender017@example.test,recipient035@example.test,copy010@example.test,blind010@example.test,Synthetic subject 00636,Yes,,Yes,,
SYNEWPRV024-0002549,SYNEWPRV024-0002550,2025-02-22,synthetic_document_00637.pdf,sender018@example.test,recipient036@example.test,copy011@example.test,blind011@example.test,Synthetic subject 00637,,Yes,,Yes,
SYNEWPRV024-0002553,SYNEWPRV024-0002555,2025-03-23,synthetic_document_00638.pdf,sender019@example.test,recipient037@example.test,copy012@example.test,blind001@example.test,Synthetic subject 00638,,,,,
SYNEWPRV024-0002557,SYNEWPRV024-0002557,2025-04-24,synthetic_document_00639.pdf,sender020@example.test,recipient038@example.test,copy013@example.test,blind002@example.test,Synthetic subject 00639,,,Yes,,
SYNEWPRV024-0002561,SYNEWPRV024-0002562,2025-05-25,synthetic_document_00640.pdf,sender021@example.test,recipient039@example.test,copy014@example.test,blind003@example.test,Synthetic subject 00640,Yes,,,Yes,Yes
SYNEWPRV024-0002565,SYNEWPRV024-0002567,2025-06-26,synthetic_document_00641.pdf,sender022@example.test,recipient040@example.test,copy015@example.test,blind004@example.test,Synthetic subject 00641,,Yes,,,
SYNEWPRV024-0002569,SYNEWPRV024-0002569,2025-07-27,synthetic_document_00642.pdf,sender023@example.test,recipient041@example.test,copy016@example.test,blind005@example.test,Synthetic subject 00642,,,Yes,,
SYNEWPRV024-0002573,SYNEWPRV024-0002574,2025-08-28,synthetic_document_00643.pdf,sender024@example.test,recipient042@example.test,copy017@example.test,blind006@example.test,Synthetic subject 00643,,,,Yes,
SYNEWPRV024-0002577,SYNEWPRV024-0002579,2025-09-01,synthetic_document_00644.pdf,sender025@example.test,recipient043@example.test,copy018@example.test,blind007@example.test,Synthetic subject 00644,Yes,,,,
SYNEWPRV024-0002581,SYNEWPRV024-0002581,2025-10-02,synthetic_document_00645.pdf,sender026@example.test,recipient001@example.test,copy019@example.test,blind008@example.test,Synthetic subject 00645,,Yes,Yes,,Yes
SYNEWPRV024-0002585,SYNEWPRV024-0002586,2025-11-03,synthetic_document_00646.pdf,sender027@example.test,recipient002@example.test,copy001@example.test,blind009@example.test,Synthetic subject 00646,,,,Yes,
SYNEWPRV024-0002589,SYNEWPRV024-0002591,2025-12-04,synthetic_document_00647.pdf,sender028@example.test,recipient003@example.test,copy002@example.test,blind010@example.test,Synthetic subject 00647,,,,,
SYNEWPRV024-0002593,SYNEWPRV024-0002593,2025-01-05,synthetic_document_00648.pdf,sender029@example.test,recipient004@example.test,copy003@example.test,blind011@example.test,Synthetic subject 00648,Yes,,Yes,,
SYNEWPRV024-0002597,SYNEWPRV024-0002598,2025-02-06,synthetic_document_00649.pdf,sender030@example.test,recipient005@example.test,copy004@example.test,blind001@example.test,Synthetic subject 00649,,Yes,,Yes,
SYNEWPRV024-0002601,SYNEWPRV024-0002603,2025-03-07,synthetic_document_00650.pdf,sender031@example.test,recipient006@example.test,copy005@example.test,blind002@example.test,Synthetic subject 00650,,,,,Yes
SYNEWPRV024-0002605,SYNEWPRV024-0002605,2025-04-08,synthetic_document_00651.pdf,sender001@example.test,recipient007@example.test,copy006@example.test,blind003@example.test,Synthetic subject 00651,,,Yes,,
SYNEWPRV024-0002609,SYNEWPRV024-0002610,2025-05-09,synthetic_document_00652.pdf,sender002@example.test,recipient008@example.test,copy007@example.test,blind004@example.test,Synthetic subject 00652,Yes,,,Yes,
SYNEWPRV024-0002613,SYNEWPRV024-0002615,2025-06-10,synthetic_document_00653.pdf,sender003@example.test,recipient009@example.test,copy008@example.test,blind005@example.test,Synthetic subject 00653,,Yes,,,
SYNEWPRV024-0002617,SYNEWPRV024-0002617,2025-07-11,synthetic_document_00654.pdf,sender004@example.test,recipient010@example.test,copy009@example.test,blind006@example.test,Synthetic subject 00654,,,Yes,,
SYNEWPRV024-0002621,SYNEWPRV024-0002622,2025-08-12,synthetic_document_00655.pdf,sender005@example.test,recipient011@example.test,copy010@example.test,blind007@example.test,Synthetic subject 00655,,,,Yes,Yes
SYNEWPRV024-0002625,SYNEWPRV024-0002627,2025-09-13,synthetic_document_00656.pdf,sender006@example.test,recipient012@example.test,copy011@example.test,blind008@example.test,Synthetic subject 00656,Yes,,,,
SYNEWPRV024-0002629,SYNEWPRV024-0002629,2025-10-14,synthetic_document_00657.pdf,sender007@example.test,recipient013@example.test,copy012@example.test,blind009@example.test,Synthetic subject 00657,,Yes,Yes,,
SYNEWPRV024-0002633,SYNEWPRV024-0002634,2025-11-15,synthetic_document_00658.pdf,sender008@example.test,recipient014@example.test,copy013@example.test,blind010@example.test,Synthetic subject 00658,,,,Yes,
SYNEWPRV024-0002637,SYNEWPRV024-0002639,2025-12-16,synthetic_document_00659.pdf,sender009@example.test,recipient015@example.test,copy014@example.test,blind011@example.test,Synthetic subject 00659,,,,,
SYNEWPRV024-0002641,SYNEWPRV024-0002641,2025-01-17,synthetic_document_00660.pdf,sender010@example.test,recipient016@example.test,copy015@example.test,blind001@example.test,Synthetic subject 00660,Yes,,Yes,,Yes
SYNEWPRV024-0002645,SYNEWPRV024-0002646,2025-02-18,synthetic_document_00661.pdf,sender011@example.test,recipient017@example.test,copy016@example.test,blind002@example.test,Synthetic subject 00661,,Yes,,Yes,
SYNEWPRV024-0002649,SYNEWPRV024-0002651,2025-03-19,synthetic_document_00662.pdf,sender012@example.test,recipient018@example.test,copy017@example.test,blind003@example.test,Synthetic subject 00662,,,,,
SYNEWPRV024-0002653,SYNEWPRV024-0002653,2025-04-20,synthetic_document_00663.pdf,sender013@example.test,recipient019@example.test,copy018@example.test,blind004@example.test,Synthetic subject 00663,,,Yes,,
SYNEWPRV024-0002657,SYNEWPRV024-0002658,2025-05-21,synthetic_document_00664.pdf,sender014@example.test,recipient020@example.test,copy019@example.test,blind005@example.test,Synthetic subject 00664,Yes,,,Yes,
SYNEWPRV024-0002661,SYNEWPRV024-0002663,2025-06-22,synthetic_document_00665.pdf,sender015@example.test,recipient021@example.test,copy001@example.test,blind006@example.test,Synthetic subject 00665,,Yes,,,Yes
SYNEWPRV024-0002665,SYNEWPRV024-0002665,2025-07-23,synthetic_document_00666.pdf,sender016@example.test,recipient022@example.test,copy002@example.test,blind007@example.test,Synthetic subject 00666,,,Yes,,
SYNEWPRV024-0002669,SYNEWPRV024-0002670,2025-08-24,synthetic_document_00667.pdf,sender017@example.test,recipient023@example.test,copy003@example.test,blind008@example.test,Synthetic subject 00667,,,,Yes,
SYNEWPRV024-0002673,SYNEWPRV024-0002675,2025-09-25,synthetic_document_00668.pdf,sender018@example.test,recipient024@example.test,copy004@example.test,blind009@example.test,Synthetic subject 00668,Yes,,,,
SYNEWPRV024-0002677,SYNEWPRV024-0002677,2025-10-26,synthetic_document_00669.pdf,sender019@example.test,recipient025@example.test,copy005@example.test,blind010@example.test,Synthetic subject 00669,,Yes,Yes,,
SYNEWPRV024-0002681,SYNEWPRV024-0002682,2025-11-27,synthetic_document_00670.pdf,sender020@example.test,recipient026@example.test,copy006@example.test,blind011@example.test,Synthetic subject 00670,,,,Yes,Yes
SYNEWPRV024-0002685,SYNEWPRV024-0002687,2025-12-28,synthetic_document_00671.pdf,sender021@example.test,recipient027@example.test,copy007@example.test,blind001@example.test,Synthetic subject 00671,,,,,
SYNEWPRV024-0002689,SYNEWPRV024-0002689,2025-01-01,synthetic_document_00672.pdf,sender022@example.test,recipient028@example.test,copy008@example.test,blind002@example.test,Synthetic subject 00672,Yes,,Yes,,
SYNEWPRV024-0002693,SYNEWPRV024-0002694,2025-02-02,synthetic_document_00673.pdf,sender023@example.test,recipient029@example.test,copy009@example.test,blind003@example.test,Synthetic subject 00673,,Yes,,Yes,
SYNEWPRV024-0002697,SYNEWPRV024-0002699,2025-03-03,synthetic_document_00674.pdf,sender024@example.test,recipient030@example.test,copy010@example.test,blind004@example.test,Synthetic subject 00674,,,,,
SYNEWPRV024-0002701,SYNEWPRV024-0002701,2025-04-04,synthetic_document_00675.pdf,sender025@example.test,recipient031@example.test,copy011@example.test,blind005@example.test,Synthetic subject 00675,,,Yes,,Yes
SYNEWPRV024-0002705,SYNEWPRV024-0002706,2025-05-05,synthetic_document_00676.pdf,sender026@example.test,recipient032@example.test,copy012@example.test,blind006@example.test,Synthetic subject 00676,Yes,,,Yes,
SYNEWPRV024-0002709,SYNEWPRV024-0002711,2025-06-06,synthetic_document_00677.pdf,sender027@example.test,recipient033@example.test,copy013@example.test,blind007@example.test,Synthetic subject 00677,,Yes,,,
SYNEWPRV024-0002713,SYNEWPRV024-0002713,2025-07-07,synthetic_document_00678.pdf,sender028@example.test,recipient034@example.test,copy014@example.test,blind008@example.test,Synthetic subject 00678,,,Yes,,
SYNEWPRV024-0002717,SYNEWPRV024-0002718,2025-08-08,synthetic_document_00679.pdf,sender029@example.test,recipient035@example.test,copy015@example.test,blind009@example.test,Synthetic subject 00679,,,,Yes,
SYNEWPRV024-0002721,SYNEWPRV024-0002723,2025-09-09,synthetic_document_00680.pdf,sender030@example.test,recipient036@example.test,copy016@example.test,blind010@example.test,Synthetic subject 00680,Yes,,,,Yes
SYNEWPRV024-0002725,SYNEWPRV024-0002725,2025-10-10,synthetic_document_00681.pdf,sender031@example.test,recipient037@example.test,copy017@example.test,blind011@example.test,Synthetic subject 00681,,Yes,Yes,,
SYNEWPRV024-0002729,SYNEWPRV024-0002730,2025-11-11,synthetic_document_00682.pdf,sender001@example.test,recipient038@example.test,copy018@example.test,blind001@example.test,Synthetic subject 00682,,,,Yes,
SYNEWPRV024-0002733,SYNEWPRV024-0002735,2025-12-12,synthetic_document_00683.pdf,sender002@example.test,recipient039@example.test,copy019@example.test,blind002@example.test,Synthetic subject 00683,,,,,
SYNEWPRV024-0002737,SYNEWPRV024-0002737,2025-01-13,synthetic_document_00684.pdf,sender003@example.test,recipient040@example.test,copy001@example.test,blind003@example.test,Synthetic subject 00684,Yes,,Yes,,
SYNEWPRV024-0002741,SYNEWPRV024-0002742,2025-02-14,synthetic_document_00685.pdf,sender004@example.test,recipient041@example.test,copy002@example.test,blind004@example.test,Synthetic subject 00685,,Yes,,Yes,Yes
SYNEWPRV024-0002745,SYNEWPRV024-0002747,2025-03-15,synthetic_document_00686.pdf,sender005@example.test,recipient042@example.test,copy003@example.test,blind005@example.test,Synthetic subject 00686,,,,,
SYNEWPRV024-0002749,SYNEWPRV024-0002749,2025-04-16,synthetic_document_00687.pdf,sender006@example.test,recipient043@example.test,copy004@example.test,blind006@example.test,Synthetic subject 00687,,,Yes,,
SYNEWPRV024-0002753,SYNEWPRV024-0002754,2025-05-17,synthetic_document_00688.pdf,sender007@example.test,recipient001@example.test,copy005@example.test,blind007@example.test,Synthetic subject 00688,Yes,,,Yes,
SYNEWPRV024-0002757,SYNEWPRV024-0002759,2025-06-18,synthetic_document_00689.pdf,sender008@example.test,recipient002@example.test,copy006@example.test,blind008@example.test,Synthetic subject 00689,,Yes,,,
SYNEWPRV024-0002761,SYNEWPRV024-0002761,2025-07-19,synthetic_document_00690.pdf,sender009@example.test,recipient003@example.test,copy007@example.test,blind009@example.test,Synthetic subject 00690,,,Yes,,Yes
SYNEWPRV024-0002765,SYNEWPRV024-0002766,2025-08-20,synthetic_document_00691.pdf,sender010@example.test,recipient004@example.test,copy008@example.test,blind010@example.test,Synthetic subject 00691,,,,Yes,
SYNEWPRV024-0002769,SYNEWPRV024-0002771,2025-09-21,synthetic_document_00692.pdf,sender011@example.test,recipient005@example.test,copy009@example.test,blind011@example.test,Synthetic subject 00692,Yes,,,,
SYNEWPRV024-0002773,SYNEWPRV024-0002773,2025-10-22,synthetic_document_00693.pdf,sender012@example.test,recipient006@example.test,copy010@example.test,blind001@example.test,Synthetic subject 00693,,Yes,Yes,,
SYNEWPRV024-0002777,SYNEWPRV024-0002778,2025-11-23,synthetic_document_00694.pdf,sender013@example.test,recipient007@example.test,copy011@example.test,blind002@example.test,Synthetic subject 00694,,,,Yes,
SYNEWPRV024-0002781,SYNEWPRV024-0002783,2025-12-24,synthetic_document_00695.pdf,sender014@example.test,recipient008@example.test,copy012@example.test,blind003@example.test,Synthetic subject 00695,,,,,Yes
SYNEWPRV024-0002785,SYNEWPRV024-0002785,2025-01-25,synthetic_document_00696.pdf,sender015@example.test,recipient009@example.test,copy013@example.test,blind004@example.test,Synthetic subject 00696,Yes,,Yes,,
SYNEWPRV024-0002789,SYNEWPRV024-0002790,2025-02-26,synthetic_document_00697.pdf,sender016@example.test,recipient010@example.test,copy014@example.test,blind005@example.test,Synthetic subject 00697,,Yes,,Yes,
SYNEWPRV024-0002793,SYNEWPRV024-0002795,2025-03-27,synthetic_document_00698.pdf,sender017@example.test,recipient011@example.test,copy015@example.test,blind006@example.test,Synthetic subject 00698,,,,,
SYNEWPRV024-0002797,SYNEWPRV024-0002797,2025-04-28,synthetic_document_00699.pdf,sender018@example.test,recipient012@example.test,copy016@example.test,blind007@example.test,Synthetic subject 00699,,,Yes,,
SYNEWPRV024-0002801,SYNEWPRV024-0002802,2025-05-01,synthetic_document_00700.pdf,sender019@example.test,recipient013@example.test,copy017@example.test,blind008@example.test,Synthetic subject 00700,Yes,,,Yes,Yes
SYNEWPRV024-0002805,SYNEWPRV024-0002807,2025-06-02,synthetic_document_00701.pdf,sender020@example.test,recipient014@example.test,copy018@example.test,blind009@example.test,Synthetic subject 00701,,Yes,,,
SYNEWPRV024-0002809,SYNEWPRV024-0002809,2025-07-03,synthetic_document_00702.pdf,sender021@example.test,recipient015@example.test,copy019@example.test,blind010@example.test,Synthetic subject 00702,,,Yes,,
SYNEWPRV024-0002813,SYNEWPRV024-0002814,2025-08-04,synthetic_document_00703.pdf,sender022@example.test,recipient016@example.test,copy001@example.test,blind011@example.test,Synthetic subject 00703,,,,Yes,
SYNEWPRV024-0002817,SYNEWPRV024-0002819,2025-09-05,synthetic_document_00704.pdf,sender023@example.test,recipient017@example.test,copy002@example.test,blind001@example.test,Synthetic subject 00704,Yes,,,,
SYNEWPRV024-0002821,SYNEWPRV024-0002821,2025-10-06,synthetic_document_00705.pdf,sender024@example.test,recipient018@example.test,copy003@example.test,blind002@example.test,Synthetic subject 00705,,Yes,Yes,,Yes
SYNEWPRV024-0002825,SYNEWPRV024-0002826,2025-11-07,synthetic_document_00706.pdf,sender025@example.test,recipient019@example.test,copy004@example.test,blind003@example.test,Synthetic subject 00706,,,,Yes,
SYNEWPRV024-0002829,SYNEWPRV024-0002831,2025-12-08,synthetic_document_00707.pdf,sender026@example.test,recipient020@example.test,copy005@example.test,blind004@example.test,Synthetic subject 00707,,,,,
SYNEWPRV024-0002833,SYNEWPRV024-0002833,2025-01-09,synthetic_document_00708.pdf,sender027@example.test,recipient021@example.test,copy006@example.test,blind005@example.test,Synthetic subject 00708,Yes,,Yes,,
SYNEWPRV024-0002837,SYNEWPRV024-0002838,2025-02-10,synthetic_document_00709.pdf,sender028@example.test,recipient022@example.test,copy007@example.test,blind006@example.test,Synthetic subject 00709,,Yes,,Yes,
SYNEWPRV024-0002841,SYNEWPRV024-0002843,2025-03-11,synthetic_document_00710.pdf,sender029@example.test,recipient023@example.test,copy008@example.test,blind007@example.test,Synthetic subject 00710,,,,,Yes
SYNEWPRV024-0002845,SYNEWPRV024-0002845,2025-04-12,synthetic_document_00711.pdf,sender030@example.test,recipient024@example.test,copy009@example.test,blind008@example.test,Synthetic subject 00711,,,Yes,,
SYNEWPRV024-0002849,SYNEWPRV024-0002850,2025-05-13,synthetic_document_00712.pdf,sender031@example.test,recipient025@example.test,copy010@example.test,blind009@example.test,Synthetic subject 00712,Yes,,,Yes,
SYNEWPRV024-0002853,SYNEWPRV024-0002855,2025-06-14,synthetic_document_00713.pdf,sender001@example.test,recipient026@example.test,copy011@example.test,blind010@example.test,Synthetic subject 00713,,Yes,,,
SYNEWPRV024-0002857,SYNEWPRV024-0002857,2025-07-15,synthetic_document_00714.pdf,sender002@example.test,recipient027@example.test,copy012@example.test,blind011@example.test,Synthetic subject 00714,,,Yes,,
SYNEWPRV024-0002861,SYNEWPRV024-0002862,2025-08-16,synthetic_document_00715.pdf,sender003@example.test,recipient028@example.test,copy013@example.test,blind001@example.test,Synthetic subject 00715,,,,Yes,Yes
SYNEWPRV024-0002865,SYNEWPRV024-0002867,2025-09-17,synthetic_document_00716.pdf,sender004@example.test,recipient029@example.test,copy014@example.test,blind002@example.test,Synthetic subject 00716,Yes,,,,
SYNEWPRV024-0002869,SYNEWPRV024-0002869,2025-10-18,synthetic_document_00717.pdf,sender005@example.test,recipient030@example.test,copy015@example.test,blind003@example.test,Synthetic subject 00717,,Yes,Yes,,
SYNEWPRV024-0002873,SYNEWPRV024-0002874,2025-11-19,synthetic_document_00718.pdf,sender006@example.test,recipient031@example.test,copy016@example.test,blind004@example.test,Synthetic subject 00718,,,,Yes,
SYNEWPRV024-0002877,SYNEWPRV024-0002879,2025-12-20,synthetic_document_00719.pdf,sender007@example.test,recipient032@example.test,copy017@example.test,blind005@example.test,Synthetic subject 00719,,,,,
SYNEWPRV024-0002881,SYNEWPRV024-0002881,2025-01-21,synthetic_document_00720.pdf,sender008@example.test,recipient033@example.test,copy018@example.test,blind006@example.test,Synthetic subject 00720,Yes,,Yes,,Yes
SYNEWPRV024-0002885,SYNEWPRV024-0002886,2025-02-22,synthetic_document_00721.pdf,sender009@example.test,recipient034@example.test,copy019@example.test,blind007@example.test,Synthetic subject 00721,,Yes,,Yes,
SYNEWPRV024-0002889,SYNEWPRV024-0002891,2025-03-23,synthetic_document_00722.pdf,sender010@example.test,recipient035@example.test,copy001@example.test,blind008@example.test,Synthetic subject 00722,,,,,
SYNEWPRV024-0002893,SYNEWPRV024-0002893,2025-04-24,synthetic_document_00723.pdf,sender011@example.test,recipient036@example.test,copy002@example.test,blind009@example.test,Synthetic subject 00723,,,Yes,,
SYNEWPRV024-0002897,SYNEWPRV024-0002898,2025-05-25,synthetic_document_00724.pdf,sender012@example.test,recipient037@example.test,copy003@example.test,blind010@example.test,Synthetic subject 00724,Yes,,,Yes,
SYNEWPRV024-0002901,SYNEWPRV024-0002903,2025-06-26,synthetic_document_00725.pdf,sender013@example.test,recipient038@example.test,copy004@example.test,blind011@example.test,Synthetic subject 00725,,Yes,,,Yes
SYNEWPRV024-0002905,SYNEWPRV024-0002905,2025-07-27,synthetic_document_00726.pdf,sender014@example.test,recipient039@example.test,copy005@example.test,blind001@example.test,Synthetic subject 00726,,,Yes,,
SYNEWPRV024-0002909,SYNEWPRV024-0002910,2025-08-28,synthetic_document_00727.pdf,sender015@example.test,recipient040@example.test,copy006@example.test,blind002@example.test,Synthetic subject 00727,,,,Yes,
SYNEWPRV024-0002913,SYNEWPRV024-0002915,2025-09-01,synthetic_document_00728.pdf,sender016@example.test,recipient041@example.test,copy007@example.test,blind003@example.test,Synthetic subject 00728,Yes,,,,
SYNEWPRV024-0002917,SYNEWPRV024-0002917,2025-10-02,synthetic_document_00729.pdf,sender017@example.test,recipient042@example.test,copy008@example.test,blind004@example.test,Synthetic subject 00729,,Yes,Yes,,
SYNEWPRV024-0002921,SYNEWPRV024-0002922,2025-11-03,synthetic_document_00730.pdf,sender018@example.test,recipient043@example.test,copy009@example.test,blind005@example.test,Synthetic subject 00730,,,,Yes,Yes
SYNEWPRV024-0002925,SYNEWPRV024-0002927,2025-12-04,synthetic_document_00731.pdf,sender019@example.test,recipient001@example.test,copy010@example.test,blind006@example.test,Synthetic subject 00731,,,,,
SYNEWPRV024-0002929,SYNEWPRV024-0002929,2025-01-05,synthetic_document_00732.pdf,sender020@example.test,recipient002@example.test,copy011@example.test,blind007@example.test,Synthetic subject 00732,Yes,,Yes,,
SYNEWPRV024-0002933,SYNEWPRV024-0002934,2025-02-06,synthetic_document_00733.pdf,sender021@example.test,recipient003@example.test,copy012@example.test,blind008@example.test,Synthetic subject 00733,,Yes,,Yes,
SYNEWPRV024-0002937,SYNEWPRV024-0002939,2025-03-07,synthetic_document_00734.pdf,sender022@example.test,recipient004@example.test,copy013@example.test,blind009@example.test,Synthetic subject 00734,,,,,
SYNEWPRV024-0002941,SYNEWPRV024-0002941,2025-04-08,synthetic_document_00735.pdf,sender023@example.test,recipient005@example.test,copy014@example.test,blind010@example.test,Synthetic subject 00735,,,Yes,,Yes
SYNEWPRV024-0002945,SYNEWPRV024-0002946,2025-05-09,synthetic_document_00736.pdf,sender024@example.test,recipient006@example.test,copy015@example.test,blind011@example.test,Synthetic subject 00736,Yes,,,Yes,
SYNEWPRV024-0002949,SYNEWPRV024-0002951,2025-06-10,synthetic_document_00737.pdf,sender025@example.test,recipient007@example.test,copy016@example.test,blind001@example.test,Synthetic subject 00737,,Yes,,,
SYNEWPRV024-0002953,SYNEWPRV024-0002953,2025-07-11,synthetic_document_00738.pdf,sender026@example.test,recipient008@example.test,copy017@example.test,blind002@example.test,Synthetic subject 00738,,,Yes,,
SYNEWPRV024-0002957,SYNEWPRV024-0002958,2025-08-12,synthetic_document_00739.pdf,sender027@example.test,recipient009@example.test,copy018@example.test,blind003@example.test,Synthetic subject 00739,,,,Yes,
SYNEWPRV024-0002961,SYNEWPRV024-0002963,2025-09-13,synthetic_document_00740.pdf,sender028@example.test,recipient010@example.test,copy019@example.test,blind004@example.test,Synthetic subject 00740,Yes,,,,Yes
SYNEWPRV024-0002965,SYNEWPRV024-0002965,2025-10-14,synthetic_document_00741.pdf,sender029@example.test,recipient011@example.test,copy001@example.test,blind005@example.test,Synthetic subject 00741,,Yes,Yes,,
SYNEWPRV024-0002969,SYNEWPRV024-0002970,2025-11-15,synthetic_document_00742.pdf,sender030@example.test,recipient012@example.test,copy002@example.test,blind006@example.test,Synthetic subject 00742,,,,Yes,
SYNEWPRV024-0002973,SYNEWPRV024-0002975,2025-12-16,synthetic_document_00743.pdf,sender031@example.test,recipient013@example.test,copy003@example.test,blind007@example.test,Synthetic subject 00743,,,,,
SYNEWPRV024-0002977,SYNEWPRV024-0002977,2025-01-17,synthetic_document_00744.pdf,sender001@example.test,recipient014@example.test,copy004@example.test,blind008@example.test,Synthetic subject 00744,Yes,,Yes,,
SYNEWPRV024-0002981,SYNEWPRV024-0002982,2025-02-18,synthetic_document_00745.pdf,sender002@example.test,recipient015@example.test,copy005@example.test,blind009@example.test,Synthetic subject 00745,,Yes,,Yes,Yes
SYNEWPRV024-0002985,SYNEWPRV024-0002987,2025-03-19,synthetic_document_00746.pdf,sender003@example.test,recipient016@example.test,copy006@example.test,blind010@example.test,Synthetic subject 00746,,,,,
SYNEWPRV024-0002989,SYNEWPRV024-0002989,2025-04-20,synthetic_document_00747.pdf,sender004@example.test,recipient017@example.test,copy007@example.test,blind011@example.test,Synthetic subject 00747,,,Yes,,
SYNEWPRV024-0002993,SYNEWPRV024-0002994,2025-05-21,synthetic_document_00748.pdf,sender005@example.test,recipient018@example.test,copy008@example.test,blind001@example.test,Synthetic subject 00748,Yes,,,Yes,
SYNEWPRV024-0002997,SYNEWPRV024-0002999,2025-06-22,synthetic_document_00749.pdf,sender006@example.test,recipient019@example.test,copy009@example.test,blind002@example.test,Synthetic subject 00749,,Yes,,,
SYNEWPRV024-0003001,SYNEWPRV024-0003001,2025-07-23,synthetic_document_00750.pdf,sender007@example.test,recipient020@example.test,copy010@example.test,blind003@example.test,Synthetic subject 00750,,,Yes,,Yes
SYNEWPRV024-0003005,SYNEWPRV024-0003006,2025-08-24,synthetic_document_00751.pdf,sender008@example.test,recipient021@example.test,copy011@example.test,blind004@example.test,Synthetic subject 00751,,,,Yes,
SYNEWPRV024-0003009,SYNEWPRV024-0003011,2025-09-25,synthetic_document_00752.pdf,sender009@example.test,recipient022@example.test,copy012@example.test,blind005@example.test,Synthetic subject 00752,Yes,,,,
SYNEWPRV024-0003013,SYNEWPRV024-0003013,2025-10-26,synthetic_document_00753.pdf,sender010@example.test,recipient023@example.test,copy013@example.test,blind006@example.test,Synthetic subject 00753,,Yes,Yes,,
SYNEWPRV024-0003017,SYNEWPRV024-0003018,2025-11-27,synthetic_document_00754.pdf,sender011@example.test,recipient024@example.test,copy014@example.test,blind007@example.test,Synthetic subject 00754,,,,Yes,
SYNEWPRV024-0003021,SYNEWPRV024-0003023,2025-12-28,synthetic_document_00755.pdf,sender012@example.test,recipient025@example.test,copy015@example.test,blind008@example.test,Synthetic subject 00755,,,,,Yes
SYNEWPRV024-0003025,SYNEWPRV024-0003025,2025-01-01,synthetic_document_00756.pdf,sender013@example.test,recipient026@example.test,copy016@example.test,blind009@example.test,Synthetic subject 00756,Yes,,Yes,,
SYNEWPRV024-0003029,SYNEWPRV024-0003030,2025-02-02,synthetic_document_00757.pdf,sender014@example.test,recipient027@example.test,copy017@example.test,blind010@example.test,Synthetic subject 00757,,Yes,,Yes,
SYNEWPRV024-0003033,SYNEWPRV024-0003035,2025-03-03,synthetic_document_00758.pdf,sender015@example.test,recipient028@example.test,copy018@example.test,blind011@example.test,Synthetic subject 00758,,,,,
SYNEWPRV024-0003037,SYNEWPRV024-0003037,2025-04-04,synthetic_document_00759.pdf,sender016@example.test,recipient029@example.test,copy019@example.test,blind001@example.test,Synthetic subject 00759,,,Yes,,
SYNEWPRV024-0003041,SYNEWPRV024-0003042,2025-05-05,synthetic_document_00760.pdf,sender017@example.test,recipient030@example.test,copy001@example.test,blind002@example.test,Synthetic subject 00760,Yes,,,Yes,Yes
SYNEWPRV024-0003045,SYNEWPRV024-0003047,2025-06-06,synthetic_document_00761.pdf,sender018@example.test,recipient031@example.test,copy002@example.test,blind003@example.test,Synthetic subject 00761,,Yes,,,
SYNEWPRV024-0003049,SYNEWPRV024-0003049,2025-07-07,synthetic_document_00762.pdf,sender019@example.test,recipient032@example.test,copy003@example.test,blind004@example.test,Synthetic subject 00762,,,Yes,,
SYNEWPRV024-0003053,SYNEWPRV024-0003054,2025-08-08,synthetic_document_00763.pdf,sender020@example.test,recipient033@example.test,copy004@example.test,blind005@example.test,Synthetic subject 00763,,,,Yes,
SYNEWPRV024-0003057,SYNEWPRV024-0003059,2025-09-09,synthetic_document_00764.pdf,sender021@example.test,recipient034@example.test,copy005@example.test,blind006@example.test,Synthetic subject 00764,Yes,,,,
SYNEWPRV024-0003061,SYNEWPRV024-0003061,2025-10-10,synthetic_document_00765.pdf,sender022@example.test,recipient035@example.test,copy006@example.test,blind007@example.test,Synthetic subject 00765,,Yes,Yes,,Yes
SYNEWPRV024-0003065,SYNEWPRV024-0003066,2025-11-11,synthetic_document_00766.pdf,sender023@example.test,recipient036@example.test,copy007@example.test,blind008@example.test,Synthetic subject 00766,,,,Yes,
SYNEWPRV024-0003069,SYNEWPRV024-0003071,2025-12-12,synthetic_document_00767.pdf,sender024@example.test,recipient037@example.test,copy008@example.test,blind009@example.test,Synthetic subject 00767,,,,,
SYNEWPRV024-0003073,SYNEWPRV024-0003073,2025-01-13,synthetic_document_00768.pdf,sender025@example.test,recipient038@example.test,copy009@example.test,blind010@example.test,Synthetic subject 00768,Yes,,Yes,,
SYNEWPRV024-0003077,SYNEWPRV024-0003078,2025-02-14,synthetic_document_00769.pdf,sender026@example.test,recipient039@example.test,copy010@example.test,blind011@example.test,Synthetic subject 00769,,Yes,,Yes,
SYNEWPRV024-0003081,SYNEWPRV024-0003083,2025-03-15,synthetic_document_00770.pdf,sender027@example.test,recipient040@example.test,copy011@example.test,blind001@example.test,Synthetic subject 00770,,,,,Yes
SYNEWPRV024-0003085,SYNEWPRV024-0003085,2025-04-16,synthetic_document_00771.pdf,sender028@example.test,recipient041@example.test,copy012@example.test,blind002@example.test,Synthetic subject 00771,,,Yes,,
SYNEWPRV024-0003089,SYNEWPRV024-0003090,2025-05-17,synthetic_document_00772.pdf,sender029@example.test,recipient042@example.test,copy013@example.test,blind003@example.test,Synthetic subject 00772,Yes,,,Yes,
SYNEWPRV024-0003093,SYNEWPRV024-0003095,2025-06-18,synthetic_document_00773.pdf,sender030@example.test,recipient043@example.test,copy014@example.test,blind004@example.test,Synthetic subject 00773,,Yes,,,
SYNEWPRV024-0003097,SYNEWPRV024-0003097,2025-07-19,synthetic_document_00774.pdf,sender031@example.test,recipient001@example.test,copy015@example.test,blind005@example.test,Synthetic subject 00774,,,Yes,,
SYNEWPRV024-0003101,SYNEWPRV024-0003102,2025-08-20,synthetic_document_00775.pdf,sender001@example.test,recipient002@example.test,copy016@example.test,blind006@example.test,Synthetic subject 00775,,,,Yes,Yes
SYNEWPRV024-0003105,SYNEWPRV024-0003107,2025-09-21,synthetic_document_00776.pdf,sender002@example.test,recipient003@example.test,copy017@example.test,blind007@example.test,Synthetic subject 00776,Yes,,,,
SYNEWPRV024-0003109,SYNEWPRV024-0003109,2025-10-22,synthetic_document_00777.pdf,sender003@example.test,recipient004@example.test,copy018@example.test,blind008@example.test,Synthetic subject 00777,,Yes,Yes,,
SYNEWPRV024-0003113,SYNEWPRV024-0003114,2025-11-23,synthetic_document_00778.pdf,sender004@example.test,recipient005@example.test,copy019@example.test,blind009@example.test,Synthetic subject 00778,,,,Yes,
SYNEWPRV024-0003117,SYNEWPRV024-0003119,2025-12-24,synthetic_document_00779.pdf,sender005@example.test,recipient006@example.test,copy001@example.test,blind010@example.test,Synthetic subject 00779,,,,,
SYNEWPRV024-0003121,SYNEWPRV024-0003121,2025-01-25,synthetic_document_00780.pdf,sender006@example.test,recipient007@example.test,copy002@example.test,blind011@example.test,Synthetic subject 00780,Yes,,Yes,,Yes
SYNEWPRV024-0003125,SYNEWPRV024-0003126,2025-02-26,synthetic_document_00781.pdf,sender007@example.test,recipient008@example.test,copy003@example.test,blind001@example.test,Synthetic subject 00781,,Yes,,Yes,
SYNEWPRV024-0003129,SYNEWPRV024-0003131,2025-03-27,synthetic_document_00782.pdf,sender008@example.test,recipient009@example.test,copy004@example.test,blind002@example.test,Synthetic subject 00782,,,,,
SYNEWPRV024-0003133,SYNEWPRV024-0003133,2025-04-28,synthetic_document_00783.pdf,sender009@example.test,recipient010@example.test,copy005@example.test,blind003@example.test,Synthetic subject 00783,,,Yes,,
SYNEWPRV024-0003137,SYNEWPRV024-0003138,2025-05-01,synthetic_document_00784.pdf,sender010@example.test,recipient011@example.test,copy006@example.test,blind004@example.test,Synthetic subject 00784,Yes,,,Yes,
SYNEWPRV024-0003141,SYNEWPRV024-0003143,2025-06-02,synthetic_document_00785.pdf,sender011@example.test,recipient012@example.test,copy007@example.test,blind005@example.test,Synthetic subject 00785,,Yes,,,Yes
SYNEWPRV024-0003145,SYNEWPRV024-0003145,2025-07-03,synthetic_document_00786.pdf,sender012@example.test,recipient013@example.test,copy008@example.test,blind006@example.test,Synthetic subject 00786,,,Yes,,
SYNEWPRV024-0003149,SYNEWPRV024-0003150,2025-08-04,synthetic_document_00787.pdf,sender013@example.test,recipient014@example.test,copy009@example.test,blind007@example.test,Synthetic subject 00787,,,,Yes,
SYNEWPRV024-0003153,SYNEWPRV024-0003155,2025-09-05,synthetic_document_00788.pdf,sender014@example.test,recipient015@example.test,copy010@example.test,blind008@example.test,Synthetic subject 00788,Yes,,,,
SYNEWPRV024-0003157,SYNEWPRV024-0003157,2025-10-06,synthetic_document_00789.pdf,sender015@example.test,recipient016@example.test,copy011@example.test,blind009@example.test,Synthetic subject 00789,,Yes,Yes,,
SYNEWPRV024-0003161,SYNEWPRV024-0003162,2025-11-07,synthetic_document_00790.pdf,sender016@example.test,recipient017@example.test,copy012@example.test,blind010@example.test,Synthetic subject 00790,,,,Yes,Yes
SYNEWPRV024-0003165,SYNEWPRV024-0003167,2025-12-08,synthetic_document_00791.pdf,sender017@example.test,recipient018@example.test,copy013@example.test,blind011@example.test,Synthetic subject 00791,,,,,
SYNEWPRV024-0003169,SYNEWPRV024-0003169,2025-01-09,synthetic_document_00792.pdf,sender018@example.test,recipient019@example.test,copy014@example.test,blind001@example.test,Synthetic subject 00792,Yes,,Yes,,
SYNEWPRV024-0003173,SYNEWPRV024-0003174,2025-02-10,synthetic_document_00793.pdf,sender019@example.test,recipient020@example.test,copy015@example.test,blind002@example.test,Synthetic subject 00793,,Yes,,Yes,
SYNEWPRV024-0003177,SYNEWPRV024-0003179,2025-03-11,synthetic_document_00794.pdf,sender020@example.test,recipient021@example.test,copy016@example.test,blind003@example.test,Synthetic subject 00794,,,,,
SYNEWPRV024-0003181,SYNEWPRV024-0003181,2025-04-12,synthetic_document_00795.pdf,sender021@example.test,recipient022@example.test,copy017@example.test,blind004@example.test,Synthetic subject 00795,,,Yes,,Yes
SYNEWPRV024-0003185,SYNEWPRV024-0003186,2025-05-13,synthetic_document_00796.pdf,sender022@example.test,recipient023@example.test,copy018@example.test,blind005@example.test,Synthetic subject 00796,Yes,,,Yes,
SYNEWPRV024-0003189,SYNEWPRV024-0003191,2025-06-14,synthetic_document_00797.pdf,sender023@example.test,recipient024@example.test,copy019@example.test,blind006@example.test,Synthetic subject 00797,,Yes,,,
SYNEWPRV024-0003193,SYNEWPRV024-0003193,2025-07-15,synthetic_document_00798.pdf,sender024@example.test,recipient025@example.test,copy001@example.test,blind007@example.test,Synthetic subject 00798,,,Yes,,
SYNEWPRV024-0003197,SYNEWPRV024-0003198,2025-08-16,synthetic_document_00799.pdf,sender025@example.test,recipient026@example.test,copy002@example.test,blind008@example.test,Synthetic subject 00799,,,,Yes,
SYNEWPRV024-0003201,SYNEWPRV024-0003203,2025-09-17,synthetic_document_00800.pdf,sender026@example.test,recipient027@example.test,copy003@example.test,blind009@example.test,Synthetic subject 00800,Yes,,,,Yes
SYNEWPRV024-0003205,SYNEWPRV024-0003205,2025-10-18,synthetic_document_00801.pdf,sender027@example.test,recipient028@example.test,copy004@example.test,blind010@example.test,Synthetic subject 00801,,Yes,Yes,,
SYNEWPRV024-0003209,SYNEWPRV024-0003210,2025-11-19,synthetic_document_00802.pdf,sender028@example.test,recipient029@example.test,copy005@example.test,blind011@example.test,Synthetic subject 00802,,,,Yes,
SYNEWPRV024-0003213,SYNEWPRV024-0003215,2025-12-20,synthetic_document_00803.pdf,sender029@example.test,recipient030@example.test,copy006@example.test,blind001@example.test,Synthetic subject 00803,,,,,
SYNEWPRV024-0003217,SYNEWPRV024-0003217,2025-01-21,synthetic_document_00804.pdf,sender030@example.test,recipient031@example.test,copy007@example.test,blind002@example.test,Synthetic subject 00804,Yes,,Yes,,
SYNEWPRV024-0003221,SYNEWPRV024-0003222,2025-02-22,synthetic_document_00805.pdf,sender031@example.test,recipient032@example.test,copy008@example.test,blind003@example.test,Synthetic subject 00805,,Yes,,Yes,Yes
SYNEWPRV024-0003225,SYNEWPRV024-0003227,2025-03-23,synthetic_document_00806.pdf,sender001@example.test,recipient033@example.test,copy009@example.test,blind004@example.test,Synthetic subject 00806,,,,,
SYNEWPRV024-0003229,SYNEWPRV024-0003229,2025-04-24,synthetic_document_00807.pdf,sender002@example.test,recipient034@example.test,copy010@example.test,blind005@example.test,Synthetic subject 00807,,,Yes,,
SYNEWPRV024-0003233,SYNEWPRV024-0003234,2025-05-25,synthetic_document_00808.pdf,sender003@example.test,recipient035@example.test,copy011@example.test,blind006@example.test,Synthetic subject 00808,Yes,,,Yes,
SYNEWPRV024-0003237,SYNEWPRV024-0003239,2025-06-26,synthetic_document_00809.pdf,sender004@example.test,recipient036@example.test,copy012@example.test,blind007@example.test,Synthetic subject 00809,,Yes,,,
SYNEWPRV024-0003241,SYNEWPRV024-0003241,2025-07-27,synthetic_document_00810.pdf,sender005@example.test,recipient037@example.test,copy013@example.test,blind008@example.test,Synthetic subject 00810,,,Yes,,Yes
SYNEWPRV024-0003245,SYNEWPRV024-0003246,2025-08-28,synthetic_document_00811.pdf,sender006@example.test,recipient038@example.test,copy014@example.test,blind009@example.test,Synthetic subject 00811,,,,Yes,
SYNEWPRV024-0003249,SYNEWPRV024-0003251,2025-09-01,synthetic_document_00812.pdf,sender007@example.test,recipient039@example.test,copy015@example.test,blind010@example.test,Synthetic subject 00812,Yes,,,,
SYNEWPRV024-0003253,SYNEWPRV024-0003253,2025-10-02,synthetic_document_00813.pdf,sender008@example.test,recipient040@example.test,copy016@example.test,blind011@example.test,Synthetic subject 00813,,Yes,Yes,,
SYNEWPRV024-0003257,SYNEWPRV024-0003258,2025-11-03,synthetic_document_00814.pdf,sender009@example.test,recipient041@example.test,copy017@example.test,blind001@example.test,Synthetic subject 00814,,,,Yes,
SYNEWPRV024-0003261,SYNEWPRV024-0003263,2025-12-04,synthetic_document_00815.pdf,sender010@example.test,recipient042@example.test,copy018@example.test,blind002@example.test,Synthetic subject 00815,,,,,Yes
SYNEWPRV024-0003265,SYNEWPRV024-0003265,2025-01-05,synthetic_document_00816.pdf,sender011@example.test,recipient043@example.test,copy019@example.test,blind003@example.test,Synthetic subject 00816,Yes,,Yes,,
SYNEWPRV024-0003269,SYNEWPRV024-0003270,2025-02-06,synthetic_document_00817.pdf,sender012@example.test,recipient001@example.test,copy001@example.test,blind004@example.test,Synthetic subject 00817,,Yes,,Yes,
SYNEWPRV024-0003273,SYNEWPRV024-0003275,2025-03-07,synthetic_document_00818.pdf,sender013@example.test,recipient002@example.test,copy002@example.test,blind005@example.test,Synthetic subject 00818,,,,,
SYNEWPRV024-0003277,SYNEWPRV024-0003277,2025-04-08,synthetic_document_00819.pdf,sender014@example.test,recipient003@example.test,copy003@example.test,blind006@example.test,Synthetic subject 00819,,,Yes,,
SYNEWPRV024-0003281,SYNEWPRV024-0003282,2025-05-09,synthetic_document_00820.pdf,sender015@example.test,recipient004@example.test,copy004@example.test,blind007@example.test,Synthetic subject 00820,Yes,,,Yes,Yes
SYNEWPRV024-0003285,SYNEWPRV024-0003287,2025-06-10,synthetic_document_00821.pdf,sender016@example.test,recipient005@example.test,copy005@example.test,blind008@example.test,Synthetic subject 00821,,Yes,,,
SYNEWPRV024-0003289,SYNEWPRV024-0003289,2025-07-11,synthetic_document_00822.pdf,sender017@example.test,recipient006@example.test,copy006@example.test,blind009@example.test,Synthetic subject 00822,,,Yes,,
SYNEWPRV024-0003293,SYNEWPRV024-0003294,2025-08-12,synthetic_document_00823.pdf,sender018@example.test,recipient007@example.test,copy007@example.test,blind010@example.test,Synthetic subject 00823,,,,Yes,
SYNEWPRV024-0003297,SYNEWPRV024-0003299,2025-09-13,synthetic_document_00824.pdf,sender019@example.test,recipient008@example.test,copy008@example.test,blind011@example.test,Synthetic subject 00824,Yes,,,,
SYNEWPRV024-0003301,SYNEWPRV024-0003301,2025-10-14,synthetic_document_00825.pdf,sender020@example.test,recipient009@example.test,copy009@example.test,blind001@example.test,Synthetic subject 00825,,Yes,Yes,,Yes
SYNEWPRV024-0003305,SYNEWPRV024-0003306,2025-11-15,synthetic_document_00826.pdf,sender021@example.test,recipient010@example.test,copy010@example.test,blind002@example.test,Synthetic subject 00826,,,,Yes,
SYNEWPRV024-0003309,SYNEWPRV024-0003311,2025-12-16,synthetic_document_00827.pdf,sender022@example.test,recipient011@example.test,copy011@example.test,blind003@example.test,Synthetic subject 00827,,,,,
SYNEWPRV024-0003313,SYNEWPRV024-0003313,2025-01-17,synthetic_document_00828.pdf,sender023@example.test,recipient012@example.test,copy012@example.test,blind004@example.test,Synthetic subject 00828,Yes,,Yes,,
SYNEWPRV024-0003317,SYNEWPRV024-0003318,2025-02-18,synthetic_document_00829.pdf,sender024@example.test,recipient013@example.test,copy013@example.test,blind005@example.test,Synthetic subject 00829,,Yes,,Yes,
SYNEWPRV024-0003321,SYNEWPRV024-0003323,2025-03-19,synthetic_document_00830.pdf,sender025@example.test,recipient014@example.test,copy014@example.test,blind006@example.test,Synthetic subject 00830,,,,,Yes
SYNEWPRV024-0003325,SYNEWPRV024-0003325,2025-04-20,synthetic_document_00831.pdf,sender026@example.test,recipient015@example.test,copy015@example.test,blind007@example.test,Synthetic subject 00831,,,Yes,,
SYNEWPRV024-0003329,SYNEWPRV024-0003330,2025-05-21,synthetic_document_00832.pdf,sender027@example.test,recipient016@example.test,copy016@example.test,blind008@example.test,Synthetic subject 00832,Yes,,,Yes,
SYNEWPRV024-0003333,SYNEWPRV024-0003335,2025-06-22,synthetic_document_00833.pdf,sender028@example.test,recipient017@example.test,copy017@example.test,blind009@example.test,Synthetic subject 00833,,Yes,,,
SYNEWPRV024-0003337,SYNEWPRV024-0003337,2025-07-23,synthetic_document_00834.pdf,sender029@example.test,recipient018@example.test,copy018@example.test,blind010@example.test,Synthetic subject 00834,,,Yes,,
SYNEWPRV024-0003341,SYNEWPRV024-0003342,2025-08-24,synthetic_document_00835.pdf,sender030@example.test,recipient019@example.test,copy019@example.test,blind011@example.test,Synthetic subject 00835,,,,Yes,Yes
SYNEWPRV024-0003345,SYNEWPRV024-0003347,2025-09-25,synthetic_document_00836.pdf,sender031@example.test,recipient020@example.test,copy001@example.test,blind001@example.test,Synthetic subject 00836,Yes,,,,
SYNEWPRV024-0003349,SYNEWPRV024-0003349,2025-10-26,synthetic_document_00837.pdf,sender001@example.test,recipient021@example.test,copy002@example.test,blind002@example.test,Synthetic subject 00837,,Yes,Yes,,
SYNEWPRV024-0003353,SYNEWPRV024-0003354,2025-11-27,synthetic_document_00838.pdf,sender002@example.test,recipient022@example.test,copy003@example.test,blind003@example.test,Synthetic subject 00838,,,,Yes,
SYNEWPRV024-0003357,SYNEWPRV024-0003359,2025-12-28,synthetic_document_00839.pdf,sender003@example.test,recipient023@example.test,copy004@example.test,blind004@example.test,Synthetic subject 00839,,,,,
SYNEWPRV024-0003361,SYNEWPRV024-0003361,2025-01-01,synthetic_document_00840.pdf,sender004@example.test,recipient024@example.test,copy005@example.test,blind005@example.test,Synthetic subject 00840,Yes,,Yes,,Yes
SYNEWPRV024-0003365,SYNEWPRV024-0003366,2025-02-02,synthetic_document_00841.pdf,sender005@example.test,recipient025@example.test,copy006@example.test,blind006@example.test,Synthetic subject 00841,,Yes,,Yes,
SYNEWPRV024-0003369,SYNEWPRV024-0003371,2025-03-03,synthetic_document_00842.pdf,sender006@example.test,recipient026@example.test,copy007@example.test,blind007@example.test,Synthetic subject 00842,,,,,
SYNEWPRV024-0003373,SYNEWPRV024-0003373,2025-04-04,synthetic_document_00843.pdf,sender007@example.test,recipient027@example.test,copy008@example.test,blind008@example.test,Synthetic subject 00843,,,Yes,,
SYNEWPRV024-0003377,SYNEWPRV024-0003378,2025-05-05,synthetic_document_00844.pdf,sender008@example.test,recipient028@example.test,copy009@example.test,blind009@example.test,Synthetic subject 00844,Yes,,,Yes,
SYNEWPRV024-0003381,SYNEWPRV024-0003383,2025-06-06,synthetic_document_00845.pdf,sender009@example.test,recipient029@example.test,copy010@example.test,blind010@example.test,Synthetic subject 00845,,Yes,,,Yes
SYNEWPRV024-0003385,SYNEWPRV024-0003385,2025-07-07,synthetic_document_00846.pdf,sender010@example.test,recipient030@example.test,copy011@example.test,blind011@example.test,Synthetic subject 00846,,,Yes,,
SYNEWPRV024-0003389,SYNEWPRV024-0003390,2025-08-08,synthetic_document_00847.pdf,sender011@example.test,recipient031@example.test,copy012@example.test,blind001@example.test,Synthetic subject 00847,,,,Yes,
SYNEWPRV024-0003393,SYNEWPRV024-0003395,2025-09-09,synthetic_document_00848.pdf,sender012@example.test,recipient032@example.test,copy013@example.test,blind002@example.test,Synthetic subject 00848,Yes,,,,
SYNEWPRV024-0003397,SYNEWPRV024-0003397,2025-10-10,synthetic_document_00849.pdf,sender013@example.test,recipient033@example.test,copy014@example.test,blind003@example.test,Synthetic subject 00849,,Yes,Yes,,
SYNEWPRV024-0003401,SYNEWPRV024-0003402,2025-11-11,synthetic_document_00850.pdf,sender014@example.test,recipient034@example.test,copy015@example.test,blind004@example.test,Synthetic subject 00850,,,,Yes,Yes
SYNEWPRV024-0003405,SYNEWPRV024-0003407,2025-12-12,synthetic_document_00851.pdf,sender015@example.test,recipient035@example.test,copy016@example.test,blind005@example.test,Synthetic subject 00851,,,,,
SYNEWPRV024-0003409,SYNEWPRV024-0003409,2025-01-13,synthetic_document_00852.pdf,sender016@example.test,recipient036@example.test,copy017@example.test,blind006@example.test,Synthetic subject 00852,Yes,,Yes,,
SYNEWPRV024-0003413,SYNEWPRV024-0003414,2025-02-14,synthetic_document_00853.pdf,sender017@example.test,recipient037@example.test,copy018@example.test,blind007@example.test,Synthetic subject 00853,,Yes,,Yes,
SYNEWPRV024-0003417,SYNEWPRV024-0003419,2025-03-15,synthetic_document_00854.pdf,sender018@example.test,recipient038@example.test,copy019@example.test,blind008@example.test,Synthetic subject 00854,,,,,
SYNEWPRV024-0003421,SYNEWPRV024-0003421,2025-04-16,synthetic_document_00855.pdf,sender019@example.test,recipient039@example.test,copy001@example.test,blind009@example.test,Synthetic subject 00855,,,Yes,,Yes
SYNEWPRV024-0003425,SYNEWPRV024-0003426,2025-05-17,synthetic_document_00856.pdf,sender020@example.test,recipient040@example.test,copy002@example.test,blind010@example.test,Synthetic subject 00856,Yes,,,Yes,
SYNEWPRV024-0003429,SYNEWPRV024-0003431,2025-06-18,synthetic_document_00857.pdf,sender021@example.test,recipient041@example.test,copy003@example.test,blind011@example.test,Synthetic subject 00857,,Yes,,,
SYNEWPRV024-0003433,SYNEWPRV024-0003433,2025-07-19,synthetic_document_00858.pdf,sender022@example.test,recipient042@example.test,copy004@example.test,blind001@example.test,Synthetic subject 00858,,,Yes,,
SYNEWPRV024-0003437,SYNEWPRV024-0003438,2025-08-20,synthetic_document_00859.pdf,sender023@example.test,recipient043@example.test,copy005@example.test,blind002@example.test,Synthetic subject 00859,,,,Yes,
SYNEWPRV024-0003441,SYNEWPRV024-0003443,2025-09-21,synthetic_document_00860.pdf,sender024@example.test,recipient001@example.test,copy006@example.test,blind003@example.test,Synthetic subject 00860,Yes,,,,Yes
SYNEWPRV024-0003445,SYNEWPRV024-0003445,2025-10-22,synthetic_document_00861.pdf,sender025@example.test,recipient002@example.test,copy007@example.test,blind004@example.test,Synthetic subject 00861,,Yes,Yes,,
SYNEWPRV024-0003449,SYNEWPRV024-0003450,2025-11-23,synthetic_document_00862.pdf,sender026@example.test,recipient003@example.test,copy008@example.test,blind005@example.test,Synthetic subject 00862,,,,Yes,
SYNEWPRV024-0003453,SYNEWPRV024-0003455,2025-12-24,synthetic_document_00863.pdf,sender027@example.test,recipient004@example.test,copy009@example.test,blind006@example.test,Synthetic subject 00863,,,,,
SYNEWPRV024-0003457,SYNEWPRV024-0003457,2025-01-25,synthetic_document_00864.pdf,sender028@example.test,recipient005@example.test,copy010@example.test,blind007@example.test,Synthetic subject 00864,Yes,,Yes,,
SYNEWPRV024-0003461,SYNEWPRV024-0003462,2025-02-26,synthetic_document_00865.pdf,sender029@example.test,recipient006@example.test,copy011@example.test,blind008@example.test,Synthetic subject 00865,,Yes,,Yes,Yes
SYNEWPRV024-0003465,SYNEWPRV024-0003467,2025-03-27,synthetic_document_00866.pdf,sender030@example.test,recipient007@example.test,copy012@example.test,blind009@example.test,Synthetic subject 00866,,,,,
SYNEWPRV024-0003469,SYNEWPRV024-0003469,2025-04-28,synthetic_document_00867.pdf,sender031@example.test,recipient008@example.test,copy013@example.test,blind010@example.test,Synthetic subject 00867,,,Yes,,
SYNEWPRV024-0003473,SYNEWPRV024-0003474,2025-05-01,synthetic_document_00868.pdf,sender001@example.test,recipient009@example.test,copy014@example.test,blind011@example.test,Synthetic subject 00868,Yes,,,Yes,
SYNEWPRV024-0003477,SYNEWPRV024-0003479,2025-06-02,synthetic_document_00869.pdf,sender002@example.test,recipient010@example.test,copy015@example.test,blind001@example.test,Synthetic subject 00869,,Yes,,,
SYNEWPRV024-0003481,SYNEWPRV024-0003481,2025-07-03,synthetic_document_00870.pdf,sender003@example.test,recipient011@example.test,copy016@example.test,blind002@example.test,Synthetic subject 00870,,,Yes,,Yes
SYNEWPRV024-0003485,SYNEWPRV024-0003486,2025-08-04,synthetic_document_00871.pdf,sender004@example.test,recipient012@example.test,copy017@example.test,blind003@example.test,Synthetic subject 00871,,,,Yes,
SYNEWPRV024-0003489,SYNEWPRV024-0003491,2025-09-05,synthetic_document_00872.pdf,sender005@example.test,recipient013@example.test,copy018@example.test,blind004@example.test,Synthetic subject 00872,Yes,,,,
SYNEWPRV024-0003493,SYNEWPRV024-0003493,2025-10-06,synthetic_document_00873.pdf,sender006@example.test,recipient014@example.test,copy019@example.test,blind005@example.test,Synthetic subject 00873,,Yes,Yes,,
SYNEWPRV024-0003497,SYNEWPRV024-0003498,2025-11-07,synthetic_document_00874.pdf,sender007@example.test,recipient015@example.test,copy001@example.test,blind006@example.test,Synthetic subject 00874,,,,Yes,
SYNEWPRV024-0003501,SYNEWPRV024-0003503,2025-12-08,synthetic_document_00875.pdf,sender008@example.test,recipient016@example.test,copy002@example.test,blind007@example.test,Synthetic subject 00875,,,,,Yes
SYNEWPRV024-0003505,SYNEWPRV024-0003505,2025-01-09,synthetic_document_00876.pdf,sender009@example.test,recipient017@example.test,copy003@example.test,blind008@example.test,Synthetic subject 00876,Yes,,Yes,,
SYNEWPRV024-0003509,SYNEWPRV024-0003510,2025-02-10,synthetic_document_00877.pdf,sender010@example.test,recipient018@example.test,copy004@example.test,blind009@example.test,Synthetic subject 00877,,Yes,,Yes,
SYNEWPRV024-0003513,SYNEWPRV024-0003515,2025-03-11,synthetic_document_00878.pdf,sender011@example.test,recipient019@example.test,copy005@example.test,blind010@example.test,Synthetic subject 00878,,,,,
SYNEWPRV024-0003517,SYNEWPRV024-0003517,2025-04-12,synthetic_document_00879.pdf,sender012@example.test,recipient020@example.test,copy006@example.test,blind011@example.test,Synthetic subject 00879,,,Yes,,
SYNEWPRV024-0003521,SYNEWPRV024-0003522,2025-05-13,synthetic_document_00880.pdf,sender013@example.test,recipient021@example.test,copy007@example.test,blind001@example.test,Synthetic subject 00880,Yes,,,Yes,Yes
SYNEWPRV024-0003525,SYNEWPRV024-0003527,2025-06-14,synthetic_document_00881.pdf,sender014@example.test,recipient022@example.test,copy008@example.test,blind002@example.test,Synthetic subject 00881,,Yes,,,
SYNEWPRV024-0003529,SYNEWPRV024-0003529,2025-07-15,synthetic_document_00882.pdf,sender015@example.test,recipient023@example.test,copy009@example.test,blind003@example.test,Synthetic subject 00882,,,Yes,,
SYNEWPRV024-0003533,SYNEWPRV024-0003534,2025-08-16,synthetic_document_00883.pdf,sender016@example.test,recipient024@example.test,copy010@example.test,blind004@example.test,Synthetic subject 00883,,,,Yes,
SYNEWPRV024-0003537,SYNEWPRV024-0003539,2025-09-17,synthetic_document_00884.pdf,sender017@example.test,recipient025@example.test,copy011@example.test,blind005@example.test,Synthetic subject 00884,Yes,,,,
SYNEWPRV024-0003541,SYNEWPRV024-0003541,2025-10-18,synthetic_document_00885.pdf,sender018@example.test,recipient026@example.test,copy012@example.test,blind006@example.test,Synthetic subject 00885,,Yes,Yes,,Yes
SYNEWPRV024-0003545,SYNEWPRV024-0003546,2025-11-19,synthetic_document_00886.pdf,sender019@example.test,recipient027@example.test,copy013@example.test,blind007@example.test,Synthetic subject 00886,,,,Yes,
SYNEWPRV024-0003549,SYNEWPRV024-0003551,2025-12-20,synthetic_document_00887.pdf,sender020@example.test,recipient028@example.test,copy014@example.test,blind008@example.test,Synthetic subject 00887,,,,,
SYNEWPRV024-0003553,SYNEWPRV024-0003553,2025-01-21,synthetic_document_00888.pdf,sender021@example.test,recipient029@example.test,copy015@example.test,blind009@example.test,Synthetic subject 00888,Yes,,Yes,,
SYNEWPRV024-0003557,SYNEWPRV024-0003558,2025-02-22,synthetic_document_00889.pdf,sender022@example.test,recipient030@example.test,copy016@example.test,blind010@example.test,Synthetic subject 00889,,Yes,,Yes,
SYNEWPRV024-0003561,SYNEWPRV024-0003563,2025-03-23,synthetic_document_00890.pdf,sender023@example.test,recipient031@example.test,copy017@example.test,blind011@example.test,Synthetic subject 00890,,,,,Yes
SYNEWPRV024-0003565,SYNEWPRV024-0003565,2025-04-24,synthetic_document_00891.pdf,sender024@example.test,recipient032@example.test,copy018@example.test,blind001@example.test,Synthetic subject 00891,,,Yes,,
SYNEWPRV024-0003569,SYNEWPRV024-0003570,2025-05-25,synthetic_document_00892.pdf,sender025@example.test,recipient033@example.test,copy019@example.test,blind002@example.test,Synthetic subject 00892,Yes,,,Yes,
SYNEWPRV024-0003573,SYNEWPRV024-0003575,2025-06-26,synthetic_document_00893.pdf,sender026@example.test,recipient034@example.test,copy001@example.test,blind003@example.test,Synthetic subject 00893,,Yes,,,
SYNEWPRV024-0003577,SYNEWPRV024-0003577,2025-07-27,synthetic_document_00894.pdf,sender027@example.test,recipient035@example.test,copy002@example.test,blind004@example.test,Synthetic subject 00894,,,Yes,,
SYNEWPRV024-0003581,SYNEWPRV024-0003582,2025-08-28,synthetic_document_00895.pdf,sender028@example.test,recipient036@example.test,copy003@example.test,blind005@example.test,Synthetic subject 00895,,,,Yes,Yes
SYNEWPRV024-0003585,SYNEWPRV024-0003587,2025-09-01,synthetic_document_00896.pdf,sender029@example.test,recipient037@example.test,copy004@example.test,blind006@example.test,Synthetic subject 00896,Yes,,,,
SYNEWPRV024-0003589,SYNEWPRV024-0003589,2025-10-02,synthetic_document_00897.pdf,sender030@example.test,recipient038@example.test,copy005@example.test,blind007@example.test,Synthetic subject 00897,,Yes,Yes,,
SYNEWPRV024-0003593,SYNEWPRV024-0003594,2025-11-03,synthetic_document_00898.pdf,sender031@example.test,recipient039@example.test,copy006@example.test,blind008@example.test,Synthetic subject 00898,,,,Yes,
SYNEWPRV024-0003597,SYNEWPRV024-0003599,2025-12-04,synthetic_document_00899.pdf,sender001@example.test,recipient040@example.test,copy007@example.test,blind009@example.test,Synthetic subject 00899,,,,,
SYNEWPRV024-0003601,SYNEWPRV024-0003601,2025-01-05,synthetic_document_00900.pdf,sender002@example.test,recipient041@example.test,copy008@example.test,blind010@example.test,Synthetic subject 00900,Yes,,Yes,,Yes
SYNEWPRV024-0003605,SYNEWPRV024-0003606,2025-02-06,synthetic_document_00901.pdf,sender003@example.test,recipient042@example.test,copy009@example.test,blind011@example.test,Synthetic subject 00901,,Yes,,Yes,
SYNEWPRV024-0003609,SYNEWPRV024-0003611,2025-03-07,synthetic_document_00902.pdf,sender004@example.test,recipient043@example.test,copy010@example.test,blind001@example.test,Synthetic subject 00902,,,,,
SYNEWPRV024-0003613,SYNEWPRV024-0003613,2025-04-08,synthetic_document_00903.pdf,sender005@example.test,recipient001@example.test,copy011@example.test,blind002@example.test,Synthetic subject 00903,,,Yes,,
SYNEWPRV024-0003617,SYNEWPRV024-0003618,2025-05-09,synthetic_document_00904.pdf,sender006@example.test,recipient002@example.test,copy012@example.test,blind003@example.test,Synthetic subject 00904,Yes,,,Yes,
SYNEWPRV024-0003621,SYNEWPRV024-0003623,2025-06-10,synthetic_document_00905.pdf,sender007@example.test,recipient003@example.test,copy013@example.test,blind004@example.test,Synthetic subject 00905,,Yes,,,Yes
SYNEWPRV024-0003625,SYNEWPRV024-0003625,2025-07-11,synthetic_document_00906.pdf,sender008@example.test,recipient004@example.test,copy014@example.test,blind005@example.test,Synthetic subject 00906,,,Yes,,
SYNEWPRV024-0003629,SYNEWPRV024-0003630,2025-08-12,synthetic_document_00907.pdf,sender009@example.test,recipient005@example.test,copy015@example.test,blind006@example.test,Synthetic subject 00907,,,,Yes,
SYNEWPRV024-0003633,SYNEWPRV024-0003635,2025-09-13,synthetic_document_00908.pdf,sender010@example.test,recipient006@example.test,copy016@example.test,blind007@example.test,Synthetic subject 00908,Yes,,,,
SYNEWPRV024-0003637,SYNEWPRV024-0003637,2025-10-14,synthetic_document_00909.pdf,sender011@example.test,recipient007@example.test,copy017@example.test,blind008@example.test,Synthetic subject 00909,,Yes,Yes,,
SYNEWPRV024-0003641,SYNEWPRV024-0003642,2025-11-15,synthetic_document_00910.pdf,sender012@example.test,recipient008@example.test,copy018@example.test,blind009@example.test,Synthetic subject 00910,,,,Yes,Yes
SYNEWPRV024-0003645,SYNEWPRV024-0003647,2025-12-16,synthetic_document_00911.pdf,sender013@example.test,recipient009@example.test,copy019@example.test,blind010@example.test,Synthetic subject 00911,,,,,
SYNEWPRV024-0003649,SYNEWPRV024-0003649,2025-01-17,synthetic_document_00912.pdf,sender014@example.test,recipient010@example.test,copy001@example.test,blind011@example.test,Synthetic subject 00912,Yes,,Yes,,
SYNEWPRV024-0003653,SYNEWPRV024-0003654,2025-02-18,synthetic_document_00913.pdf,sender015@example.test,recipient011@example.test,copy002@example.test,blind001@example.test,Synthetic subject 00913,,Yes,,Yes,
SYNEWPRV024-0003657,SYNEWPRV024-0003659,2025-03-19,synthetic_document_00914.pdf,sender016@example.test,recipient012@example.test,copy003@example.test,blind002@example.test,Synthetic subject 00914,,,,,
SYNEWPRV024-0003661,SYNEWPRV024-0003661,2025-04-20,synthetic_document_00915.pdf,sender017@example.test,recipient013@example.test,copy004@example.test,blind003@example.test,Synthetic subject 00915,,,Yes,,Yes
SYNEWPRV024-0003665,SYNEWPRV024-0003666,2025-05-21,synthetic_document_00916.pdf,sender018@example.test,recipient014@example.test,copy005@example.test,blind004@example.test,Synthetic subject 00916,Yes,,,Yes,
SYNEWPRV024-0003669,SYNEWPRV024-0003671,2025-06-22,synthetic_document_00917.pdf,sender019@example.test,recipient015@example.test,copy006@example.test,blind005@example.test,Synthetic subject 00917,,Yes,,,
SYNEWPRV024-0003673,SYNEWPRV024-0003673,2025-07-23,synthetic_document_00918.pdf,sender020@example.test,recipient016@example.test,copy007@example.test,blind006@example.test,Synthetic subject 00918,,,Yes,,
SYNEWPRV024-0003677,SYNEWPRV024-0003678,2025-08-24,synthetic_document_00919.pdf,sender021@example.test,recipient017@example.test,copy008@example.test,blind007@example.test,Synthetic subject 00919,,,,Yes,
SYNEWPRV024-0003681,SYNEWPRV024-0003683,2025-09-25,synthetic_document_00920.pdf,sender022@example.test,recipient018@example.test,copy009@example.test,blind008@example.test,Synthetic subject 00920,Yes,,,,Yes
SYNEWPRV024-0003685,SYNEWPRV024-0003685,2025-10-26,synthetic_document_00921.pdf,sender023@example.test,recipient019@example.test,copy010@example.test,blind009@example.test,Synthetic subject 00921,,Yes,Yes,,
SYNEWPRV024-0003689,SYNEWPRV024-0003690,2025-11-27,synthetic_document_00922.pdf,sender024@example.test,recipient020@example.test,copy011@example.test,blind010@example.test,Synthetic subject 00922,,,,Yes,
SYNEWPRV024-0003693,SYNEWPRV024-0003695,2025-12-28,synthetic_document_00923.pdf,sender025@example.test,recipient021@example.test,copy012@example.test,blind011@example.test,Synthetic subject 00923,,,,,
SYNEWPRV024-0003697,SYNEWPRV024-0003697,2025-01-01,synthetic_document_00924.pdf,sender026@example.test,recipient022@example.test,copy013@example.test,blind001@example.test,Synthetic subject 00924,Yes,,Yes,,
SYNEWPRV024-0003701,SYNEWPRV024-0003702,2025-02-02,synthetic_document_00925.pdf,sender027@example.test,recipient023@example.test,copy014@example.test,blind002@example.test,Synthetic subject 00925,,Yes,,Yes,Yes
SYNEWPRV024-0003705,SYNEWPRV024-0003707,2025-03-03,synthetic_document_00926.pdf,sender028@example.test,recipient024@example.test,copy015@example.test,blind003@example.test,Synthetic subject 00926,,,,,
SYNEWPRV024-0003709,SYNEWPRV024-0003709,2025-04-04,synthetic_document_00927.pdf,sender029@example.test,recipient025@example.test,copy016@example.test,blind004@example.test,Synthetic subject 00927,,,Yes,,
SYNEWPRV024-0003713,SYNEWPRV024-0003714,2025-05-05,synthetic_document_00928.pdf,sender030@example.test,recipient026@example.test,copy017@example.test,blind005@example.test,Synthetic subject 00928,Yes,,,Yes,
SYNEWPRV024-0003717,SYNEWPRV024-0003719,2025-06-06,synthetic_document_00929.pdf,sender031@example.test,recipient027@example.test,copy018@example.test,blind006@example.test,Synthetic subject 00929,,Yes,,,
SYNEWPRV024-0003721,SYNEWPRV024-0003721,2025-07-07,synthetic_document_00930.pdf,sender001@example.test,recipient028@example.test,copy019@example.test,blind007@example.test,Synthetic subject 00930,,,Yes,,Yes
SYNEWPRV024-0003725,SYNEWPRV024-0003726,2025-08-08,synthetic_document_00931.pdf,sender002@example.test,recipient029@example.test,copy001@example.test,blind008@example.test,Synthetic subject 00931,,,,Yes,
SYNEWPRV024-0003729,SYNEWPRV024-0003731,2025-09-09,synthetic_document_00932.pdf,sender003@example.test,recipient030@example.test,copy002@example.test,blind009@example.test,Synthetic subject 00932,Yes,,,,
SYNEWPRV024-0003733,SYNEWPRV024-0003733,2025-10-10,synthetic_document_00933.pdf,sender004@example.test,recipient031@example.test,copy003@example.test,blind010@example.test,Synthetic subject 00933,,Yes,Yes,,
SYNEWPRV024-0003737,SYNEWPRV024-0003738,2025-11-11,synthetic_document_00934.pdf,sender005@example.test,recipient032@example.test,copy004@example.test,blind011@example.test,Synthetic subject 00934,,,,Yes,
SYNEWPRV024-0003741,SYNEWPRV024-0003743,2025-12-12,synthetic_document_00935.pdf,sender006@example.test,recipient033@example.test,copy005@example.test,blind001@example.test,Synthetic subject 00935,,,,,Yes
SYNEWPRV024-0003745,SYNEWPRV024-0003745,2025-01-13,synthetic_document_00936.pdf,sender007@example.test,recipient034@example.test,copy006@example.test,blind002@example.test,Synthetic subject 00936,Yes,,Yes,,
SYNEWPRV024-0003749,SYNEWPRV024-0003750,2025-02-14,synthetic_document_00937.pdf,sender008@example.test,recipient035@example.test,copy007@example.test,blind003@example.test,Synthetic subject 00937,,Yes,,Yes,
SYNEWPRV024-0003753,SYNEWPRV024-0003755,2025-03-15,synthetic_document_00938.pdf,sender009@example.test,recipient036@example.test,copy008@example.test,blind004@example.test,Synthetic subject 00938,,,,,
SYNEWPRV024-0003757,SYNEWPRV024-0003757,2025-04-16,synthetic_document_00939.pdf,sender010@example.test,recipient037@example.test,copy009@example.test,blind005@example.test,Synthetic subject 00939,,,Yes,,
SYNEWPRV024-0003761,SYNEWPRV024-0003762,2025-05-17,synthetic_document_00940.pdf,sender011@example.test,recipient038@example.test,copy010@example.test,blind006@example.test,Synthetic subject 00940,Yes,,,Yes,Yes
SYNEWPRV024-0003765,SYNEWPRV024-0003767,2025-06-18,synthetic_document_00941.pdf,sender012@example.test,recipient039@example.test,copy011@example.test,blind007@example.test,Synthetic subject 00941,,Yes,,,
SYNEWPRV024-0003769,SYNEWPRV024-0003769,2025-07-19,synthetic_document_00942.pdf,sender013@example.test,recipient040@example.test,copy012@example.test,blind008@example.test,Synthetic subject 00942,,,Yes,,
SYNEWPRV024-0003773,SYNEWPRV024-0003774,2025-08-20,synthetic_document_00943.pdf,sender014@example.test,recipient041@example.test,copy013@example.test,blind009@example.test,Synthetic subject 00943,,,,Yes,
SYNEWPRV024-0003777,SYNEWPRV024-0003779,2025-09-21,synthetic_document_00944.pdf,sender015@example.test,recipient042@example.test,copy014@example.test,blind010@example.test,Synthetic subject 00944,Yes,,,,
SYNEWPRV024-0003781,SYNEWPRV024-0003781,2025-10-22,synthetic_document_00945.pdf,sender016@example.test,recipient043@example.test,copy015@example.test,blind011@example.test,Synthetic subject 00945,,Yes,Yes,,Yes
SYNEWPRV024-0003785,SYNEWPRV024-0003786,2025-11-23,synthetic_document_00946.pdf,sender017@example.test,recipient001@example.test,copy016@example.test,blind001@example.test,Synthetic subject 00946,,,,Yes,
SYNEWPRV024-0003789,SYNEWPRV024-0003791,2025-12-24,synthetic_document_00947.pdf,sender018@example.test,recipient002@example.test,copy017@example.test,blind002@example.test,Synthetic subject 00947,,,,,
SYNEWPRV024-0003793,SYNEWPRV024-0003793,2025-01-25,synthetic_document_00948.pdf,sender019@example.test,recipient003@example.test,copy018@example.test,blind003@example.test,Synthetic subject 00948,Yes,,Yes,,
SYNEWPRV024-0003797,SYNEWPRV024-0003798,2025-02-26,synthetic_document_00949.pdf,sender020@example.test,recipient004@example.test,copy019@example.test,blind004@example.test,Synthetic subject 00949,,Yes,,Yes,
SYNEWPRV024-0003801,SYNEWPRV024-0003803,2025-03-27,synthetic_document_00950.pdf,sender021@example.test,recipient005@example.test,copy001@example.test,blind005@example.test,Synthetic subject 00950,,,,,Yes
SYNEWPRV024-0003805,SYNEWPRV024-0003805,2025-04-28,synthetic_document_00951.pdf,sender022@example.test,recipient006@example.test,copy002@example.test,blind006@example.test,Synthetic subject 00951,,,Yes,,
SYNEWPRV024-0003809,SYNEWPRV024-0003810,2025-05-01,synthetic_document_00952.pdf,sender023@example.test,recipient007@example.test,copy003@example.test,blind007@example.test,Synthetic subject 00952,Yes,,,Yes,
SYNEWPRV024-0003813,SYNEWPRV024-0003815,2025-06-02,synthetic_document_00953.pdf,sender024@example.test,recipient008@example.test,copy004@example.test,blind008@example.test,Synthetic subject 00953,,Yes,,,
SYNEWPRV024-0003817,SYNEWPRV024-0003817,2025-07-03,synthetic_document_00954.pdf,sender025@example.test,recipient009@example.test,copy005@example.test,blind009@example.test,Synthetic subject 00954,,,Yes,,
SYNEWPRV024-0003821,SYNEWPRV024-0003822,2025-08-04,synthetic_document_00955.pdf,sender026@example.test,recipient010@example.test,copy006@example.test,blind010@example.test,Synthetic subject 00955,,,,Yes,Yes
SYNEWPRV024-0003825,SYNEWPRV024-0003827,2025-09-05,synthetic_document_00956.pdf,sender027@example.test,recipient011@example.test,copy007@example.test,blind011@example.test,Synthetic subject 00956,Yes,,,,
SYNEWPRV024-0003829,SYNEWPRV024-0003829,2025-10-06,synthetic_document_00957.pdf,sender028@example.test,recipient012@example.test,copy008@example.test,blind001@example.test,Synthetic subject 00957,,Yes,Yes,,
SYNEWPRV024-0003833,SYNEWPRV024-0003834,2025-11-07,synthetic_document_00958.pdf,sender029@example.test,recipient013@example.test,copy009@example.test,blind002@example.test,Synthetic subject 00958,,,,Yes,
SYNEWPRV024-0003837,SYNEWPRV024-0003839,2025-12-08,synthetic_document_00959.pdf,sender030@example.test,recipient014@example.test,copy010@example.test,blind003@example.test,Synthetic subject 00959,,,,,
SYNEWPRV024-0003841,SYNEWPRV024-0003841,2025-01-09,synthetic_document_00960.pdf,sender031@example.test,recipient015@example.test,copy011@example.test,blind004@example.test,Synthetic subject 00960,Yes,,Yes,,Yes
SYNEWPRV024-0003845,SYNEWPRV024-0003846,2025-02-10,synthetic_document_00961.pdf,sender001@example.test,recipient016@example.test,copy012@example.test,blind005@example.test,Synthetic subject 00961,,Yes,,Yes,
SYNEWPRV024-0003849,SYNEWPRV024-0003851,2025-03-11,synthetic_document_00962.pdf,sender002@example.test,recipient017@example.test,copy013@example.test,blind006@example.test,Synthetic subject 00962,,,,,
SYNEWPRV024-0003853,SYNEWPRV024-0003853,2025-04-12,synthetic_document_00963.pdf,sender003@example.test,recipient018@example.test,copy014@example.test,blind007@example.test,Synthetic subject 00963,,,Yes,,
SYNEWPRV024-0003857,SYNEWPRV024-0003858,2025-05-13,synthetic_document_00964.pdf,sender004@example.test,recipient019@example.test,copy015@example.test,blind008@example.test,Synthetic subject 00964,Yes,,,Yes,
SYNEWPRV024-0003861,SYNEWPRV024-0003863,2025-06-14,synthetic_document_00965.pdf,sender005@example.test,recipient020@example.test,copy016@example.test,blind009@example.test,Synthetic subject 00965,,Yes,,,Yes
SYNEWPRV024-0003865,SYNEWPRV024-0003865,2025-07-15,synthetic_document_00966.pdf,sender006@example.test,recipient021@example.test,copy017@example.test,blind010@example.test,Synthetic subject 00966,,,Yes,,
SYNEWPRV024-0003869,SYNEWPRV024-0003870,2025-08-16,synthetic_document_00967.pdf,sender007@example.test,recipient022@example.test,copy018@example.test,blind011@example.test,Synthetic subject 00967,,,,Yes,
SYNEWPRV024-0003873,SYNEWPRV024-0003875,2025-09-17,synthetic_document_00968.pdf,sender008@example.test,recipient023@example.test,copy019@example.test,blind001@example.test,Synthetic subject 00968,Yes,,,,
SYNEWPRV024-0003877,SYNEWPRV024-0003877,2025-10-18,synthetic_document_00969.pdf,sender009@example.test,recipient024@example.test,copy001@example.test,blind002@example.test,Synthetic subject 00969,,Yes,Yes,,
SYNEWPRV024-0003881,SYNEWPRV024-0003882,2025-11-19,synthetic_document_00970.pdf,sender010@example.test,recipient025@example.test,copy002@example.test,blind003@example.test,Synthetic subject 00970,,,,Yes,Yes
SYNEWPRV024-0003885,SYNEWPRV024-0003887,2025-12-20,synthetic_document_00971.pdf,sender011@example.test,recipient026@example.test,copy003@example.test,blind004@example.test,Synthetic subject 00971,,,,,
SYNEWPRV024-0003889,SYNEWPRV024-0003889,2025-01-21,synthetic_document_00972.pdf,sender012@example.test,recipient027@example.test,copy004@example.test,blind005@example.test,Synthetic subject 00972,Yes,,Yes,,
SYNEWPRV024-0003893,SYNEWPRV024-0003894,2025-02-22,synthetic_document_00973.pdf,sender013@example.test,recipient028@example.test,copy005@example.test,blind006@example.test,Synthetic subject 00973,,Yes,,Yes,
SYNEWPRV024-0003897,SYNEWPRV024-0003899,2025-03-23,synthetic_document_00974.pdf,sender014@example.test,recipient029@example.test,copy006@example.test,blind007@example.test,Synthetic subject 00974,,,,,
SYNEWPRV024-0003901,SYNEWPRV024-0003901,2025-04-24,synthetic_document_00975.pdf,sender015@example.test,recipient030@example.test,copy007@example.test,blind008@example.test,Synthetic subject 00975,,,Yes,,Yes
SYNEWPRV024-0003905,SYNEWPRV024-0003906,2025-05-25,synthetic_document_00976.pdf,sender016@example.test,recipient031@example.test,copy008@example.test,blind009@example.test,Synthetic subject 00976,Yes,,,Yes,
SYNEWPRV024-0003909,SYNEWPRV024-0003911,2025-06-26,synthetic_document_00977.pdf,sender017@example.test,recipient032@example.test,copy009@example.test,blind010@example.test,Synthetic subject 00977,,Yes,,,
SYNEWPRV024-0003913,SYNEWPRV024-0003913,2025-07-27,synthetic_document_00978.pdf,sender018@example.test,recipient033@example.test,copy010@example.test,blind011@example.test,Synthetic subject 00978,,,Yes,,
SYNEWPRV024-0003917,SYNEWPRV024-0003918,2025-08-28,synthetic_document_00979.pdf,sender019@example.test,recipient034@example.test,copy011@example.test,blind001@example.test,Synthetic subject 00979,,,,Yes,
SYNEWPRV024-0003921,SYNEWPRV024-0003923,2025-09-01,synthetic_document_00980.pdf,sender020@example.test,recipient035@example.test,copy012@example.test,blind002@example.test,Synthetic subject 00980,Yes,,,,Yes
SYNEWPRV024-0003925,SYNEWPRV024-0003925,2025-10-02,synthetic_document_00981.pdf,sender021@example.test,recipient036@example.test,copy013@example.test,blind003@example.test,Synthetic subject 00981,,Yes,Yes,,
SYNEWPRV024-0003929,SYNEWPRV024-0003930,2025-11-03,synthetic_document_00982.pdf,sender022@example.test,recipient037@example.test,copy014@example.test,blind004@example.test,Synthetic subject 00982,,,,Yes,
SYNEWPRV024-0003933,SYNEWPRV024-0003935,2025-12-04,synthetic_document_00983.pdf,sender023@example.test,recipient038@example.test,copy015@example.test,blind005@example.test,Synthetic subject 00983,,,,,
SYNEWPRV024-0003937,SYNEWPRV024-0003937,2025-01-05,synthetic_document_00984.pdf,sender024@example.test,recipient039@example.test,copy016@example.test,blind006@example.test,Synthetic subject 00984,Yes,,Yes,,
SYNEWPRV024-0003941,SYNEWPRV024-0003942,2025-02-06,synthetic_document_00985.pdf,sender025@example.test,recipient040@example.test,copy017@example.test,blind007@example.test,Synthetic subject 00985,,Yes,,Yes,Yes
SYNEWPRV024-0003945,SYNEWPRV024-0003947,2025-03-07,synthetic_document_00986.pdf,sender026@example.test,recipient041@example.test,copy018@example.test,blind008@example.test,Synthetic subject 00986,,,,,
SYNEWPRV024-0003949,SYNEWPRV024-0003949,2025-04-08,synthetic_document_00987.pdf,sender027@example.test,recipient042@example.test,copy019@example.test,blind009@example.test,Synthetic subject 00987,,,Yes,,
SYNEWPRV024-0003953,SYNEWPRV024-0003954,2025-05-09,synthetic_document_00988.pdf,sender028@example.test,recipient043@example.test,copy001@example.test,blind010@example.test,Synthetic subject 00988,Yes,,,Yes,
SYNEWPRV024-0003957,SYNEWPRV024-0003959,2025-06-10,synthetic_document_00989.pdf,sender029@example.test,recipient001@example.test,copy002@example.test,blind011@example.test,Synthetic subject 00989,,Yes,,,
SYNEWPRV024-0003961,SYNEWPRV024-0003961,2025-07-11,synthetic_document_00990.pdf,sender030@example.test,recipient002@example.test,copy003@example.test,blind001@example.test,Synthetic subject 00990,,,Yes,,Yes
SYNEWPRV024-0003965,SYNEWPRV024-0003966,2025-08-12,synthetic_document_00991.pdf,sender031@example.test,recipient003@example.test,copy004@example.test,blind002@example.test,Synthetic subject 00991,,,,Yes,
SYNEWPRV024-0003969,SYNEWPRV024-0003971,2025-09-13,synthetic_document_00992.pdf,sender001@example.test,recipient004@example.test,copy005@example.test,blind003@example.test,Synthetic subject 00992,Yes,,,,
SYNEWPRV024-0003973,SYNEWPRV024-0003973,2025-10-14,synthetic_document_00993.pdf,sender002@example.test,recipient005@example.test,copy006@example.test,blind004@example.test,Synthetic subject 00993,,Yes,Yes,,
SYNEWPRV024-0003977,SYNEWPRV024-0003978,2025-11-15,synthetic_document_00994.pdf,sender003@example.test,recipient006@example.test,copy007@example.test,blind005@example.test,Synthetic subject 00994,,,,Yes,
SYNEWPRV024-0003981,SYNEWPRV024-0003983,2025-12-16,synthetic_document_00995.pdf,sender004@example.test,recipient007@example.test,copy008@example.test,blind006@example.test,Synthetic subject 00995,,,,,Yes
SYNEWPRV024-0003985,SYNEWPRV024-0003985,2025-01-17,synthetic_document_00996.pdf,sender005@example.test,recipient008@example.test,copy009@example.test,blind007@example.test,Synthetic subject 00996,Yes,,Yes,,
SYNEWPRV024-0003989,SYNEWPRV024-0003990,2025-02-18,synthetic_document_00997.pdf,sender006@example.test,recipient009@example.test,copy010@example.test,blind008@example.test,Synthetic subject 00997,,Yes,,Yes,
SYNEWPRV024-0003993,SYNEWPRV024-0003995,2025-03-19,synthetic_document_00998.pdf,sender007@example.test,recipient010@example.test,copy011@example.test,blind009@example.test,Synthetic subject 00998,,,,,
SYNEWPRV024-0003997,SYNEWPRV024-0003997,2025-04-20,synthetic_document_00999.pdf,sender008@example.test,recipient011@example.test,copy012@example.test,blind010@example.test,Synthetic subject 00999,,,Yes,,
SYNEWPRV024-0004001,SYNEWPRV024-0004002,2025-05-21,synthetic_document_01000.pdf,sender009@example.test,recipient012@example.test,copy013@example.test,blind011@example.test,Synthetic subject 01000,Yes,,,Yes,Yes
SYNEWPRV024-0004005,SYNEWPRV024-0004007,2025-06-22,synthetic_document_01001.pdf,sender010@example.test,recipient013@example.test,copy014@example.test,blind001@example.test,Synthetic subject 01001,,Yes,,,
SYNEWPRV024-0004009,SYNEWPRV024-0004009,2025-07-23,synthetic_document_01002.pdf,sender011@example.test,recipient014@example.test,copy015@example.test,blind002@example.test,Synthetic subject 01002,,,Yes,,
SYNEWPRV024-0004013,SYNEWPRV024-0004014,2025-08-24,synthetic_document_01003.pdf,sender012@example.test,recipient015@example.test,copy016@example.test,blind003@example.test,Synthetic subject 01003,,,,Yes,
SYNEWPRV024-0004017,SYNEWPRV024-0004019,2025-09-25,synthetic_document_01004.pdf,sender013@example.test,recipient016@example.test,copy017@example.test,blind004@example.test,Synthetic subject 01004,Yes,,,,
SYNEWPRV024-0004021,SYNEWPRV024-0004021,2025-10-26,synthetic_document_01005.pdf,sender014@example.test,recipient017@example.test,copy018@example.test,blind005@example.test,Synthetic subject 01005,,Yes,Yes,,Yes
SYNEWPRV024-0004025,SYNEWPRV024-0004026,2025-11-27,synthetic_document_01006.pdf,sender015@example.test,recipient018@example.test,copy019@example.test,blind006@example.test,Synthetic subject 01006,,,,Yes,
SYNEWPRV024-0004029,SYNEWPRV024-0004031,2025-12-28,synthetic_document_01007.pdf,sender016@example.test,recipient019@example.test,copy001@example.test,blind007@example.test,Synthetic subject 01007,,,,,
SYNEWPRV024-0004033,SYNEWPRV024-0004033,2025-01-01,synthetic_document_01008.pdf,sender017@example.test,recipient020@example.test,copy002@example.test,blind008@example.test,Synthetic subject 01008,Yes,,Yes,,
SYNEWPRV024-0004037,SYNEWPRV024-0004038,2025-02-02,synthetic_document_01009.pdf,sender018@example.test,recipient021@example.test,copy003@example.test,blind009@example.test,Synthetic subject 01009,,Yes,,Yes,
SYNEWPRV024-0004041,SYNEWPRV024-0004043,2025-03-03,synthetic_document_01010.pdf,sender019@example.test,recipient022@example.test,copy004@example.test,blind010@example.test,Synthetic subject 01010,,,,,Yes
SYNEWPRV024-0004045,SYNEWPRV024-0004045,2025-04-04,synthetic_document_01011.pdf,sender020@example.test,recipient023@example.test,copy005@example.test,blind011@example.test,Synthetic subject 01011,,,Yes,,
SYNEWPRV024-0004049,SYNEWPRV024-0004050,2025-05-05,synthetic_document_01012.pdf,sender021@example.test,recipient024@example.test,copy006@example.test,blind001@example.test,Synthetic subject 01012,Yes,,,Yes,
SYNEWPRV024-0004053,SYNEWPRV024-0004055,2025-06-06,synthetic_document_01013.pdf,sender022@example.test,recipient025@example.test,copy007@example.test,blind002@example.test,Synthetic subject 01013,,Yes,,,
SYNEWPRV024-0004057,SYNEWPRV024-0004057,2025-07-07,synthetic_document_01014.pdf,sender023@example.test,recipient026@example.test,copy008@example.test,blind003@example.test,Synthetic subject 01014,,,Yes,,
SYNEWPRV024-0004061,SYNEWPRV024-0004062,2025-08-08,synthetic_document_01015.pdf,sender024@example.test,recipient027@example.test,copy009@example.test,blind004@example.test,Synthetic subject 01015,,,,Yes,Yes
SYNEWPRV024-0004065,SYNEWPRV024-0004067,2025-09-09,synthetic_document_01016.pdf,sender025@example.test,recipient028@example.test,copy010@example.test,blind005@example.test,Synthetic subject 01016,Yes,,,,
SYNEWPRV024-0004069,SYNEWPRV024-0004069,2025-10-10,synthetic_document_01017.pdf,sender026@example.test,recipient029@example.test,copy011@example.test,blind006@example.test,Synthetic subject 01017,,Yes,Yes,,
SYNEWPRV024-0004073,SYNEWPRV024-0004074,2025-11-11,synthetic_document_01018.pdf,sender027@example.test,recipient030@example.test,copy012@example.test,blind007@example.test,Synthetic subject 01018,,,,Yes,
SYNEWPRV024-0004077,SYNEWPRV024-0004079,2025-12-12,synthetic_document_01019.pdf,sender028@example.test,recipient031@example.test,copy013@example.test,blind008@example.test,Synthetic subject 01019,,,,,
SYNEWPRV024-0004081,SYNEWPRV024-0004081,2025-01-13,synthetic_document_01020.pdf,sender029@example.test,recipient032@example.test,copy014@example.test,blind009@example.test,Synthetic subject 01020,Yes,,Yes,,Yes
SYNEWPRV024-0004085,SYNEWPRV024-0004086,2025-02-14,synthetic_document_01021.pdf,sender030@example.test,recipient033@example.test,copy015@example.test,blind010@example.test,Synthetic subject 01021,,Yes,,Yes,
SYNEWPRV024-0004089,SYNEWPRV024-0004091,2025-03-15,synthetic_document_01022.pdf,sender031@example.test,recipient034@example.test,copy016@example.test,blind011@example.test,Synthetic subject 01022,,,,,
SYNEWPRV024-0004093,SYNEWPRV024-0004093,2025-04-16,synthetic_document_01023.pdf,sender001@example.test,recipient035@example.test,copy017@example.test,blind001@example.test,Synthetic subject 01023,,,Yes,,
SYNEWPRV024-0004097,SYNEWPRV024-0004098,2025-05-17,synthetic_document_01024.pdf,sender002@example.test,recipient036@example.test,copy018@example.test,blind002@example.test,Synthetic subject 01024,Yes,,,Yes,
SYNEWPRV024-0004101,SYNEWPRV024-0004103,2025-06-18,synthetic_document_01025.pdf,sender003@example.test,recipient037@example.test,copy019@example.test,blind003@example.test,Synthetic subject 01025,,Yes,,,Yes
SYNEWPRV024-0004105,SYNEWPRV024-0004105,2025-07-19,synthetic_document_01026.pdf,sender004@example.test,recipient038@example.test,copy001@example.test,blind004@example.test,Synthetic subject 01026,,,Yes,,
SYNEWPRV024-0004109,SYNEWPRV024-0004110,2025-08-20,synthetic_document_01027.pdf,sender005@example.test,recipient039@example.test,copy002@example.test,blind005@example.test,Synthetic subject 01027,,,,Yes,
SYNEWPRV024-0004113,SYNEWPRV024-0004115,2025-09-21,synthetic_document_01028.pdf,sender006@example.test,recipient040@example.test,copy003@example.test,blind006@example.test,Synthetic subject 01028,Yes,,,,
SYNEWPRV024-0004117,SYNEWPRV024-0004117,2025-10-22,synthetic_document_01029.pdf,sender007@example.test,recipient041@example.test,copy004@example.test,blind007@example.test,Synthetic subject 01029,,Yes,Yes,,
SYNEWPRV024-0004121,SYNEWPRV024-0004122,2025-11-23,synthetic_document_01030.pdf,sender008@example.test,recipient042@example.test,copy005@example.test,blind008@example.test,Synthetic subject 01030,,,,Yes,Yes
SYNEWPRV024-0004125,SYNEWPRV024-0004127,2025-12-24,synthetic_document_01031.pdf,sender009@example.test,recipient043@example.test,copy006@example.test,blind009@example.test,Synthetic subject 01031,,,,,
SYNEWPRV024-0004129,SYNEWPRV024-0004129,2025-01-25,synthetic_document_01032.pdf,sender010@example.test,recipient001@example.test,copy007@example.test,blind010@example.test,Synthetic subject 01032,Yes,,Yes,,
SYNEWPRV024-0004133,SYNEWPRV024-0004134,2025-02-26,synthetic_document_01033.pdf,sender011@example.test,recipient002@example.test,copy008@example.test,blind011@example.test,Synthetic subject 01033,,Yes,,Yes,
SYNEWPRV024-0004137,SYNEWPRV024-0004139,2025-03-27,synthetic_document_01034.pdf,sender012@example.test,recipient003@example.test,copy009@example.test,blind001@example.test,Synthetic subject 01034,,,,,
SYNEWPRV024-0004141,SYNEWPRV024-0004141,2025-04-28,synthetic_document_01035.pdf,sender013@example.test,recipient004@example.test,copy010@example.test,blind002@example.test,Synthetic subject 01035,,,Yes,,Yes
SYNEWPRV024-0004145,SYNEWPRV024-0004146,2025-05-01,synthetic_document_01036.pdf,sender014@example.test,recipient005@example.test,copy011@example.test,blind003@example.test,Synthetic subject 01036,Yes,,,Yes,
SYNEWPRV024-0004149,SYNEWPRV024-0004151,2025-06-02,synthetic_document_01037.pdf,sender015@example.test,recipient006@example.test,copy012@example.test,blind004@example.test,Synthetic subject 01037,,Yes,,,
SYNEWPRV024-0004153,SYNEWPRV024-0004153,2025-07-03,synthetic_document_01038.pdf,sender016@example.test,recipient007@example.test,copy013@example.test,blind005@example.test,Synthetic subject 01038,,,Yes,,
SYNEWPRV024-0004157,SYNEWPRV024-0004158,2025-08-04,synthetic_document_01039.pdf,sender017@example.test,recipient008@example.test,copy014@example.test,blind006@example.test,Synthetic subject 01039,,,,Yes,
SYNEWPRV024-0004161,SYNEWPRV024-0004163,2025-09-05,synthetic_document_01040.pdf,sender018@example.test,recipient009@example.test,copy015@example.test,blind007@example.test,Synthetic subject 01040,Yes,,,,Yes
SYNEWPRV024-0004165,SYNEWPRV024-0004165,2025-10-06,synthetic_document_01041.pdf,sender019@example.test,recipient010@example.test,copy016@example.test,blind008@example.test,Synthetic subject 01041,,Yes,Yes,,
SYNEWPRV024-0004169,SYNEWPRV024-0004170,2025-11-07,synthetic_document_01042.pdf,sender020@example.test,recipient011@example.test,copy017@example.test,blind009@example.test,Synthetic subject 01042,,,,Yes,
SYNEWPRV024-0004173,SYNEWPRV024-0004175,2025-12-08,synthetic_document_01043.pdf,sender021@example.test,recipient012@example.test,copy018@example.test,blind010@example.test,Synthetic subject 01043,,,,,
SYNEWPRV024-0004177,SYNEWPRV024-0004177,2025-01-09,synthetic_document_01044.pdf,sender022@example.test,recipient013@example.test,copy019@example.test,blind011@example.test,Synthetic subject 01044,Yes,,Yes,,
SYNEWPRV024-0004181,SYNEWPRV024-0004182,2025-02-10,synthetic_document_01045.pdf,sender023@example.test,recipient014@example.test,copy001@example.test,blind001@example.test,Synthetic subject 01045,,Yes,,Yes,Yes
SYNEWPRV024-0004185,SYNEWPRV024-0004187,2025-03-11,synthetic_document_01046.pdf,sender024@example.test,recipient015@example.test,copy002@example.test,blind002@example.test,Synthetic subject 01046,,,,,
SYNEWPRV024-0004189,SYNEWPRV024-0004189,2025-04-12,synthetic_document_01047.pdf,sender025@example.test,recipient016@example.test,copy003@example.test,blind003@example.test,Synthetic subject 01047,,,Yes,,
SYNEWPRV024-0004193,SYNEWPRV024-0004194,2025-05-13,synthetic_document_01048.pdf,sender026@example.test,recipient017@example.test,copy004@example.test,blind004@example.test,Synthetic subject 01048,Yes,,,Yes,
SYNEWPRV024-0004197,SYNEWPRV024-0004199,2025-06-14,synthetic_document_01049.pdf,sender027@example.test,recipient018@example.test,copy005@example.test,blind005@example.test,Synthetic subject 01049,,Yes,,,
SYNEWPRV024-0004201,SYNEWPRV024-0004201,2025-07-15,synthetic_document_01050.pdf,sender028@example.test,recipient019@example.test,copy006@example.test,blind006@example.test,Synthetic subject 01050,,,Yes,,Yes
SYNEWPRV024-0004205,SYNEWPRV024-0004206,2025-08-16,synthetic_document_01051.pdf,sender029@example.test,recipient020@example.test,copy007@example.test,blind007@example.test,Synthetic subject 01051,,,,Yes,
SYNEWPRV024-0004209,SYNEWPRV024-0004211,2025-09-17,synthetic_document_01052.pdf,sender030@example.test,recipient021@example.test,copy008@example.test,blind008@example.test,Synthetic subject 01052,Yes,,,,
SYNEWPRV024-0004213,SYNEWPRV024-0004213,2025-10-18,synthetic_document_01053.pdf,sender031@example.test,recipient022@example.test,copy009@example.test,blind009@example.test,Synthetic subject 01053,,Yes,Yes,,
SYNEWPRV024-0004217,SYNEWPRV024-0004218,2025-11-19,synthetic_document_01054.pdf,sender001@example.test,recipient023@example.test,copy010@example.test,blind010@example.test,Synthetic subject 01054,,,,Yes,
SYNEWPRV024-0004221,SYNEWPRV024-0004223,2025-12-20,synthetic_document_01055.pdf,sender002@example.test,recipient024@example.test,copy011@example.test,blind011@example.test,Synthetic subject 01055,,,,,Yes
SYNEWPRV024-0004225,SYNEWPRV024-0004225,2025-01-21,synthetic_document_01056.pdf,sender003@example.test,recipient025@example.test,copy012@example.test,blind001@example.test,Synthetic subject 01056,Yes,,Yes,,
SYNEWPRV024-0004229,SYNEWPRV024-0004230,2025-02-22,synthetic_document_01057.pdf,sender004@example.test,recipient026@example.test,copy013@example.test,blind002@example.test,Synthetic subject 01057,,Yes,,Yes,
SYNEWPRV024-0004233,SYNEWPRV024-0004235,2025-03-23,synthetic_document_01058.pdf,sender005@example.test,recipient027@example.test,copy014@example.test,blind003@example.test,Synthetic subject 01058,,,,,
SYNEWPRV024-0004237,SYNEWPRV024-0004237,2025-04-24,synthetic_document_01059.pdf,sender006@example.test,recipient028@example.test,copy015@example.test,blind004@example.test,Synthetic subject 01059,,,Yes,,
SYNEWPRV024-0004241,SYNEWPRV024-0004242,2025-05-25,synthetic_document_01060.pdf,sender007@example.test,recipient029@example.test,copy016@example.test,blind005@example.test,Synthetic subject 01060,Yes,,,Yes,Yes
SYNEWPRV024-0004245,SYNEWPRV024-0004247,2025-06-26,synthetic_document_01061.pdf,sender008@example.test,recipient030@example.test,copy017@example.test,blind006@example.test,Synthetic subject 01061,,Yes,,,
SYNEWPRV024-0004249,SYNEWPRV024-0004249,2025-07-27,synthetic_document_01062.pdf,sender009@example.test,recipient031@example.test,copy018@example.test,blind007@example.test,Synthetic subject 01062,,,Yes,,
SYNEWPRV024-0004253,SYNEWPRV024-0004254,2025-08-28,synthetic_document_01063.pdf,sender010@example.test,recipient032@example.test,copy019@example.test,blind008@example.test,Synthetic subject 01063,,,,Yes,
SYNEWPRV024-0004257,SYNEWPRV024-0004259,2025-09-01,synthetic_document_01064.pdf,sender011@example.test,recipient033@example.test,copy001@example.test,blind009@example.test,Synthetic subject 01064,Yes,,,,
SYNEWPRV024-0004261,SYNEWPRV024-0004261,2025-10-02,synthetic_document_01065.pdf,sender012@example.test,recipient034@example.test,copy002@example.test,blind010@example.test,Synthetic subject 01065,,Yes,Yes,,Yes
SYNEWPRV024-0004265,SYNEWPRV024-0004266,2025-11-03,synthetic_document_01066.pdf,sender013@example.test,recipient035@example.test,copy003@example.test,blind011@example.test,Synthetic subject 01066,,,,Yes,
SYNEWPRV024-0004269,SYNEWPRV024-0004271,2025-12-04,synthetic_document_01067.pdf,sender014@example.test,recipient036@example.test,copy004@example.test,blind001@example.test,Synthetic subject 01067,,,,,
SYNEWPRV024-0004273,SYNEWPRV024-0004273,2025-01-05,synthetic_document_01068.pdf,sender015@example.test,recipient037@example.test,copy005@example.test,blind002@example.test,Synthetic subject 01068,Yes,,Yes,,
SYNEWPRV024-0004277,SYNEWPRV024-0004278,2025-02-06,synthetic_document_01069.pdf,sender016@example.test,recipient038@example.test,copy006@example.test,blind003@example.test,Synthetic subject 01069,,Yes,,Yes,
SYNEWPRV024-0004281,SYNEWPRV024-0004283,2025-03-07,synthetic_document_01070.pdf,sender017@example.test,recipient039@example.test,copy007@example.test,blind004@example.test,Synthetic subject 01070,,,,,Yes
SYNEWPRV024-0004285,SYNEWPRV024-0004285,2025-04-08,synthetic_document_01071.pdf,sender018@example.test,recipient040@example.test,copy008@example.test,blind005@example.test,Synthetic subject 01071,,,Yes,,
SYNEWPRV024-0004289,SYNEWPRV024-0004290,2025-05-09,synthetic_document_01072.pdf,sender019@example.test,recipient041@example.test,copy009@example.test,blind006@example.test,Synthetic subject 01072,Yes,,,Yes,
SYNEWPRV024-0004293,SYNEWPRV024-0004295,2025-06-10,synthetic_document_01073.pdf,sender020@example.test,recipient042@example.test,copy010@example.test,blind007@example.test,Synthetic subject 01073,,Yes,,,
SYNEWPRV024-0004297,SYNEWPRV024-0004297,2025-07-11,synthetic_document_01074.pdf,sender021@example.test,recipient043@example.test,copy011@example.test,blind008@example.test,Synthetic subject 01074,,,Yes,,
SYNEWPRV024-0004301,SYNEWPRV024-0004302,2025-08-12,synthetic_document_01075.pdf,sender022@example.test,recipient001@example.test,copy012@example.test,blind009@example.test,Synthetic subject 01075,,,,Yes,Yes
SYNEWPRV024-0004305,SYNEWPRV024-0004307,2025-09-13,synthetic_document_01076.pdf,sender023@example.test,recipient002@example.test,copy013@example.test,blind010@example.test,Synthetic subject 01076,Yes,,,,
SYNEWPRV024-0004309,SYNEWPRV024-0004309,2025-10-14,synthetic_document_01077.pdf,sender024@example.test,recipient003@example.test,copy014@example.test,blind011@example.test,Synthetic subject 01077,,Yes,Yes,,
SYNEWPRV024-0004313,SYNEWPRV024-0004314,2025-11-15,synthetic_document_01078.pdf,sender025@example.test,recipient004@example.test,copy015@example.test,blind001@example.test,Synthetic subject 01078,,,,Yes,
SYNEWPRV024-0004317,SYNEWPRV024-0004319,2025-12-16,synthetic_document_01079.pdf,sender026@example.test,recipient005@example.test,copy016@example.test,blind002@example.test,Synthetic subject 01079,,,,,
SYNEWPRV024-0004321,SYNEWPRV024-0004321,2025-01-17,synthetic_document_01080.pdf,sender027@example.test,recipient006@example.test,copy017@example.test,blind003@example.test,Synthetic subject 01080,Yes,,Yes,,Yes
SYNEWPRV024-0004325,SYNEWPRV024-0004326,2025-02-18,synthetic_document_01081.pdf,sender028@example.test,recipient007@example.test,copy018@example.test,blind004@example.test,Synthetic subject 01081,,Yes,,Yes,
SYNEWPRV024-0004329,SYNEWPRV024-0004331,2025-03-19,synthetic_document_01082.pdf,sender029@example.test,recipient008@example.test,copy019@example.test,blind005@example.test,Synthetic subject 01082,,,,,
SYNEWPRV024-0004333,SYNEWPRV024-0004333,2025-04-20,synthetic_document_01083.pdf,sender030@example.test,recipient009@example.test,copy001@example.test,blind006@example.test,Synthetic subject 01083,,,Yes,,
SYNEWPRV024-0004337,SYNEWPRV024-0004338,2025-05-21,synthetic_document_01084.pdf,sender031@example.test,recipient010@example.test,copy002@example.test,blind007@example.test,Synthetic subject 01084,Yes,,,Yes,
SYNEWPRV024-0004341,SYNEWPRV024-0004343,2025-06-22,synthetic_document_01085.pdf,sender001@example.test,recipient011@example.test,copy003@example.test,blind008@example.test,Synthetic subject 01085,,Yes,,,Yes
SYNEWPRV024-0004345,SYNEWPRV024-0004345,2025-07-23,synthetic_document_01086.pdf,sender002@example.test,recipient012@example.test,copy004@example.test,blind009@example.test,Synthetic subject 01086,,,Yes,,
SYNEWPRV024-0004349,SYNEWPRV024-0004350,2025-08-24,synthetic_document_01087.pdf,sender003@example.test,recipient013@example.test,copy005@example.test,blind010@example.test,Synthetic subject 01087,,,,Yes,
SYNEWPRV024-0004353,SYNEWPRV024-0004355,2025-09-25,synthetic_document_01088.pdf,sender004@example.test,recipient014@example.test,copy006@example.test,blind011@example.test,Synthetic subject 01088,Yes,,,,
SYNEWPRV024-0004357,SYNEWPRV024-0004357,2025-10-26,synthetic_document_01089.pdf,sender005@example.test,recipient015@example.test,copy007@example.test,blind001@example.test,Synthetic subject 01089,,Yes,Yes,,
SYNEWPRV024-0004361,SYNEWPRV024-0004362,2025-11-27,synthetic_document_01090.pdf,sender006@example.test,recipient016@example.test,copy008@example.test,blind002@example.test,Synthetic subject 01090,,,,Yes,Yes
SYNEWPRV024-0004365,SYNEWPRV024-0004367,2025-12-28,synthetic_document_01091.pdf,sender007@example.test,recipient017@example.test,copy009@example.test,blind003@example.test,Synthetic subject 01091,,,,,
SYNEWPRV024-0004369,SYNEWPRV024-0004369,2025-01-01,synthetic_document_01092.pdf,sender008@example.test,recipient018@example.test,copy010@example.test,blind004@example.test,Synthetic subject 01092,Yes,,Yes,,
SYNEWPRV024-0004373,SYNEWPRV024-0004374,2025-02-02,synthetic_document_01093.pdf,sender009@example.test,recipient019@example.test,copy011@example.test,blind005@example.test,Synthetic subject 01093,,Yes,,Yes,
SYNEWPRV024-0004377,SYNEWPRV024-0004379,2025-03-03,synthetic_document_01094.pdf,sender010@example.test,recipient020@example.test,copy012@example.test,blind006@example.test,Synthetic subject 01094,,,,,
SYNEWPRV024-0004381,SYNEWPRV024-0004381,2025-04-04,synthetic_document_01095.pdf,sender011@example.test,recipient021@example.test,copy013@example.test,blind007@example.test,Synthetic subject 01095,,,Yes,,Yes
SYNEWPRV024-0004385,SYNEWPRV024-0004386,2025-05-05,synthetic_document_01096.pdf,sender012@example.test,recipient022@example.test,copy014@example.test,blind008@example.test,Synthetic subject 01096,Yes,,,Yes,
SYNEWPRV024-0004389,SYNEWPRV024-0004391,2025-06-06,synthetic_document_01097.pdf,sender013@example.test,recipient023@example.test,copy015@example.test,blind009@example.test,Synthetic subject 01097,,Yes,,,
SYNEWPRV024-0004393,SYNEWPRV024-0004393,2025-07-07,synthetic_document_01098.pdf,sender014@example.test,recipient024@example.test,copy016@example.test,blind010@example.test,Synthetic subject 01098,,,Yes,,
SYNEWPRV024-0004397,SYNEWPRV024-0004398,2025-08-08,synthetic_document_01099.pdf,sender015@example.test,recipient025@example.test,copy017@example.test,blind011@example.test,Synthetic subject 01099,,,,Yes,
SYNEWPRV024-0004401,SYNEWPRV024-0004403,2025-09-09,synthetic_document_01100.pdf,sender016@example.test,recipient026@example.test,copy018@example.test,blind001@example.test,Synthetic subject 01100,Yes,,,,Yes
SYNEWPRV024-0004405,SYNEWPRV024-0004405,2025-10-10,synthetic_document_01101.pdf,sender017@example.test,recipient027@example.test,copy019@example.test,blind002@example.test,Synthetic subject 01101,,Yes,Yes,,
SYNEWPRV024-0004409,SYNEWPRV024-0004410,2025-11-11,synthetic_document_01102.pdf,sender018@example.test,recipient028@example.test,copy001@example.test,blind003@example.test,Synthetic subject 01102,,,,Yes,
SYNEWPRV024-0004413,SYNEWPRV024-0004415,2025-12-12,synthetic_document_01103.pdf,sender019@example.test,recipient029@example.test,copy002@example.test,blind004@example.test,Synthetic subject 01103,,,,,
SYNEWPRV024-0004417,SYNEWPRV024-0004417,2025-01-13,synthetic_document_01104.pdf,sender020@example.test,recipient030@example.test,copy003@example.test,blind005@example.test,Synthetic subject 01104,Yes,,Yes,,
SYNEWPRV024-0004421,SYNEWPRV024-0004422,2025-02-14,synthetic_document_01105.pdf,sender021@example.test,recipient031@example.test,copy004@example.test,blind006@example.test,Synthetic subject 01105,,Yes,,Yes,Yes
SYNEWPRV024-0004425,SYNEWPRV024-0004427,2025-03-15,synthetic_document_01106.pdf,sender022@example.test,recipient032@example.test,copy005@example.test,blind007@example.test,Synthetic subject 01106,,,,,
SYNEWPRV024-0004429,SYNEWPRV024-0004429,2025-04-16,synthetic_document_01107.pdf,sender023@example.test,recipient033@example.test,copy006@example.test,blind008@example.test,Synthetic subject 01107,,,Yes,,
SYNEWPRV024-0004433,SYNEWPRV024-0004434,2025-05-17,synthetic_document_01108.pdf,sender024@example.test,recipient034@example.test,copy007@example.test,blind009@example.test,Synthetic subject 01108,Yes,,,Yes,
SYNEWPRV024-0004437,SYNEWPRV024-0004439,2025-06-18,synthetic_document_01109.pdf,sender025@example.test,recipient035@example.test,copy008@example.test,blind010@example.test,Synthetic subject 01109,,Yes,,,
SYNEWPRV024-0004441,SYNEWPRV024-0004441,2025-07-19,synthetic_document_01110.pdf,sender026@example.test,recipient036@example.test,copy009@example.test,blind011@example.test,Synthetic subject 01110,,,Yes,,Yes
SYNEWPRV024-0004445,SYNEWPRV024-0004446,2025-08-20,synthetic_document_01111.pdf,sender027@example.test,recipient037@example.test,copy010@example.test,blind001@example.test,Synthetic subject 01111,,,,Yes,
SYNEWPRV024-0004449,SYNEWPRV024-0004451,2025-09-21,synthetic_document_01112.pdf,sender028@example.test,recipient038@example.test,copy011@example.test,blind002@example.test,Synthetic subject 01112,Yes,,,,
SYNEWPRV024-0004453,SYNEWPRV024-0004453,2025-10-22,synthetic_document_01113.pdf,sender029@example.test,recipient039@example.test,copy012@example.test,blind003@example.test,Synthetic subject 01113,,Yes,Yes,,
SYNEWPRV024-0004457,SYNEWPRV024-0004458,2025-11-23,synthetic_document_01114.pdf,sender030@example.test,recipient040@example.test,copy013@example.test,blind004@example.test,Synthetic subject 01114,,,,Yes,
SYNEWPRV024-0004461,SYNEWPRV024-0004463,2025-12-24,synthetic_document_01115.pdf,sender031@example.test,recipient041@example.test,copy014@example.test,blind005@example.test,Synthetic subject 01115,,,,,Yes
SYNEWPRV024-0004465,SYNEWPRV024-0004465,2025-01-25,synthetic_document_01116.pdf,sender001@example.test,recipient042@example.test,copy015@example.test,blind006@example.test,Synthetic subject 01116,Yes,,Yes,,
SYNEWPRV024-0004469,SYNEWPRV024-0004470,2025-02-26,synthetic_document_01117.pdf,sender002@example.test,recipient043@example.test,copy016@example.test,blind007@example.test,Synthetic subject 01117,,Yes,,Yes,
SYNEWPRV024-0004473,SYNEWPRV024-0004475,2025-03-27,synthetic_document_01118.pdf,sender003@example.test,recipient001@example.test,copy017@example.test,blind008@example.test,Synthetic subject 01118,,,,,
SYNEWPRV024-0004477,SYNEWPRV024-0004477,2025-04-28,synthetic_document_01119.pdf,sender004@example.test,recipient002@example.test,copy018@example.test,blind009@example.test,Synthetic subject 01119,,,Yes,,
SYNEWPRV024-0004481,SYNEWPRV024-0004482,2025-05-01,synthetic_document_01120.pdf,sender005@example.test,recipient003@example.test,copy019@example.test,blind010@example.test,Synthetic subject 01120,Yes,,,Yes,Yes
SYNEWPRV024-0004485,SYNEWPRV024-0004487,2025-06-02,synthetic_document_01121.pdf,sender006@example.test,recipient004@example.test,copy001@example.test,blind011@example.test,Synthetic subject 01121,,Yes,,,
SYNEWPRV024-0004489,SYNEWPRV024-0004489,2025-07-03,synthetic_document_01122.pdf,sender007@example.test,recipient005@example.test,copy002@example.test,blind001@example.test,Synthetic subject 01122,,,Yes,,
SYNEWPRV024-0004493,SYNEWPRV024-0004494,2025-08-04,synthetic_document_01123.pdf,sender008@example.test,recipient006@example.test,copy003@example.test,blind002@example.test,Synthetic subject 01123,,,,Yes,
SYNEWPRV024-0004497,SYNEWPRV024-0004499,2025-09-05,synthetic_document_01124.pdf,sender009@example.test,recipient007@example.test,copy004@example.test,blind003@example.test,Synthetic subject 01124,Yes,,,,
SYNEWPRV024-0004501,SYNEWPRV024-0004501,2025-10-06,synthetic_document_01125.pdf,sender010@example.test,recipient008@example.test,copy005@example.test,blind004@example.test,Synthetic subject 01125,,Yes,Yes,,Yes
SYNEWPRV024-0004505,SYNEWPRV024-0004506,2025-11-07,synthetic_document_01126.pdf,sender011@example.test,recipient009@example.test,copy006@example.test,blind005@example.test,Synthetic subject 01126,,,,Yes,
SYNEWPRV024-0004509,SYNEWPRV024-0004511,2025-12-08,synthetic_document_01127.pdf,sender012@example.test,recipient010@example.test,copy007@example.test,blind006@example.test,Synthetic subject 01127,,,,,
SYNEWPRV024-0004513,SYNEWPRV024-0004513,2025-01-09,synthetic_document_01128.pdf,sender013@example.test,recipient011@example.test,copy008@example.test,blind007@example.test,Synthetic subject 01128,Yes,,Yes,,
SYNEWPRV024-0004517,SYNEWPRV024-0004518,2025-02-10,synthetic_document_01129.pdf,sender014@example.test,recipient012@example.test,copy009@example.test,blind008@example.test,Synthetic subject 01129,,Yes,,Yes,
SYNEWPRV024-0004521,SYNEWPRV024-0004523,2025-03-11,synthetic_document_01130.pdf,sender015@example.test,recipient013@example.test,copy010@example.test,blind009@example.test,Synthetic subject 01130,,,,,Yes
SYNEWPRV024-0004525,SYNEWPRV024-0004525,2025-04-12,synthetic_document_01131.pdf,sender016@example.test,recipient014@example.test,copy011@example.test,blind010@example.test,Synthetic subject 01131,,,Yes,,
SYNEWPRV024-0004529,SYNEWPRV024-0004530,2025-05-13,synthetic_document_01132.pdf,sender017@example.test,recipient015@example.test,copy012@example.test,blind011@example.test,Synthetic subject 01132,Yes,,,Yes,
SYNEWPRV024-0004533,SYNEWPRV024-0004535,2025-06-14,synthetic_document_01133.pdf,sender018@example.test,recipient016@example.test,copy013@example.test,blind001@example.test,Synthetic subject 01133,,Yes,,,
SYNEWPRV024-0004537,SYNEWPRV024-0004537,2025-07-15,synthetic_document_01134.pdf,sender019@example.test,recipient017@example.test,copy014@example.test,blind002@example.test,Synthetic subject 01134,,,Yes,,
SYNEWPRV024-0004541,SYNEWPRV024-0004542,2025-08-16,synthetic_document_01135.pdf,sender020@example.test,recipient018@example.test,copy015@example.test,blind003@example.test,Synthetic subject 01135,,,,Yes,Yes
SYNEWPRV024-0004545,SYNEWPRV024-0004547,2025-09-17,synthetic_document_01136.pdf,sender021@example.test,recipient019@example.test,copy016@example.test,blind004@example.test,Synthetic subject 01136,Yes,,,,
SYNEWPRV024-0004549,SYNEWPRV024-0004549,2025-10-18,synthetic_document_01137.pdf,sender022@example.test,recipient020@example.test,copy017@example.test,blind005@example.test,Synthetic subject 01137,,Yes,Yes,,
SYNEWPRV024-0004553,SYNEWPRV024-0004554,2025-11-19,synthetic_document_01138.pdf,sender023@example.test,recipient021@example.test,copy018@example.test,blind006@example.test,Synthetic subject 01138,,,,Yes,
SYNEWPRV024-0004557,SYNEWPRV024-0004559,2025-12-20,synthetic_document_01139.pdf,sender024@example.test,recipient022@example.test,copy019@example.test,blind007@example.test,Synthetic subject 01139,,,,,
SYNEWPRV024-0004561,SYNEWPRV024-0004561,2025-01-21,synthetic_document_01140.pdf,sender025@example.test,recipient023@example.test,copy001@example.test,blind008@example.test,Synthetic subject 01140,Yes,,Yes,,Yes
SYNEWPRV024-0004565,SYNEWPRV024-0004566,2025-02-22,synthetic_document_01141.pdf,sender026@example.test,recipient024@example.test,copy002@example.test,blind009@example.test,Synthetic subject 01141,,Yes,,Yes,
SYNEWPRV024-0004569,SYNEWPRV024-0004571,2025-03-23,synthetic_document_01142.pdf,sender027@example.test,recipient025@example.test,copy003@example.test,blind010@example.test,Synthetic subject 01142,,,,,
SYNEWPRV024-0004573,SYNEWPRV024-0004573,2025-04-24,synthetic_document_01143.pdf,sender028@example.test,recipient026@example.test,copy004@example.test,blind011@example.test,Synthetic subject 01143,,,Yes,,
SYNEWPRV024-0004577,SYNEWPRV024-0004578,2025-05-25,synthetic_document_01144.pdf,sender029@example.test,recipient027@example.test,copy005@example.test,blind001@example.test,Synthetic subject 01144,Yes,,,Yes,
SYNEWPRV024-0004581,SYNEWPRV024-0004583,2025-06-26,synthetic_document_01145.pdf,sender030@example.test,recipient028@example.test,copy006@example.test,blind002@example.test,Synthetic subject 01145,,Yes,,,Yes
SYNEWPRV024-0004585,SYNEWPRV024-0004585,2025-07-27,synthetic_document_01146.pdf,sender031@example.test,recipient029@example.test,copy007@example.test,blind003@example.test,Synthetic subject 01146,,,Yes,,
SYNEWPRV024-0004589,SYNEWPRV024-0004590,2025-08-28,synthetic_document_01147.pdf,sender001@example.test,recipient030@example.test,copy008@example.test,blind004@example.test,Synthetic subject 01147,,,,Yes,
SYNEWPRV024-0004593,SYNEWPRV024-0004595,2025-09-01,synthetic_document_01148.pdf,sender002@example.test,recipient031@example.test,copy009@example.test,blind005@example.test,Synthetic subject 01148,Yes,,,,
SYNEWPRV024-0004597,SYNEWPRV024-0004597,2025-10-02,synthetic_document_01149.pdf,sender003@example.test,recipient032@example.test,copy010@example.test,blind006@example.test,Synthetic subject 01149,,Yes,Yes,,
SYNEWPRV024-0004601,SYNEWPRV024-0004602,2025-11-03,synthetic_document_01150.pdf,sender004@example.test,recipient033@example.test,copy011@example.test,blind007@example.test,Synthetic subject 01150,,,,Yes,Yes
SYNEWPRV024-0004605,SYNEWPRV024-0004607,2025-12-04,synthetic_document_01151.pdf,sender005@example.test,recipient034@example.test,copy012@example.test,blind008@example.test,Synthetic subject 01151,,,,,
SYNEWPRV024-0004609,SYNEWPRV024-0004609,2025-01-05,synthetic_document_01152.pdf,sender006@example.test,recipient035@example.test,copy013@example.test,blind009@example.test,Synthetic subject 01152,Yes,,Yes,,
SYNEWPRV024-0004613,SYNEWPRV024-0004614,2025-02-06,synthetic_document_01153.pdf,sender007@example.test,recipient036@example.test,copy014@example.test,blind010@example.test,Synthetic subject 01153,,Yes,,Yes,
SYNEWPRV024-0004617,SYNEWPRV024-0004619,2025-03-07,synthetic_document_01154.pdf,sender008@example.test,recipient037@example.test,copy015@example.test,blind011@example.test,Synthetic subject 01154,,,,,
SYNEWPRV024-0004621,SYNEWPRV024-0004621,2025-04-08,synthetic_document_01155.pdf,sender009@example.test,recipient038@example.test,copy016@example.test,blind001@example.test,Synthetic subject 01155,,,Yes,,Yes
SYNEWPRV024-0004625,SYNEWPRV024-0004626,2025-05-09,synthetic_document_01156.pdf,sender010@example.test,recipient039@example.test,copy017@example.test,blind002@example.test,Synthetic subject 01156,Yes,,,Yes,
SYNEWPRV024-0004629,SYNEWPRV024-0004631,2025-06-10,synthetic_document_01157.pdf,sender011@example.test,recipient040@example.test,copy018@example.test,blind003@example.test,Synthetic subject 01157,,Yes,,,
SYNEWPRV024-0004633,SYNEWPRV024-0004633,2025-07-11,synthetic_document_01158.pdf,sender012@example.test,recipient041@example.test,copy019@example.test,blind004@example.test,Synthetic subject 01158,,,Yes,,
SYNEWPRV024-0004637,SYNEWPRV024-0004638,2025-08-12,synthetic_document_01159.pdf,sender013@example.test,recipient042@example.test,copy001@example.test,blind005@example.test,Synthetic subject 01159,,,,Yes,
SYNEWPRV024-0004641,SYNEWPRV024-0004643,2025-09-13,synthetic_document_01160.pdf,sender014@example.test,recipient043@example.test,copy002@example.test,blind006@example.test,Synthetic subject 01160,Yes,,,,Yes
SYNEWPRV024-0004645,SYNEWPRV024-0004645,2025-10-14,synthetic_document_01161.pdf,sender015@example.test,recipient001@example.test,copy003@example.test,blind007@example.test,Synthetic subject 01161,,Yes,Yes,,
SYNEWPRV024-0004649,SYNEWPRV024-0004650,2025-11-15,synthetic_document_01162.pdf,sender016@example.test,recipient002@example.test,copy004@example.test,blind008@example.test,Synthetic subject 01162,,,,Yes,
SYNEWPRV024-0004653,SYNEWPRV024-0004655,2025-12-16,synthetic_document_01163.pdf,sender017@example.test,recipient003@example.test,copy005@example.test,blind009@example.test,Synthetic subject 01163,,,,,
SYNEWPRV024-0004657,SYNEWPRV024-0004657,2025-01-17,synthetic_document_01164.pdf,sender018@example.test,recipient004@example.test,copy006@example.test,blind010@example.test,Synthetic subject 01164,Yes,,Yes,,
SYNEWPRV024-0004661,SYNEWPRV024-0004662,2025-02-18,synthetic_document_01165.pdf,sender019@example.test,recipient005@example.test,copy007@example.test,blind011@example.test,Synthetic subject 01165,,Yes,,Yes,Yes
SYNEWPRV024-0004665,SYNEWPRV024-0004667,2025-03-19,synthetic_document_01166.pdf,sender020@example.test,recipient006@example.test,copy008@example.test,blind001@example.test,Synthetic subject 01166,,,,,
SYNEWPRV024-0004669,SYNEWPRV024-0004669,2025-04-20,synthetic_document_01167.pdf,sender021@example.test,recipient007@example.test,copy009@example.test,blind002@example.test,Synthetic subject 01167,,,Yes,,
SYNEWPRV024-0004673,SYNEWPRV024-0004674,2025-05-21,synthetic_document_01168.pdf,sender022@example.test,recipient008@example.test,copy010@example.test,blind003@example.test,Synthetic subject 01168,Yes,,,Yes,
SYNEWPRV024-0004677,SYNEWPRV024-0004679,2025-06-22,synthetic_document_01169.pdf,sender023@example.test,recipient009@example.test,copy011@example.test,blind004@example.test,Synthetic subject 01169,,Yes,,,
SYNEWPRV024-0004681,SYNEWPRV024-0004681,2025-07-23,synthetic_document_01170.pdf,sender024@example.test,recipient010@example.test,copy012@example.test,blind005@example.test,Synthetic subject 01170,,,Yes,,Yes
SYNEWPRV024-0004685,SYNEWPRV024-0004686,2025-08-24,synthetic_document_01171.pdf,sender025@example.test,recipient011@example.test,copy013@example.test,blind006@example.test,Synthetic subject 01171,,,,Yes,
SYNEWPRV024-0004689,SYNEWPRV024-0004691,2025-09-25,synthetic_document_01172.pdf,sender026@example.test,recipient012@example.test,copy014@example.test,blind007@example.test,Synthetic subject 01172,Yes,,,,
SYNEWPRV024-0004693,SYNEWPRV024-0004693,2025-10-26,synthetic_document_01173.pdf,sender027@example.test,recipient013@example.test,copy015@example.test,blind008@example.test,Synthetic subject 01173,,Yes,Yes,,
SYNEWPRV024-0004697,SYNEWPRV024-0004698,2025-11-27,synthetic_document_01174.pdf,sender028@example.test,recipient014@example.test,copy016@example.test,blind009@example.test,Synthetic subject 01174,,,,Yes,
SYNEWPRV024-0004701,SYNEWPRV024-0004703,2025-12-28,synthetic_document_01175.pdf,sender029@example.test,recipient015@example.test,copy017@example.test,blind010@example.test,Synthetic subject 01175,,,,,Yes
SYNEWPRV024-0004705,SYNEWPRV024-0004705,2025-01-01,synthetic_document_01176.pdf,sender030@example.test,recipient016@example.test,copy018@example.test,blind011@example.test,Synthetic subject 01176,Yes,,Yes,,
SYNEWPRV024-0004709,SYNEWPRV024-0004710,2025-02-02,synthetic_document_01177.pdf,sender031@example.test,recipient017@example.test,copy019@example.test,blind001@example.test,Synthetic subject 01177,,Yes,,Yes,
SYNEWPRV024-0004713,SYNEWPRV024-0004715,2025-03-03,synthetic_document_01178.pdf,sender001@example.test,recipient018@example.test,copy001@example.test,blind002@example.test,Synthetic subject 01178,,,,,
SYNEWPRV024-0004717,SYNEWPRV024-0004717,2025-04-04,synthetic_document_01179.pdf,sender002@example.test,recipient019@example.test,copy002@example.test,blind003@example.test,Synthetic subject 01179,,,Yes,,
SYNEWPRV024-0004721,SYNEWPRV024-0004722,2025-05-05,synthetic_document_01180.pdf,sender003@example.test,recipient020@example.test,copy003@example.test,blind004@example.test,Synthetic subject 01180,Yes,,,Yes,Yes
SYNEWPRV024-0004725,SYNEWPRV024-0004727,2025-06-06,synthetic_document_01181.pdf,sender004@example.test,recipient021@example.test,copy004@example.test,blind005@example.test,Synthetic subject 01181,,Yes,,,
SYNEWPRV024-0004729,SYNEWPRV024-0004729,2025-07-07,synthetic_document_01182.pdf,sender005@example.test,recipient022@example.test,copy005@example.test,blind006@example.test,Synthetic subject 01182,,,Yes,,
SYNEWPRV024-0004733,SYNEWPRV024-0004734,2025-08-08,synthetic_document_01183.pdf,sender006@example.test,recipient023@example.test,copy006@example.test,blind007@example.test,Synthetic subject 01183,,,,Yes,
SYNEWPRV024-0004737,SYNEWPRV024-0004739,2025-09-09,synthetic_document_01184.pdf,sender007@example.test,recipient024@example.test,copy007@example.test,blind008@example.test,Synthetic subject 01184,Yes,,,,
SYNEWPRV024-0004741,SYNEWPRV024-0004741,2025-10-10,synthetic_document_01185.pdf,sender008@example.test,recipient025@example.test,copy008@example.test,blind009@example.test,Synthetic subject 01185,,Yes,Yes,,Yes
SYNEWPRV024-0004745,SYNEWPRV024-0004746,2025-11-11,synthetic_document_01186.pdf,sender009@example.test,recipient026@example.test,copy009@example.test,blind010@example.test,Synthetic subject 01186,,,,Yes,
SYNEWPRV024-0004749,SYNEWPRV024-0004751,2025-12-12,synthetic_document_01187.pdf,sender010@example.test,recipient027@example.test,copy010@example.test,blind011@example.test,Synthetic subject 01187,,,,,
SYNEWPRV024-0004753,SYNEWPRV024-0004753,2025-01-13,synthetic_document_01188.pdf,sender011@example.test,recipient028@example.test,copy011@example.test,blind001@example.test,Synthetic subject 01188,Yes,,Yes,,
SYNEWPRV024-0004757,SYNEWPRV024-0004758,2025-02-14,synthetic_document_01189.pdf,sender012@example.test,recipient029@example.test,copy012@example.test,blind002@example.test,Synthetic subject 01189,,Yes,,Yes,
SYNEWPRV024-0004761,SYNEWPRV024-0004763,2025-03-15,synthetic_document_01190.pdf,sender013@example.test,recipient030@example.test,copy013@example.test,blind003@example.test,Synthetic subject 01190,,,,,Yes
SYNEWPRV024-0004765,SYNEWPRV024-0004765,2025-04-16,synthetic_document_01191.pdf,sender014@example.test,recipient031@example.test,copy014@example.test,blind004@example.test,Synthetic subject 01191,,,Yes,,
SYNEWPRV024-0004769,SYNEWPRV024-0004770,2025-05-17,synthetic_document_01192.pdf,sender015@example.test,recipient032@example.test,copy015@example.test,blind005@example.test,Synthetic subject 01192,Yes,,,Yes,
SYNEWPRV024-0004773,SYNEWPRV024-0004775,2025-06-18,synthetic_document_01193.pdf,sender016@example.test,recipient033@example.test,copy016@example.test,blind006@example.test,Synthetic subject 01193,,Yes,,,
SYNEWPRV024-0004777,SYNEWPRV024-0004777,2025-07-19,synthetic_document_01194.pdf,sender017@example.test,recipient034@example.test,copy017@example.test,blind007@example.test,Synthetic subject 01194,,,Yes,,
SYNEWPRV024-0004781,SYNEWPRV024-0004782,2025-08-20,synthetic_document_01195.pdf,sender018@example.test,recipient035@example.test,copy018@example.test,blind008@example.test,Synthetic subject 01195,,,,Yes,Yes
SYNEWPRV024-0004785,SYNEWPRV024-0004787,2025-09-21,synthetic_document_01196.pdf,sender019@example.test,recipient036@example.test,copy019@example.test,blind009@example.test,Synthetic subject 01196,Yes,,,,
SYNEWPRV024-0004789,SYNEWPRV024-0004789,2025-10-22,synthetic_document_01197.pdf,sender020@example.test,recipient037@example.test,copy001@example.test,blind010@example.test,Synthetic subject 01197,,Yes,Yes,,
SYNEWPRV024-0004793,SYNEWPRV024-0004794,2025-11-23,synthetic_document_01198.pdf,sender021@example.test,recipient038@example.test,copy002@example.test,blind011@example.test,Synthetic subject 01198,,,,Yes,
SYNEWPRV024-0004797,SYNEWPRV024-0004799,2025-12-24,synthetic_document_01199.pdf,sender022@example.test,recipient039@example.test,copy003@example.test,blind001@example.test,Synthetic subject 01199,,,,,
SYNEWPRV024-0004801,SYNEWPRV024-0004801,2025-01-25,synthetic_document_01200.pdf,sender023@example.test,recipient040@example.test,copy004@example.test,blind002@example.test,Synthetic subject 01200,Yes,,Yes,,Yes
SYNEWPRV024-0004805,SYNEWPRV024-0004806,2025-02-26,synthetic_document_01201.pdf,sender024@example.test,recipient041@example.test,copy005@example.test,blind003@example.test,Synthetic subject 01201,,Yes,,Yes,
SYNEWPRV024-0004809,SYNEWPRV024-0004811,2025-03-27,synthetic_document_01202.pdf,sender025@example.test,recipient042@example.test,copy006@example.test,blind004@example.test,Synthetic subject 01202,,,,,
SYNEWPRV024-0004813,SYNEWPRV024-0004813,2025-04-28,synthetic_document_01203.pdf,sender026@example.test,recipient043@example.test,copy007@example.test,blind005@example.test,Synthetic subject 01203,,,Yes,,
SYNEWPRV024-0004817,SYNEWPRV024-0004818,2025-05-01,synthetic_document_01204.pdf,sender027@example.test,recipient001@example.test,copy008@example.test,blind006@example.test,Synthetic subject 01204,Yes,,,Yes,
SYNEWPRV024-0004821,SYNEWPRV024-0004823,2025-06-02,synthetic_document_01205.pdf,sender028@example.test,recipient002@example.test,copy009@example.test,blind007@example.test,Synthetic subject 01205,,Yes,,,Yes
SYNEWPRV024-0004825,SYNEWPRV024-0004825,2025-07-03,synthetic_document_01206.pdf,sender029@example.test,recipient003@example.test,copy010@example.test,blind008@example.test,Synthetic subject 01206,,,Yes,,
SYNEWPRV024-0004829,SYNEWPRV024-0004830,2025-08-04,synthetic_document_01207.pdf,sender030@example.test,recipient004@example.test,copy011@example.test,blind009@example.test,Synthetic subject 01207,,,,Yes,
SYNEWPRV024-0004833,SYNEWPRV024-0004835,2025-09-05,synthetic_document_01208.pdf,sender031@example.test,recipient005@example.test,copy012@example.test,blind010@example.test,Synthetic subject 01208,Yes,,,,
SYNEWPRV024-0004837,SYNEWPRV024-0004837,2025-10-06,synthetic_document_01209.pdf,sender001@example.test,recipient006@example.test,copy013@example.test,blind011@example.test,Synthetic subject 01209,,Yes,Yes,,
SYNEWPRV024-0004841,SYNEWPRV024-0004842,2025-11-07,synthetic_document_01210.pdf,sender002@example.test,recipient007@example.test,copy014@example.test,blind001@example.test,Synthetic subject 01210,,,,Yes,Yes
SYNEWPRV024-0004845,SYNEWPRV024-0004847,2025-12-08,synthetic_document_01211.pdf,sender003@example.test,recipient008@example.test,copy015@example.test,blind002@example.test,Synthetic subject 01211,,,,,
SYNEWPRV024-0004849,SYNEWPRV024-0004849,2025-01-09,synthetic_document_01212.pdf,sender004@example.test,recipient009@example.test,copy016@example.test,blind003@example.test,Synthetic subject 01212,Yes,,Yes,,
SYNEWPRV024-0004853,SYNEWPRV024-0004854,2025-02-10,synthetic_document_01213.pdf,sender005@example.test,recipient010@example.test,copy017@example.test,blind004@example.test,Synthetic subject 01213,,Yes,,Yes,
SYNEWPRV024-0004857,SYNEWPRV024-0004859,2025-03-11,synthetic_document_01214.pdf,sender006@example.test,recipient011@example.test,copy018@example.test,blind005@example.test,Synthetic subject 01214,,,,,
SYNEWPRV024-0004861,SYNEWPRV024-0004861,2025-04-12,synthetic_document_01215.pdf,sender007@example.test,recipient012@example.test,copy019@example.test,blind006@example.test,Synthetic subject 01215,,,Yes,,Yes
SYNEWPRV024-0004865,SYNEWPRV024-0004866,2025-05-13,synthetic_document_01216.pdf,sender008@example.test,recipient013@example.test,copy001@example.test,blind007@example.test,Synthetic subject 01216,Yes,,,Yes,
SYNEWPRV024-0004869,SYNEWPRV024-0004871,2025-06-14,synthetic_document_01217.pdf,sender009@example.test,recipient014@example.test,copy002@example.test,blind008@example.test,Synthetic subject 01217,,Yes,,,
SYNEWPRV024-0004873,SYNEWPRV024-0004873,2025-07-15,synthetic_document_01218.pdf,sender010@example.test,recipient015@example.test,copy003@example.test,blind009@example.test,Synthetic subject 01218,,,Yes,,
SYNEWPRV024-0004877,SYNEWPRV024-0004878,2025-08-16,synthetic_document_01219.pdf,sender011@example.test,recipient016@example.test,copy004@example.test,blind010@example.test,Synthetic subject 01219,,,,Yes,
SYNEWPRV024-0004881,SYNEWPRV024-0004883,2025-09-17,synthetic_document_01220.pdf,sender012@example.test,recipient017@example.test,copy005@example.test,blind011@example.test,Synthetic subject 01220,Yes,,,,Yes
SYNEWPRV024-0004885,SYNEWPRV024-0004885,2025-10-18,synthetic_document_01221.pdf,sender013@example.test,recipient018@example.test,copy006@example.test,blind001@example.test,Synthetic subject 01221,,Yes,Yes,,
SYNEWPRV024-0004889,SYNEWPRV024-0004890,2025-11-19,synthetic_document_01222.pdf,sender014@example.test,recipient019@example.test,copy007@example.test,blind002@example.test,Synthetic subject 01222,,,,Yes,
SYNEWPRV024-0004893,SYNEWPRV024-0004895,2025-12-20,synthetic_document_01223.pdf,sender015@example.test,recipient020@example.test,copy008@example.test,blind003@example.test,Synthetic subject 01223,,,,,
SYNEWPRV024-0004897,SYNEWPRV024-0004897,2025-01-21,synthetic_document_01224.pdf,sender016@example.test,recipient021@example.test,copy009@example.test,blind004@example.test,Synthetic subject 01224,Yes,,Yes,,
SYNEWPRV024-0004901,SYNEWPRV024-0004902,2025-02-22,synthetic_document_01225.pdf,sender017@example.test,recipient022@example.test,copy010@example.test,blind005@example.test,Synthetic subject 01225,,Yes,,Yes,Yes
SYNEWPRV024-0004905,SYNEWPRV024-0004907,2025-03-23,synthetic_document_01226.pdf,sender018@example.test,recipient023@example.test,copy011@example.test,blind006@example.test,Synthetic subject 01226,,,,,
SYNEWPRV024-0004909,SYNEWPRV024-0004909,2025-04-24,synthetic_document_01227.pdf,sender019@example.test,recipient024@example.test,copy012@example.test,blind007@example.test,Synthetic subject 01227,,,Yes,,
SYNEWPRV024-0004913,SYNEWPRV024-0004914,2025-05-25,synthetic_document_01228.pdf,sender020@example.test,recipient025@example.test,copy013@example.test,blind008@example.test,Synthetic subject 01228,Yes,,,Yes,
SYNEWPRV024-0004917,SYNEWPRV024-0004919,2025-06-26,synthetic_document_01229.pdf,sender021@example.test,recipient026@example.test,copy014@example.test,blind009@example.test,Synthetic subject 01229,,Yes,,,
SYNEWPRV024-0004921,SYNEWPRV024-0004921,2025-07-27,synthetic_document_01230.pdf,sender022@example.test,recipient027@example.test,copy015@example.test,blind010@example.test,Synthetic subject 01230,,,Yes,,Yes
SYNEWPRV024-0004925,SYNEWPRV024-0004926,2025-08-28,synthetic_document_01231.pdf,sender023@example.test,recipient028@example.test,copy016@example.test,blind011@example.test,Synthetic subject 01231,,,,Yes,
SYNEWPRV024-0004929,SYNEWPRV024-0004931,2025-09-01,synthetic_document_01232.pdf,sender024@example.test,recipient029@example.test,copy017@example.test,blind001@example.test,Synthetic subject 01232,Yes,,,,
SYNEWPRV024-0004933,SYNEWPRV024-0004933,2025-10-02,synthetic_document_01233.pdf,sender025@example.test,recipient030@example.test,copy018@example.test,blind002@example.test,Synthetic subject 01233,,Yes,Yes,,
SYNEWPRV024-0004937,SYNEWPRV024-0004938,2025-11-03,synthetic_document_01234.pdf,sender026@example.test,recipient031@example.test,copy019@example.test,blind003@example.test,Synthetic subject 01234,,,,Yes,
SYNEWPRV024-0004941,SYNEWPRV024-0004943,2025-12-04,synthetic_document_01235.pdf,sender027@example.test,recipient032@example.test,copy001@example.test,blind004@example.test,Synthetic subject 01235,,,,,Yes
SYNEWPRV024-0004945,SYNEWPRV024-0004945,2025-01-05,synthetic_document_01236.pdf,sender028@example.test,recipient033@example.test,copy002@example.test,blind005@example.test,Synthetic subject 01236,Yes,,Yes,,
SYNEWPRV024-0004949,SYNEWPRV024-0004950,2025-02-06,synthetic_document_01237.pdf,sender029@example.test,recipient034@example.test,copy003@example.test,blind006@example.test,Synthetic subject 01237,,Yes,,Yes,
SYNEWPRV024-0004953,SYNEWPRV024-0004955,2025-03-07,synthetic_document_01238.pdf,sender030@example.test,recipient035@example.test,copy004@example.test,blind007@example.test,Synthetic subject 01238,,,,,
SYNEWPRV024-0004957,SYNEWPRV024-0004957,2025-04-08,synthetic_document_01239.pdf,sender031@example.test,recipient036@example.test,copy005@example.test,blind008@example.test,Synthetic subject 01239,,,Yes,,
SYNEWPRV024-0004961,SYNEWPRV024-0004962,2025-05-09,synthetic_document_01240.pdf,sender001@example.test,recipient037@example.test,copy006@example.test,blind009@example.test,Synthetic subject 01240,Yes,,,Yes,Yes
SYNEWPRV024-0004965,SYNEWPRV024-0004967,2025-06-10,synthetic_document_01241.pdf,sender002@example.test,recipient038@example.test,copy007@example.test,blind010@example.test,Synthetic subject 01241,,Yes,,,
SYNEWPRV024-0004969,SYNEWPRV024-0004969,2025-07-11,synthetic_document_01242.pdf,sender003@example.test,recipient039@example.test,copy008@example.test,blind011@example.test,Synthetic subject 01242,,,Yes,,
SYNEWPRV024-0004973,SYNEWPRV024-0004974,2025-08-12,synthetic_document_01243.pdf,sender004@example.test,recipient040@example.test,copy009@example.test,blind001@example.test,Synthetic subject 01243,,,,Yes,
SYNEWPRV024-0004977,SYNEWPRV024-0004979,2025-09-13,synthetic_document_01244.pdf,sender005@example.test,recipient041@example.test,copy010@example.test,blind002@example.test,Synthetic subject 01244,Yes,,,,
SYNEWPRV024-0004981,SYNEWPRV024-0004981,2025-10-14,synthetic_document_01245.pdf,sender006@example.test,recipient042@example.test,copy011@example.test,blind003@example.test,Synthetic subject 01245,,Yes,Yes,,Yes
SYNEWPRV024-0004985,SYNEWPRV024-0004986,2025-11-15,synthetic_document_01246.pdf,sender007@example.test,recipient043@example.test,copy012@example.test,blind004@example.test,Synthetic subject 01246,,,,Yes,
SYNEWPRV024-0004989,SYNEWPRV024-0004991,2025-12-16,synthetic_document_01247.pdf,sender008@example.test,recipient001@example.test,copy013@example.test,blind005@example.test,Synthetic subject 01247,,,,,
SYNEWPRV024-0004993,SYNEWPRV024-0004993,2025-01-17,synthetic_document_01248.pdf,sender009@example.test,recipient002@example.test,copy014@example.test,blind006@example.test,Synthetic subject 01248,Yes,,Yes,,
SYNEWPRV024-0004997,SYNEWPRV024-0004998,2025-02-18,synthetic_document_01249.pdf,sender010@example.test,recipient003@example.test,copy015@example.test,blind007@example.test,Synthetic subject 01249,,Yes,,Yes,
SYNEWPRV024-0005001,SYNEWPRV024-0005003,2025-03-19,synthetic_document_01250.pdf,sender011@example.test,recipient004@example.test,copy016@example.test,blind008@example.test,Synthetic subject 01250,,,,,Yes
SYNEWPRV024-0005005,SYNEWPRV024-0005005,2025-04-20,synthetic_document_01251.pdf,sender012@example.test,recipient005@example.test,copy017@example.test,blind009@example.test,Synthetic subject 01251,,,Yes,,
SYNEWPRV024-0005009,SYNEWPRV024-0005010,2025-05-21,synthetic_document_01252.pdf,sender013@example.test,recipient006@example.test,copy018@example.test,blind010@example.test,Synthetic subject 01252,Yes,,,Yes,
SYNEWPRV024-0005013,SYNEWPRV024-0005015,2025-06-22,synthetic_document_01253.pdf,sender014@example.test,recipient007@example.test,copy019@example.test,blind011@example.test,Synthetic subject 01253,,Yes,,,
SYNEWPRV024-0005017,SYNEWPRV024-0005017,2025-07-23,synthetic_document_01254.pdf,sender015@example.test,recipient008@example.test,copy001@example.test,blind001@example.test,Synthetic subject 01254,,,Yes,,
SYNEWPRV024-0005021,SYNEWPRV024-0005022,2025-08-24,synthetic_document_01255.pdf,sender016@example.test,recipient009@example.test,copy002@example.test,blind002@example.test,Synthetic subject 01255,,,,Yes,Yes
SYNEWPRV024-0005025,SYNEWPRV024-0005027,2025-09-25,synthetic_document_01256.pdf,sender017@example.test,recipient010@example.test,copy003@example.test,blind003@example.test,Synthetic subject 01256,Yes,,,,
SYNEWPRV024-0005029,SYNEWPRV024-0005029,2025-10-26,synthetic_document_01257.pdf,sender018@example.test,recipient011@example.test,copy004@example.test,blind004@example.test,Synthetic subject 01257,,Yes,Yes,,
SYNEWPRV024-0005033,SYNEWPRV024-0005034,2025-11-27,synthetic_document_01258.pdf,sender019@example.test,recipient012@example.test,copy005@example.test,blind005@example.test,Synthetic subject 01258,,,,Yes,
SYNEWPRV024-0005037,SYNEWPRV024-0005039,2025-12-28,synthetic_document_01259.pdf,sender020@example.test,recipient013@example.test,copy006@example.test,blind006@example.test,Synthetic subject 01259,,,,,
SYNEWPRV024-0005041,SYNEWPRV024-0005041,2025-01-01,synthetic_document_01260.pdf,sender021@example.test,recipient014@example.test,copy007@example.test,blind007@example.test,Synthetic subject 01260,Yes,,Yes,,Yes
SYNEWPRV024-0005045,SYNEWPRV024-0005046,2025-02-02,synthetic_document_01261.pdf,sender022@example.test,recipient015@example.test,copy008@example.test,blind008@example.test,Synthetic subject 01261,,Yes,,Yes,
SYNEWPRV024-0005049,SYNEWPRV024-0005051,2025-03-03,synthetic_document_01262.pdf,sender023@example.test,recipient016@example.test,copy009@example.test,blind009@example.test,Synthetic subject 01262,,,,,
SYNEWPRV024-0005053,SYNEWPRV024-0005053,2025-04-04,synthetic_document_01263.pdf,sender024@example.test,recipient017@example.test,copy010@example.test,blind010@example.test,Synthetic subject 01263,,,Yes,,
SYNEWPRV024-0005057,SYNEWPRV024-0005058,2025-05-05,synthetic_document_01264.pdf,sender025@example.test,recipient018@example.test,copy011@example.test,blind011@example.test,Synthetic subject 01264,Yes,,,Yes,
SYNEWPRV024-0005061,SYNEWPRV024-0005063,2025-06-06,synthetic_document_01265.pdf,sender026@example.test,recipient019@example.test,copy012@example.test,blind001@example.test,Synthetic subject 01265,,Yes,,,Yes
SYNEWPRV024-0005065,SYNEWPRV024-0005065,2025-07-07,synthetic_document_01266.pdf,sender027@example.test,recipient020@example.test,copy013@example.test,blind002@example.test,Synthetic subject 01266,,,Yes,,
SYNEWPRV024-0005069,SYNEWPRV024-0005070,2025-08-08,synthetic_document_01267.pdf,sender028@example.test,recipient021@example.test,copy014@example.test,blind003@example.test,Synthetic subject 01267,,,,Yes,
SYNEWPRV024-0005073,SYNEWPRV024-0005075,2025-09-09,synthetic_document_01268.pdf,sender029@example.test,recipient022@example.test,copy015@example.test,blind004@example.test,Synthetic subject 01268,Yes,,,,
SYNEWPRV024-0005077,SYNEWPRV024-0005077,2025-10-10,synthetic_document_01269.pdf,sender030@example.test,recipient023@example.test,copy016@example.test,blind005@example.test,Synthetic subject 01269,,Yes,Yes,,
SYNEWPRV024-0005081,SYNEWPRV024-0005082,2025-11-11,synthetic_document_01270.pdf,sender031@example.test,recipient024@example.test,copy017@example.test,blind006@example.test,Synthetic subject 01270,,,,Yes,Yes
SYNEWPRV024-0005085,SYNEWPRV024-0005087,2025-12-12,synthetic_document_01271.pdf,sender001@example.test,recipient025@example.test,copy018@example.test,blind007@example.test,Synthetic subject 01271,,,,,
SYNEWPRV024-0005089,SYNEWPRV024-0005089,2025-01-13,synthetic_document_01272.pdf,sender002@example.test,recipient026@example.test,copy019@example.test,blind008@example.test,Synthetic subject 01272,Yes,,Yes,,
SYNEWPRV024-0005093,SYNEWPRV024-0005094,2025-02-14,synthetic_document_01273.pdf,sender003@example.test,recipient027@example.test,copy001@example.test,blind009@example.test,Synthetic subject 01273,,Yes,,Yes,
SYNEWPRV024-0005097,SYNEWPRV024-0005099,2025-03-15,synthetic_document_01274.pdf,sender004@example.test,recipient028@example.test,copy002@example.test,blind010@example.test,Synthetic subject 01274,,,,,
SYNEWPRV024-0005101,SYNEWPRV024-0005101,2025-04-16,synthetic_document_01275.pdf,sender005@example.test,recipient029@example.test,copy003@example.test,blind011@example.test,Synthetic subject 01275,,,Yes,,Yes
SYNEWPRV024-0005105,SYNEWPRV024-0005106,2025-05-17,synthetic_document_01276.pdf,sender006@example.test,recipient030@example.test,copy004@example.test,blind001@example.test,Synthetic subject 01276,Yes,,,Yes,
SYNEWPRV024-0005109,SYNEWPRV024-0005111,2025-06-18,synthetic_document_01277.pdf,sender007@example.test,recipient031@example.test,copy005@example.test,blind002@example.test,Synthetic subject 01277,,Yes,,,
SYNEWPRV024-0005113,SYNEWPRV024-0005113,2025-07-19,synthetic_document_01278.pdf,sender008@example.test,recipient032@example.test,copy006@example.test,blind003@example.test,Synthetic subject 01278,,,Yes,,
SYNEWPRV024-0005117,SYNEWPRV024-0005118,2025-08-20,synthetic_document_01279.pdf,sender009@example.test,recipient033@example.test,copy007@example.test,blind004@example.test,Synthetic subject 01279,,,,Yes,
SYNEWPRV024-0005121,SYNEWPRV024-0005123,2025-09-21,synthetic_document_01280.pdf,sender010@example.test,recipient034@example.test,copy008@example.test,blind005@example.test,Synthetic subject 01280,Yes,,,,Yes
SYNEWPRV024-0005125,SYNEWPRV024-0005125,2025-10-22,synthetic_document_01281.pdf,sender011@example.test,recipient035@example.test,copy009@example.test,blind006@example.test,Synthetic subject 01281,,Yes,Yes,,
SYNEWPRV024-0005129,SYNEWPRV024-0005130,2025-11-23,synthetic_document_01282.pdf,sender012@example.test,recipient036@example.test,copy010@example.test,blind007@example.test,Synthetic subject 01282,,,,Yes,
SYNEWPRV024-0005133,SYNEWPRV024-0005135,2025-12-24,synthetic_document_01283.pdf,sender013@example.test,recipient037@example.test,copy011@example.test,blind008@example.test,Synthetic subject 01283,,,,,
SYNEWPRV024-0005137,SYNEWPRV024-0005137,2025-01-25,synthetic_document_01284.pdf,sender014@example.test,recipient038@example.test,copy012@example.test,blind009@example.test,Synthetic subject 01284,Yes,,Yes,,
SYNEWPRV024-0005141,SYNEWPRV024-0005142,2025-02-26,synthetic_document_01285.pdf,sender015@example.test,recipient039@example.test,copy013@example.test,blind010@example.test,Synthetic subject 01285,,Yes,,Yes,Yes
SYNEWPRV024-0005145,SYNEWPRV024-0005147,2025-03-27,synthetic_document_01286.pdf,sender016@example.test,recipient040@example.test,copy014@example.test,blind011@example.test,Synthetic subject 01286,,,,,
SYNEWPRV024-0005149,SYNEWPRV024-0005149,2025-04-28,synthetic_document_01287.pdf,sender017@example.test,recipient041@example.test,copy015@example.test,blind001@example.test,Synthetic subject 01287,,,Yes,,
SYNEWPRV024-0005153,SYNEWPRV024-0005154,2025-05-01,synthetic_document_01288.pdf,sender018@example.test,recipient042@example.test,copy016@example.test,blind002@example.test,Synthetic subject 01288,Yes,,,Yes,
SYNEWPRV024-0005157,SYNEWPRV024-0005159,2025-06-02,synthetic_document_01289.pdf,sender019@example.test,recipient043@example.test,copy017@example.test,blind003@example.test,Synthetic subject 01289,,Yes,,,
SYNEWPRV024-0005161,SYNEWPRV024-0005161,2025-07-03,synthetic_document_01290.pdf,sender020@example.test,recipient001@example.test,copy018@example.test,blind004@example.test,Synthetic subject 01290,,,Yes,,Yes
SYNEWPRV024-0005165,SYNEWPRV024-0005166,2025-08-04,synthetic_document_01291.pdf,sender021@example.test,recipient002@example.test,copy019@example.test,blind005@example.test,Synthetic subject 01291,,,,Yes,
SYNEWPRV024-0005169,SYNEWPRV024-0005171,2025-09-05,synthetic_document_01292.pdf,sender022@example.test,recipient003@example.test,copy001@example.test,blind006@example.test,Synthetic subject 01292,Yes,,,,
SYNEWPRV024-0005173,SYNEWPRV024-0005173,2025-10-06,synthetic_document_01293.pdf,sender023@example.test,recipient004@example.test,copy002@example.test,blind007@example.test,Synthetic subject 01293,,Yes,Yes,,
SYNEWPRV024-0005177,SYNEWPRV024-0005178,2025-11-07,synthetic_document_01294.pdf,sender024@example.test,recipient005@example.test,copy003@example.test,blind008@example.test,Synthetic subject 01294,,,,Yes,
SYNEWPRV024-0005181,SYNEWPRV024-0005183,2025-12-08,synthetic_document_01295.pdf,sender025@example.test,recipient006@example.test,copy004@example.test,blind009@example.test,Synthetic subject 01295,,,,,Yes
SYNEWPRV024-0005185,SYNEWPRV024-0005185,2025-01-09,synthetic_document_01296.pdf,sender026@example.test,recipient007@example.test,copy005@example.test,blind010@example.test,Synthetic subject 01296,Yes,,Yes,,
SYNEWPRV024-0005189,SYNEWPRV024-0005190,2025-02-10,synthetic_document_01297.pdf,sender027@example.test,recipient008@example.test,copy006@example.test,blind011@example.test,Synthetic subject 01297,,Yes,,Yes,
SYNEWPRV024-0005193,SYNEWPRV024-0005195,2025-03-11,synthetic_document_01298.pdf,sender028@example.test,recipient009@example.test,copy007@example.test,blind001@example.test,Synthetic subject 01298,,,,,
SYNEWPRV024-0005197,SYNEWPRV024-0005197,2025-04-12,synthetic_document_01299.pdf,sender029@example.test,recipient010@example.test,copy008@example.test,blind002@example.test,Synthetic subject 01299,,,Yes,,
SYNEWPRV024-0005201,SYNEWPRV024-0005202,2025-05-13,synthetic_document_01300.pdf,sender030@example.test,recipient011@example.test,copy009@example.test,blind003@example.test,Synthetic subject 01300,Yes,,,Yes,Yes
SYNEWPRV024-0005205,SYNEWPRV024-0005207,2025-06-14,synthetic_document_01301.pdf,sender031@example.test,recipient012@example.test,copy010@example.test,blind004@example.test,Synthetic subject 01301,,Yes,,,
SYNEWPRV024-0005209,SYNEWPRV024-0005209,2025-07-15,synthetic_document_01302.pdf,sender001@example.test,recipient013@example.test,copy011@example.test,blind005@example.test,Synthetic subject 01302,,,Yes,,
SYNEWPRV024-0005213,SYNEWPRV024-0005214,2025-08-16,synthetic_document_01303.pdf,sender002@example.test,recipient014@example.test,copy012@example.test,blind006@example.test,Synthetic subject 01303,,,,Yes,
SYNEWPRV024-0005217,SYNEWPRV024-0005219,2025-09-17,synthetic_document_01304.pdf,sender003@example.test,recipient015@example.test,copy013@example.test,blind007@example.test,Synthetic subject 01304,Yes,,,,
SYNEWPRV024-0005221,SYNEWPRV024-0005221,2025-10-18,synthetic_document_01305.pdf,sender004@example.test,recipient016@example.test,copy014@example.test,blind008@example.test,Synthetic subject 01305,,Yes,Yes,,Yes
SYNEWPRV024-0005225,SYNEWPRV024-0005226,2025-11-19,synthetic_document_01306.pdf,sender005@example.test,recipient017@example.test,copy015@example.test,blind009@example.test,Synthetic subject 01306,,,,Yes,
SYNEWPRV024-0005229,SYNEWPRV024-0005231,2025-12-20,synthetic_document_01307.pdf,sender006@example.test,recipient018@example.test,copy016@example.test,blind010@example.test,Synthetic subject 01307,,,,,
SYNEWPRV024-0005233,SYNEWPRV024-0005233,2025-01-21,synthetic_document_01308.pdf,sender007@example.test,recipient019@example.test,copy017@example.test,blind011@example.test,Synthetic subject 01308,Yes,,Yes,,
SYNEWPRV024-0005237,SYNEWPRV024-0005238,2025-02-22,synthetic_document_01309.pdf,sender008@example.test,recipient020@example.test,copy018@example.test,blind001@example.test,Synthetic subject 01309,,Yes,,Yes,
SYNEWPRV024-0005241,SYNEWPRV024-0005243,2025-03-23,synthetic_document_01310.pdf,sender009@example.test,recipient021@example.test,copy019@example.test,blind002@example.test,Synthetic subject 01310,,,,,Yes
SYNEWPRV024-0005245,SYNEWPRV024-0005245,2025-04-24,synthetic_document_01311.pdf,sender010@example.test,recipient022@example.test,copy001@example.test,blind003@example.test,Synthetic subject 01311,,,Yes,,
SYNEWPRV024-0005249,SYNEWPRV024-0005250,2025-05-25,synthetic_document_01312.pdf,sender011@example.test,recipient023@example.test,copy002@example.test,blind004@example.test,Synthetic subject 01312,Yes,,,Yes,
SYNEWPRV024-0005253,SYNEWPRV024-0005255,2025-06-26,synthetic_document_01313.pdf,sender012@example.test,recipient024@example.test,copy003@example.test,blind005@example.test,Synthetic subject 01313,,Yes,,,
SYNEWPRV024-0005257,SYNEWPRV024-0005257,2025-07-27,synthetic_document_01314.pdf,sender013@example.test,recipient025@example.test,copy004@example.test,blind006@example.test,Synthetic subject 01314,,,Yes,,
SYNEWPRV024-0005261,SYNEWPRV024-0005262,2025-08-28,synthetic_document_01315.pdf,sender014@example.test,recipient026@example.test,copy005@example.test,blind007@example.test,Synthetic subject 01315,,,,Yes,Yes
SYNEWPRV024-0005265,SYNEWPRV024-0005267,2025-09-01,synthetic_document_01316.pdf,sender015@example.test,recipient027@example.test,copy006@example.test,blind008@example.test,Synthetic subject 01316,Yes,,,,
SYNEWPRV024-0005269,SYNEWPRV024-0005269,2025-10-02,synthetic_document_01317.pdf,sender016@example.test,recipient028@example.test,copy007@example.test,blind009@example.test,Synthetic subject 01317,,Yes,Yes,,
SYNEWPRV024-0005273,SYNEWPRV024-0005274,2025-11-03,synthetic_document_01318.pdf,sender017@example.test,recipient029@example.test,copy008@example.test,blind010@example.test,Synthetic subject 01318,,,,Yes,
SYNEWPRV024-0005277,SYNEWPRV024-0005279,2025-12-04,synthetic_document_01319.pdf,sender018@example.test,recipient030@example.test,copy009@example.test,blind011@example.test,Synthetic subject 01319,,,,,
SYNEWPRV024-0005281,SYNEWPRV024-0005281,2025-01-05,synthetic_document_01320.pdf,sender019@example.test,recipient031@example.test,copy010@example.test,blind001@example.test,Synthetic subject 01320,Yes,,Yes,,Yes
SYNEWPRV024-0005285,SYNEWPRV024-0005286,2025-02-06,synthetic_document_01321.pdf,sender020@example.test,recipient032@example.test,copy011@example.test,blind002@example.test,Synthetic subject 01321,,Yes,,Yes,
SYNEWPRV024-0005289,SYNEWPRV024-0005291,2025-03-07,synthetic_document_01322.pdf,sender021@example.test,recipient033@example.test,copy012@example.test,blind003@example.test,Synthetic subject 01322,,,,,
SYNEWPRV024-0005293,SYNEWPRV024-0005293,2025-04-08,synthetic_document_01323.pdf,sender022@example.test,recipient034@example.test,copy013@example.test,blind004@example.test,Synthetic subject 01323,,,Yes,,
SYNEWPRV024-0005297,SYNEWPRV024-0005298,2025-05-09,synthetic_document_01324.pdf,sender023@example.test,recipient035@example.test,copy014@example.test,blind005@example.test,Synthetic subject 01324,Yes,,,Yes,
SYNEWPRV024-0005301,SYNEWPRV024-0005303,2025-06-10,synthetic_document_01325.pdf,sender024@example.test,recipient036@example.test,copy015@example.test,blind006@example.test,Synthetic subject 01325,,Yes,,,Yes
SYNEWPRV024-0005305,SYNEWPRV024-0005305,2025-07-11,synthetic_document_01326.pdf,sender025@example.test,recipient037@example.test,copy016@example.test,blind007@example.test,Synthetic subject 01326,,,Yes,,
SYNEWPRV024-0005309,SYNEWPRV024-0005310,2025-08-12,synthetic_document_01327.pdf,sender026@example.test,recipient038@example.test,copy017@example.test,blind008@example.test,Synthetic subject 01327,,,,Yes,
SYNEWPRV024-0005313,SYNEWPRV024-0005315,2025-09-13,synthetic_document_01328.pdf,sender027@example.test,recipient039@example.test,copy018@example.test,blind009@example.test,Synthetic subject 01328,Yes,,,,
SYNEWPRV024-0005317,SYNEWPRV024-0005317,2025-10-14,synthetic_document_01329.pdf,sender028@example.test,recipient040@example.test,copy019@example.test,blind010@example.test,Synthetic subject 01329,,Yes,Yes,,
SYNEWPRV024-0005321,SYNEWPRV024-0005322,2025-11-15,synthetic_document_01330.pdf,sender029@example.test,recipient041@example.test,copy001@example.test,blind011@example.test,Synthetic subject 01330,,,,Yes,Yes
SYNEWPRV024-0005325,SYNEWPRV024-0005327,2025-12-16,synthetic_document_01331.pdf,sender030@example.test,recipient042@example.test,copy002@example.test,blind001@example.test,Synthetic subject 01331,,,,,
SYNEWPRV024-0005329,SYNEWPRV024-0005329,2025-01-17,synthetic_document_01332.pdf,sender031@example.test,recipient043@example.test,copy003@example.test,blind002@example.test,Synthetic subject 01332,Yes,,Yes,,
SYNEWPRV024-0005333,SYNEWPRV024-0005334,2025-02-18,synthetic_document_01333.pdf,sender001@example.test,recipient001@example.test,copy004@example.test,blind003@example.test,Synthetic subject 01333,,Yes,,Yes,
SYNEWPRV024-0005337,SYNEWPRV024-0005339,2025-03-19,synthetic_document_01334.pdf,sender002@example.test,recipient002@example.test,copy005@example.test,blind004@example.test,Synthetic subject 01334,,,,,
SYNEWPRV024-0005341,SYNEWPRV024-0005341,2025-04-20,synthetic_document_01335.pdf,sender003@example.test,recipient003@example.test,copy006@example.test,blind005@example.test,Synthetic subject 01335,,,Yes,,Yes
SYNEWPRV024-0005345,SYNEWPRV024-0005346,2025-05-21,synthetic_document_01336.pdf,sender004@example.test,recipient004@example.test,copy007@example.test,blind006@example.test,Synthetic subject 01336,Yes,,,Yes,
SYNEWPRV024-0005349,SYNEWPRV024-0005351,2025-06-22,synthetic_document_01337.pdf,sender005@example.test,recipient005@example.test,copy008@example.test,blind007@example.test,Synthetic subject 01337,,Yes,,,
SYNEWPRV024-0005353,SYNEWPRV024-0005353,2025-07-23,synthetic_document_01338.pdf,sender006@example.test,recipient006@example.test,copy009@example.test,blind008@example.test,Synthetic subject 01338,,,Yes,,
SYNEWPRV024-0005357,SYNEWPRV024-0005358,2025-08-24,synthetic_document_01339.pdf,sender007@example.test,recipient007@example.test,copy010@example.test,blind009@example.test,Synthetic subject 01339,,,,Yes,
SYNEWPRV024-0005361,SYNEWPRV024-0005363,2025-09-25,synthetic_document_01340.pdf,sender008@example.test,recipient008@example.test,copy011@example.test,blind010@example.test,Synthetic subject 01340,Yes,,,,Yes
SYNEWPRV024-0005365,SYNEWPRV024-0005365,2025-10-26,synthetic_document_01341.pdf,sender009@example.test,recipient009@example.test,copy012@example.test,blind011@example.test,Synthetic subject 01341,,Yes,Yes,,
SYNEWPRV024-0005369,SYNEWPRV024-0005370,2025-11-27,synthetic_document_01342.pdf,sender010@example.test,recipient010@example.test,copy013@example.test,blind001@example.test,Synthetic subject 01342,,,,Yes,
SYNEWPRV024-0005373,SYNEWPRV024-0005375,2025-12-28,synthetic_document_01343.pdf,sender011@example.test,recipient011@example.test,copy014@example.test,blind002@example.test,Synthetic subject 01343,,,,,
SYNEWPRV024-0005377,SYNEWPRV024-0005377,2025-01-01,synthetic_document_01344.pdf,sender012@example.test,recipient012@example.test,copy015@example.test,blind003@example.test,Synthetic subject 01344,Yes,,Yes,,
SYNEWPRV024-0005381,SYNEWPRV024-0005382,2025-02-02,synthetic_document_01345.pdf,sender013@example.test,recipient013@example.test,copy016@example.test,blind004@example.test,Synthetic subject 01345,,Yes,,Yes,Yes
SYNEWPRV024-0005385,SYNEWPRV024-0005387,2025-03-03,synthetic_document_01346.pdf,sender014@example.test,recipient014@example.test,copy017@example.test,blind005@example.test,Synthetic subject 01346,,,,,
SYNEWPRV024-0005389,SYNEWPRV024-0005389,2025-04-04,synthetic_document_01347.pdf,sender015@example.test,recipient015@example.test,copy018@example.test,blind006@example.test,Synthetic subject 01347,,,Yes,,
SYNEWPRV024-0005393,SYNEWPRV024-0005394,2025-05-05,synthetic_document_01348.pdf,sender016@example.test,recipient016@example.test,copy019@example.test,blind007@example.test,Synthetic subject 01348,Yes,,,Yes,
SYNEWPRV024-0005397,SYNEWPRV024-0005399,2025-06-06,synthetic_document_01349.pdf,sender017@example.test,recipient017@example.test,copy001@example.test,blind008@example.test,Synthetic subject 01349,,Yes,,,
SYNEWPRV024-0005401,SYNEWPRV024-0005401,2025-07-07,synthetic_document_01350.pdf,sender018@example.test,recipient018@example.test,copy002@example.test,blind009@example.test,Synthetic subject 01350,,,Yes,,Yes
SYNEWPRV024-0005405,SYNEWPRV024-0005406,2025-08-08,synthetic_document_01351.pdf,sender019@example.test,recipient019@example.test,copy003@example.test,blind010@example.test,Synthetic subject 01351,,,,Yes,
SYNEWPRV024-0005409,SYNEWPRV024-0005411,2025-09-09,synthetic_document_01352.pdf,sender020@example.test,recipient020@example.test,copy004@example.test,blind011@example.test,Synthetic subject 01352,Yes,,,,
SYNEWPRV024-0005413,SYNEWPRV024-0005413,2025-10-10,synthetic_document_01353.pdf,sender021@example.test,recipient021@example.test,copy005@example.test,blind001@example.test,Synthetic subject 01353,,Yes,Yes,,
SYNEWPRV024-0005417,SYNEWPRV024-0005418,2025-11-11,synthetic_document_01354.pdf,sender022@example.test,recipient022@example.test,copy006@example.test,blind002@example.test,Synthetic subject 01354,,,,Yes,
SYNEWPRV024-0005421,SYNEWPRV024-0005423,2025-12-12,synthetic_document_01355.pdf,sender023@example.test,recipient023@example.test,copy007@example.test,blind003@example.test,Synthetic subject 01355,,,,,Yes
SYNEWPRV024-0005425,SYNEWPRV024-0005425,2025-01-13,synthetic_document_01356.pdf,sender024@example.test,recipient024@example.test,copy008@example.test,blind004@example.test,Synthetic subject 01356,Yes,,Yes,,
SYNEWPRV024-0005429,SYNEWPRV024-0005430,2025-02-14,synthetic_document_01357.pdf,sender025@example.test,recipient025@example.test,copy009@example.test,blind005@example.test,Synthetic subject 01357,,Yes,,Yes,
SYNEWPRV024-0005433,SYNEWPRV024-0005435,2025-03-15,synthetic_document_01358.pdf,sender026@example.test,recipient026@example.test,copy010@example.test,blind006@example.test,Synthetic subject 01358,,,,,
SYNEWPRV024-0005437,SYNEWPRV024-0005437,2025-04-16,synthetic_document_01359.pdf,sender027@example.test,recipient027@example.test,copy011@example.test,blind007@example.test,Synthetic subject 01359,,,Yes,,
SYNEWPRV024-0005441,SYNEWPRV024-0005442,2025-05-17,synthetic_document_01360.pdf,sender028@example.test,recipient028@example.test,copy012@example.test,blind008@example.test,Synthetic subject 01360,Yes,,,Yes,Yes
SYNEWPRV024-0005445,SYNEWPRV024-0005447,2025-06-18,synthetic_document_01361.pdf,sender029@example.test,recipient029@example.test,copy013@example.test,blind009@example.test,Synthetic subject 01361,,Yes,,,
SYNEWPRV024-0005449,SYNEWPRV024-0005449,2025-07-19,synthetic_document_01362.pdf,sender030@example.test,recipient030@example.test,copy014@example.test,blind010@example.test,Synthetic subject 01362,,,Yes,,
SYNEWPRV024-0005453,SYNEWPRV024-0005454,2025-08-20,synthetic_document_01363.pdf,sender031@example.test,recipient031@example.test,copy015@example.test,blind011@example.test,Synthetic subject 01363,,,,Yes,
SYNEWPRV024-0005457,SYNEWPRV024-0005459,2025-09-21,synthetic_document_01364.pdf,sender001@example.test,recipient032@example.test,copy016@example.test,blind001@example.test,Synthetic subject 01364,Yes,,,,
SYNEWPRV024-0005461,SYNEWPRV024-0005461,2025-10-22,synthetic_document_01365.pdf,sender002@example.test,recipient033@example.test,copy017@example.test,blind002@example.test,Synthetic subject 01365,,Yes,Yes,,Yes
SYNEWPRV024-0005465,SYNEWPRV024-0005466,2025-11-23,synthetic_document_01366.pdf,sender003@example.test,recipient034@example.test,copy018@example.test,blind003@example.test,Synthetic subject 01366,,,,Yes,
SYNEWPRV024-0005469,SYNEWPRV024-0005471,2025-12-24,synthetic_document_01367.pdf,sender004@example.test,recipient035@example.test,copy019@example.test,blind004@example.test,Synthetic subject 01367,,,,,
SYNEWPRV024-0005473,SYNEWPRV024-0005473,2025-01-25,synthetic_document_01368.pdf,sender005@example.test,recipient036@example.test,copy001@example.test,blind005@example.test,Synthetic subject 01368,Yes,,Yes,,
SYNEWPRV024-0005477,SYNEWPRV024-0005478,2025-02-26,synthetic_document_01369.pdf,sender006@example.test,recipient037@example.test,copy002@example.test,blind006@example.test,Synthetic subject 01369,,Yes,,Yes,
SYNEWPRV024-0005481,SYNEWPRV024-0005483,2025-03-27,synthetic_document_01370.pdf,sender007@example.test,recipient038@example.test,copy003@example.test,blind007@example.test,Synthetic subject 01370,,,,,Yes
SYNEWPRV024-0005485,SYNEWPRV024-0005485,2025-04-28,synthetic_document_01371.pdf,sender008@example.test,recipient039@example.test,copy004@example.test,blind008@example.test,Synthetic subject 01371,,,Yes,,
SYNEWPRV024-0005489,SYNEWPRV024-0005490,2025-05-01,synthetic_document_01372.pdf,sender009@example.test,recipient040@example.test,copy005@example.test,blind009@example.test,Synthetic subject 01372,Yes,,,Yes,
SYNEWPRV024-0005493,SYNEWPRV024-0005495,2025-06-02,synthetic_document_01373.pdf,sender010@example.test,recipient041@example.test,copy006@example.test,blind010@example.test,Synthetic subject 01373,,Yes,,,
SYNEWPRV024-0005497,SYNEWPRV024-0005497,2025-07-03,synthetic_document_01374.pdf,sender011@example.test,recipient042@example.test,copy007@example.test,blind011@example.test,Synthetic subject 01374,,,Yes,,
SYNEWPRV024-0005501,SYNEWPRV024-0005502,2025-08-04,synthetic_document_01375.pdf,sender012@example.test,recipient043@example.test,copy008@example.test,blind001@example.test,Synthetic subject 01375,,,,Yes,Yes
SYNEWPRV024-0005505,SYNEWPRV024-0005507,2025-09-05,synthetic_document_01376.pdf,sender013@example.test,recipient001@example.test,copy009@example.test,blind002@example.test,Synthetic subject 01376,Yes,,,,
SYNEWPRV024-0005509,SYNEWPRV024-0005509,2025-10-06,synthetic_document_01377.pdf,sender014@example.test,recipient002@example.test,copy010@example.test,blind003@example.test,Synthetic subject 01377,,Yes,Yes,,
SYNEWPRV024-0005513,SYNEWPRV024-0005514,2025-11-07,synthetic_document_01378.pdf,sender015@example.test,recipient003@example.test,copy011@example.test,blind004@example.test,Synthetic subject 01378,,,,Yes,
SYNEWPRV024-0005517,SYNEWPRV024-0005519,2025-12-08,synthetic_document_01379.pdf,sender016@example.test,recipient004@example.test,copy012@example.test,blind005@example.test,Synthetic subject 01379,,,,,
SYNEWPRV024-0005521,SYNEWPRV024-0005521,2025-01-09,synthetic_document_01380.pdf,sender017@example.test,recipient005@example.test,copy013@example.test,blind006@example.test,Synthetic subject 01380,Yes,,Yes,,Yes
SYNEWPRV024-0005525,SYNEWPRV024-0005526,2025-02-10,synthetic_document_01381.pdf,sender018@example.test,recipient006@example.test,copy014@example.test,blind007@example.test,Synthetic subject 01381,,Yes,,Yes,
SYNEWPRV024-0005529,SYNEWPRV024-0005531,2025-03-11,synthetic_document_01382.pdf,sender019@example.test,recipient007@example.test,copy015@example.test,blind008@example.test,Synthetic subject 01382,,,,,
SYNEWPRV024-0005533,SYNEWPRV024-0005533,2025-04-12,synthetic_document_01383.pdf,sender020@example.test,recipient008@example.test,copy016@example.test,blind009@example.test,Synthetic subject 01383,,,Yes,,
SYNEWPRV024-0005537,SYNEWPRV024-0005538,2025-05-13,synthetic_document_01384.pdf,sender021@example.test,recipient009@example.test,copy017@example.test,blind010@example.test,Synthetic subject 01384,Yes,,,Yes,
SYNEWPRV024-0005541,SYNEWPRV024-0005543,2025-06-14,synthetic_document_01385.pdf,sender022@example.test,recipient010@example.test,copy018@example.test,blind011@example.test,Synthetic subject 01385,,Yes,,,Yes
SYNEWPRV024-0005545,SYNEWPRV024-0005545,2025-07-15,synthetic_document_01386.pdf,sender023@example.test,recipient011@example.test,copy019@example.test,blind001@example.test,Synthetic subject 01386,,,Yes,,
SYNEWPRV024-0005549,SYNEWPRV024-0005550,2025-08-16,synthetic_document_01387.pdf,sender024@example.test,recipient012@example.test,copy001@example.test,blind002@example.test,Synthetic subject 01387,,,,Yes,
SYNEWPRV024-0005553,SYNEWPRV024-0005555,2025-09-17,synthetic_document_01388.pdf,sender025@example.test,recipient013@example.test,copy002@example.test,blind003@example.test,Synthetic subject 01388,Yes,,,,
SYNEWPRV024-0005557,SYNEWPRV024-0005557,2025-10-18,synthetic_document_01389.pdf,sender026@example.test,recipient014@example.test,copy003@example.test,blind004@example.test,Synthetic subject 01389,,Yes,Yes,,
SYNEWPRV024-0005561,SYNEWPRV024-0005562,2025-11-19,synthetic_document_01390.pdf,sender027@example.test,recipient015@example.test,copy004@example.test,blind005@example.test,Synthetic subject 01390,,,,Yes,Yes
SYNEWPRV024-0005565,SYNEWPRV024-0005567,2025-12-20,synthetic_document_01391.pdf,sender028@example.test,recipient016@example.test,copy005@example.test,blind006@example.test,Synthetic subject 01391,,,,,
SYNEWPRV024-0005569,SYNEWPRV024-0005569,2025-01-21,synthetic_document_01392.pdf,sender029@example.test,recipient017@example.test,copy006@example.test,blind007@example.test,Synthetic subject 01392,Yes,,Yes,,
SYNEWPRV024-0005573,SYNEWPRV024-0005574,2025-02-22,synthetic_document_01393.pdf,sender030@example.test,recipient018@example.test,copy007@example.test,blind008@example.test,Synthetic subject 01393,,Yes,,Yes,
SYNEWPRV024-0005577,SYNEWPRV024-0005579,2025-03-23,synthetic_document_01394.pdf,sender031@example.test,recipient019@example.test,copy008@example.test,blind009@example.test,Synthetic subject 01394,,,,,
SYNEWPRV024-0005581,SYNEWPRV024-0005581,2025-04-24,synthetic_document_01395.pdf,sender001@example.test,recipient020@example.test,copy009@example.test,blind010@example.test,Synthetic subject 01395,,,Yes,,Yes
SYNEWPRV024-0005585,SYNEWPRV024-0005586,2025-05-25,synthetic_document_01396.pdf,sender002@example.test,recipient021@example.test,copy010@example.test,blind011@example.test,Synthetic subject 01396,Yes,,,Yes,
SYNEWPRV024-0005589,SYNEWPRV024-0005591,2025-06-26,synthetic_document_01397.pdf,sender003@example.test,recipient022@example.test,copy011@example.test,blind001@example.test,Synthetic subject 01397,,Yes,,,
SYNEWPRV024-0005593,SYNEWPRV024-0005593,2025-07-27,synthetic_document_01398.pdf,sender004@example.test,recipient023@example.test,copy012@example.test,blind002@example.test,Synthetic subject 01398,,,Yes,,
SYNEWPRV024-0005597,SYNEWPRV024-0005598,2025-08-28,synthetic_document_01399.pdf,sender005@example.test,recipient024@example.test,copy013@example.test,blind003@example.test,Synthetic subject 01399,,,,Yes,
SYNEWPRV024-0005601,SYNEWPRV024-0005603,2025-09-01,synthetic_document_01400.pdf,sender006@example.test,recipient025@example.test,copy014@example.test,blind004@example.test,Synthetic subject 01400,Yes,,,,Yes
SYNEWPRV024-0005605,SYNEWPRV024-0005605,2025-10-02,synthetic_document_01401.pdf,sender007@example.test,recipient026@example.test,copy015@example.test,blind005@example.test,Synthetic subject 01401,,Yes,Yes,,
SYNEWPRV024-0005609,SYNEWPRV024-0005610,2025-11-03,synthetic_document_01402.pdf,sender008@example.test,recipient027@example.test,copy016@example.test,blind006@example.test,Synthetic subject 01402,,,,Yes,
SYNEWPRV024-0005613,SYNEWPRV024-0005615,2025-12-04,synthetic_document_01403.pdf,sender009@example.test,recipient028@example.test,copy017@example.test,blind007@example.test,Synthetic subject 01403,,,,,
SYNEWPRV024-0005617,SYNEWPRV024-0005617,2025-01-05,synthetic_document_01404.pdf,sender010@example.test,recipient029@example.test,copy018@example.test,blind008@example.test,Synthetic subject 01404,Yes,,Yes,,
SYNEWPRV024-0005621,SYNEWPRV024-0005622,2025-02-06,synthetic_document_01405.pdf,sender011@example.test,recipient030@example.test,copy019@example.test,blind009@example.test,Synthetic subject 01405,,Yes,,Yes,Yes
SYNEWPRV024-0005625,SYNEWPRV024-0005627,2025-03-07,synthetic_document_01406.pdf,sender012@example.test,recipient031@example.test,copy001@example.test,blind010@example.test,Synthetic subject 01406,,,,,
SYNEWPRV024-0005629,SYNEWPRV024-0005629,2025-04-08,synthetic_document_01407.pdf,sender013@example.test,recipient032@example.test,copy002@example.test,blind011@example.test,Synthetic subject 01407,,,Yes,,
SYNEWPRV024-0005633,SYNEWPRV024-0005634,2025-05-09,synthetic_document_01408.pdf,sender014@example.test,recipient033@example.test,copy003@example.test,blind001@example.test,Synthetic subject 01408,Yes,,,Yes,
SYNEWPRV024-0005637,SYNEWPRV024-0005639,2025-06-10,synthetic_document_01409.pdf,sender015@example.test,recipient034@example.test,copy004@example.test,blind002@example.test,Synthetic subject 01409,,Yes,,,
SYNEWPRV024-0005641,SYNEWPRV024-0005641,2025-07-11,synthetic_document_01410.pdf,sender016@example.test,recipient035@example.test,copy005@example.test,blind003@example.test,Synthetic subject 01410,,,Yes,,Yes
SYNEWPRV024-0005645,SYNEWPRV024-0005646,2025-08-12,synthetic_document_01411.pdf,sender017@example.test,recipient036@example.test,copy006@example.test,blind004@example.test,Synthetic subject 01411,,,,Yes,
SYNEWPRV024-0005649,SYNEWPRV024-0005651,2025-09-13,synthetic_document_01412.pdf,sender018@example.test,recipient037@example.test,copy007@example.test,blind005@example.test,Synthetic subject 01412,Yes,,,,
SYNEWPRV024-0005653,SYNEWPRV024-0005653,2025-10-14,synthetic_document_01413.pdf,sender019@example.test,recipient038@example.test,copy008@example.test,blind006@example.test,Synthetic subject 01413,,Yes,Yes,,
SYNEWPRV024-0005657,SYNEWPRV024-0005658,2025-11-15,synthetic_document_01414.pdf,sender020@example.test,recipient039@example.test,copy009@example.test,blind007@example.test,Synthetic subject 01414,,,,Yes,
SYNEWPRV024-0005661,SYNEWPRV024-0005663,2025-12-16,synthetic_document_01415.pdf,sender021@example.test,recipient040@example.test,copy010@example.test,blind008@example.test,Synthetic subject 01415,,,,,Yes
SYNEWPRV024-0005665,SYNEWPRV024-0005665,2025-01-17,synthetic_document_01416.pdf,sender022@example.test,recipient041@example.test,copy011@example.test,blind009@example.test,Synthetic subject 01416,Yes,,Yes,,
SYNEWPRV024-0005669,SYNEWPRV024-0005670,2025-02-18,synthetic_document_01417.pdf,sender023@example.test,recipient042@example.test,copy012@example.test,blind010@example.test,Synthetic subject 01417,,Yes,,Yes,
SYNEWPRV024-0005673,SYNEWPRV024-0005675,2025-03-19,synthetic_document_01418.pdf,sender024@example.test,recipient043@example.test,copy013@example.test,blind011@example.test,Synthetic subject 01418,,,,,
SYNEWPRV024-0005677,SYNEWPRV024-0005677,2025-04-20,synthetic_document_01419.pdf,sender025@example.test,recipient001@example.test,copy014@example.test,blind001@example.test,Synthetic subject 01419,,,Yes,,
SYNEWPRV024-0005681,SYNEWPRV024-0005682,2025-05-21,synthetic_document_01420.pdf,sender026@example.test,recipient002@example.test,copy015@example.test,blind002@example.test,Synthetic subject 01420,Yes,,,Yes,Yes
SYNEWPRV024-0005685,SYNEWPRV024-0005687,2025-06-22,synthetic_document_01421.pdf,sender027@example.test,recipient003@example.test,copy016@example.test,blind003@example.test,Synthetic subject 01421,,Yes,,,
SYNEWPRV024-0005689,SYNEWPRV024-0005689,2025-07-23,synthetic_document_01422.pdf,sender028@example.test,recipient004@example.test,copy017@example.test,blind004@example.test,Synthetic subject 01422,,,Yes,,
SYNEWPRV024-0005693,SYNEWPRV024-0005694,2025-08-24,synthetic_document_01423.pdf,sender029@example.test,recipient005@example.test,copy018@example.test,blind005@example.test,Synthetic subject 01423,,,,Yes,
SYNEWPRV024-0005697,SYNEWPRV024-0005699,2025-09-25,synthetic_document_01424.pdf,sender030@example.test,recipient006@example.test,copy019@example.test,blind006@example.test,Synthetic subject 01424,Yes,,,,
SYNEWPRV024-0005701,SYNEWPRV024-0005701,2025-10-26,synthetic_document_01425.pdf,sender031@example.test,recipient007@example.test,copy001@example.test,blind007@example.test,Synthetic subject 01425,,Yes,Yes,,Yes
SYNEWPRV024-0005705,SYNEWPRV024-0005706,2025-11-27,synthetic_document_01426.pdf,sender001@example.test,recipient008@example.test,copy002@example.test,blind008@example.test,Synthetic subject 01426,,,,Yes,
SYNEWPRV024-0005709,SYNEWPRV024-0005711,2025-12-28,synthetic_document_01427.pdf,sender002@example.test,recipient009@example.test,copy003@example.test,blind009@example.test,Synthetic subject 01427,,,,,
SYNEWPRV024-0005713,SYNEWPRV024-0005713,2025-01-01,synthetic_document_01428.pdf,sender003@example.test,recipient010@example.test,copy004@example.test,blind010@example.test,Synthetic subject 01428,Yes,,Yes,,
SYNEWPRV024-0005717,SYNEWPRV024-0005718,2025-02-02,synthetic_document_01429.pdf,sender004@example.test,recipient011@example.test,copy005@example.test,blind011@example.test,Synthetic subject 01429,,Yes,,Yes,
SYNEWPRV024-0005721,SYNEWPRV024-0005723,2025-03-03,synthetic_document_01430.pdf,sender005@example.test,recipient012@example.test,copy006@example.test,blind001@example.test,Synthetic subject 01430,,,,,Yes
SYNEWPRV024-0005725,SYNEWPRV024-0005725,2025-04-04,synthetic_document_01431.pdf,sender006@example.test,recipient013@example.test,copy007@example.test,blind002@example.test,Synthetic subject 01431,,,Yes,,
SYNEWPRV024-0005729,SYNEWPRV024-0005730,2025-05-05,synthetic_document_01432.pdf,sender007@example.test,recipient014@example.test,copy008@example.test,blind003@example.test,Synthetic subject 01432,Yes,,,Yes,
SYNEWPRV024-0005733,SYNEWPRV024-0005735,2025-06-06,synthetic_document_01433.pdf,sender008@example.test,recipient015@example.test,copy009@example.test,blind004@example.test,Synthetic subject 01433,,Yes,,,
SYNEWPRV024-0005737,SYNEWPRV024-0005737,2025-07-07,synthetic_document_01434.pdf,sender009@example.test,recipient016@example.test,copy010@example.test,blind005@example.test,Synthetic subject 01434,,,Yes,,
SYNEWPRV024-0005741,SYNEWPRV024-0005742,2025-08-08,synthetic_document_01435.pdf,sender010@example.test,recipient017@example.test,copy011@example.test,blind006@example.test,Synthetic subject 01435,,,,Yes,Yes
SYNEWPRV024-0005745,SYNEWPRV024-0005747,2025-09-09,synthetic_document_01436.pdf,sender011@example.test,recipient018@example.test,copy012@example.test,blind007@example.test,Synthetic subject 01436,Yes,,,,
SYNEWPRV024-0005749,SYNEWPRV024-0005749,2025-10-10,synthetic_document_01437.pdf,sender012@example.test,recipient019@example.test,copy013@example.test,blind008@example.test,Synthetic subject 01437,,Yes,Yes,,
SYNEWPRV024-0005753,SYNEWPRV024-0005754,2025-11-11,synthetic_document_01438.pdf,sender013@example.test,recipient020@example.test,copy014@example.test,blind009@example.test,Synthetic subject 01438,,,,Yes,
SYNEWPRV024-0005757,SYNEWPRV024-0005759,2025-12-12,synthetic_document_01439.pdf,sender014@example.test,recipient021@example.test,copy015@example.test,blind010@example.test,Synthetic subject 01439,,,,,
SYNEWPRV024-0005761,SYNEWPRV024-0005761,2025-01-13,synthetic_document_01440.pdf,sender015@example.test,recipient022@example.test,copy016@example.test,blind011@example.test,Synthetic subject 01440,Yes,,Yes,,Yes
SYNEWPRV024-0005765,SYNEWPRV024-0005766,2025-02-14,synthetic_document_01441.pdf,sender016@example.test,recipient023@example.test,copy017@example.test,blind001@example.test,Synthetic subject 01441,,Yes,,Yes,
SYNEWPRV024-0005769,SYNEWPRV024-0005771,2025-03-15,synthetic_document_01442.pdf,sender017@example.test,recipient024@example.test,copy018@example.test,blind002@example.test,Synthetic subject 01442,,,,,
SYNEWPRV024-0005773,SYNEWPRV024-0005773,2025-04-16,synthetic_document_01443.pdf,sender018@example.test,recipient025@example.test,copy019@example.test,blind003@example.test,Synthetic subject 01443,,,Yes,,
SYNEWPRV024-0005777,SYNEWPRV024-0005778,2025-05-17,synthetic_document_01444.pdf,sender019@example.test,recipient026@example.test,copy001@example.test,blind004@example.test,Synthetic subject 01444,Yes,,,Yes,
SYNEWPRV024-0005781,SYNEWPRV024-0005783,2025-06-18,synthetic_document_01445.pdf,sender020@example.test,recipient027@example.test,copy002@example.test,blind005@example.test,Synthetic subject 01445,,Yes,,,Yes
SYNEWPRV024-0005785,SYNEWPRV024-0005785,2025-07-19,synthetic_document_01446.pdf,sender021@example.test,recipient028@example.test,copy003@example.test,blind006@example.test,Synthetic subject 01446,,,Yes,,
SYNEWPRV024-0005789,SYNEWPRV024-0005790,2025-08-20,synthetic_document_01447.pdf,sender022@example.test,recipient029@example.test,copy004@example.test,blind007@example.test,Synthetic subject 01447,,,,Yes,
SYNEWPRV024-0005793,SYNEWPRV024-0005795,2025-09-21,synthetic_document_01448.pdf,sender023@example.test,recipient030@example.test,copy005@example.test,blind008@example.test,Synthetic subject 01448,Yes,,,,
SYNEWPRV024-0005797,SYNEWPRV024-0005797,2025-10-22,synthetic_document_01449.pdf,sender024@example.test,recipient031@example.test,copy006@example.test,blind009@example.test,Synthetic subject 01449,,Yes,Yes,,
SYNEWPRV024-0005801,SYNEWPRV024-0005802,2025-11-23,synthetic_document_01450.pdf,sender025@example.test,recipient032@example.test,copy007@example.test,blind010@example.test,Synthetic subject 01450,,,,Yes,Yes
SYNEWPRV024-0005805,SYNEWPRV024-0005807,2025-12-24,synthetic_document_01451.pdf,sender026@example.test,recipient033@example.test,copy008@example.test,blind011@example.test,Synthetic subject 01451,,,,,
SYNEWPRV024-0005809,SYNEWPRV024-0005809,2025-01-25,synthetic_document_01452.pdf,sender027@example.test,recipient034@example.test,copy009@example.test,blind001@example.test,Synthetic subject 01452,Yes,,Yes,,
SYNEWPRV024-0005813,SYNEWPRV024-0005814,2025-02-26,synthetic_document_01453.pdf,sender028@example.test,recipient035@example.test,copy010@example.test,blind002@example.test,Synthetic subject 01453,,Yes,,Yes,
SYNEWPRV024-0005817,SYNEWPRV024-0005819,2025-03-27,synthetic_document_01454.pdf,sender029@example.test,recipient036@example.test,copy011@example.test,blind003@example.test,Synthetic subject 01454,,,,,
SYNEWPRV024-0005821,SYNEWPRV024-0005821,2025-04-28,synthetic_document_01455.pdf,sender030@example.test,recipient037@example.test,copy012@example.test,blind004@example.test,Synthetic subject 01455,,,Yes,,Yes
SYNEWPRV024-0005825,SYNEWPRV024-0005826,2025-05-01,synthetic_document_01456.pdf,sender031@example.test,recipient038@example.test,copy013@example.test,blind005@example.test,Synthetic subject 01456,Yes,,,Yes,
SYNEWPRV024-0005829,SYNEWPRV024-0005831,2025-06-02,synthetic_document_01457.pdf,sender001@example.test,recipient039@example.test,copy014@example.test,blind006@example.test,Synthetic subject 01457,,Yes,,,
SYNEWPRV024-0005833,SYNEWPRV024-0005833,2025-07-03,synthetic_document_01458.pdf,sender002@example.test,recipient040@example.test,copy015@example.test,blind007@example.test,Synthetic subject 01458,,,Yes,,
SYNEWPRV024-0005837,SYNEWPRV024-0005838,2025-08-04,synthetic_document_01459.pdf,sender003@example.test,recipient041@example.test,copy016@example.test,blind008@example.test,Synthetic subject 01459,,,,Yes,
SYNEWPRV024-0005841,SYNEWPRV024-0005843,2025-09-05,synthetic_document_01460.pdf,sender004@example.test,recipient042@example.test,copy017@example.test,blind009@example.test,Synthetic subject 01460,Yes,,,,Yes
SYNEWPRV024-0005845,SYNEWPRV024-0005845,2025-10-06,synthetic_document_01461.pdf,sender005@example.test,recipient043@example.test,copy018@example.test,blind010@example.test,Synthetic subject 01461,,Yes,Yes,,
SYNEWPRV024-0005849,SYNEWPRV024-0005850,2025-11-07,synthetic_document_01462.pdf,sender006@example.test,recipient001@example.test,copy019@example.test,blind011@example.test,Synthetic subject 01462,,,,Yes,
SYNEWPRV024-0005853,SYNEWPRV024-0005855,2025-12-08,synthetic_document_01463.pdf,sender007@example.test,recipient002@example.test,copy001@example.test,blind001@example.test,Synthetic subject 01463,,,,,
SYNEWPRV024-0005857,SYNEWPRV024-0005857,2025-01-09,synthetic_document_01464.pdf,sender008@example.test,recipient003@example.test,copy002@example.test,blind002@example.test,Synthetic subject 01464,Yes,,Yes,,
SYNEWPRV024-0005861,SYNEWPRV024-0005862,2025-02-10,synthetic_document_01465.pdf,sender009@example.test,recipient004@example.test,copy003@example.test,blind003@example.test,Synthetic subject 01465,,Yes,,Yes,Yes
SYNEWPRV024-0005865,SYNEWPRV024-0005867,2025-03-11,synthetic_document_01466.pdf,sender010@example.test,recipient005@example.test,copy004@example.test,blind004@example.test,Synthetic subject 01466,,,,,
SYNEWPRV024-0005869,SYNEWPRV024-0005869,2025-04-12,synthetic_document_01467.pdf,sender011@example.test,recipient006@example.test,copy005@example.test,blind005@example.test,Synthetic subject 01467,,,Yes,,
SYNEWPRV024-0005873,SYNEWPRV024-0005874,2025-05-13,synthetic_document_01468.pdf,sender012@example.test,recipient007@example.test,copy006@example.test,blind006@example.test,Synthetic subject 01468,Yes,,,Yes,
SYNEWPRV024-0005877,SYNEWPRV024-0005879,2025-06-14,synthetic_document_01469.pdf,sender013@example.test,recipient008@example.test,copy007@example.test,blind007@example.test,Synthetic subject 01469,,Yes,,,
SYNEWPRV024-0005881,SYNEWPRV024-0005881,2025-07-15,synthetic_document_01470.pdf,sender014@example.test,recipient009@example.test,copy008@example.test,blind008@example.test,Synthetic subject 01470,,,Yes,,Yes
SYNEWPRV024-0005885,SYNEWPRV024-0005886,2025-08-16,synthetic_document_01471.pdf,sender015@example.test,recipient010@example.test,copy009@example.test,blind009@example.test,Synthetic subject 01471,,,,Yes,
SYNEWPRV024-0005889,SYNEWPRV024-0005891,2025-09-17,synthetic_document_01472.pdf,sender016@example.test,recipient011@example.test,copy010@example.test,blind010@example.test,Synthetic subject 01472,Yes,,,,
SYNEWPRV024-0005893,SYNEWPRV024-0005893,2025-10-18,synthetic_document_01473.pdf,sender017@example.test,recipient012@example.test,copy011@example.test,blind011@example.test,Synthetic subject 01473,,Yes,Yes,,
SYNEWPRV024-0005897,SYNEWPRV024-0005898,2025-11-19,synthetic_document_01474.pdf,sender018@example.test,recipient013@example.test,copy012@example.test,blind001@example.test,Synthetic subject 01474,,,,Yes,
SYNEWPRV024-0005901,SYNEWPRV024-0005903,2025-12-20,synthetic_document_01475.pdf,sender019@example.test,recipient014@example.test,copy013@example.test,blind002@example.test,Synthetic subject 01475,,,,,Yes
SYNEWPRV024-0005905,SYNEWPRV024-0005905,2025-01-21,synthetic_document_01476.pdf,sender020@example.test,recipient015@example.test,copy014@example.test,blind003@example.test,Synthetic subject 01476,Yes,,Yes,,
SYNEWPRV024-0005909,SYNEWPRV024-0005910,2025-02-22,synthetic_document_01477.pdf,sender021@example.test,recipient016@example.test,copy015@example.test,blind004@example.test,Synthetic subject 01477,,Yes,,Yes,
SYNEWPRV024-0005913,SYNEWPRV024-0005915,2025-03-23,synthetic_document_01478.pdf,sender022@example.test,recipient017@example.test,copy016@example.test,blind005@example.test,Synthetic subject 01478,,,,,
SYNEWPRV024-0005917,SYNEWPRV024-0005917,2025-04-24,synthetic_document_01479.pdf,sender023@example.test,recipient018@example.test,copy017@example.test,blind006@example.test,Synthetic subject 01479,,,Yes,,
SYNEWPRV024-0005921,SYNEWPRV024-0005922,2025-05-25,synthetic_document_01480.pdf,sender024@example.test,recipient019@example.test,copy018@example.test,blind007@example.test,Synthetic subject 01480,Yes,,,Yes,Yes
SYNEWPRV024-0005925,SYNEWPRV024-0005927,2025-06-26,synthetic_document_01481.pdf,sender025@example.test,recipient020@example.test,copy019@example.test,blind008@example.test,Synthetic subject 01481,,Yes,,,
SYNEWPRV024-0005929,SYNEWPRV024-0005929,2025-07-27,synthetic_document_01482.pdf,sender026@example.test,recipient021@example.test,copy001@example.test,blind009@example.test,Synthetic subject 01482,,,Yes,,
SYNEWPRV024-0005933,SYNEWPRV024-0005934,2025-08-28,synthetic_document_01483.pdf,sender027@example.test,recipient022@example.test,copy002@example.test,blind010@example.test,Synthetic subject 01483,,,,Yes,
SYNEWPRV024-0005937,SYNEWPRV024-0005939,2025-09-01,synthetic_document_01484.pdf,sender028@example.test,recipient023@example.test,copy003@example.test,blind011@example.test,Synthetic subject 01484,Yes,,,,
SYNEWPRV024-0005941,SYNEWPRV024-0005941,2025-10-02,synthetic_document_01485.pdf,sender029@example.test,recipient024@example.test,copy004@example.test,blind001@example.test,Synthetic subject 01485,,Yes,Yes,,Yes
SYNEWPRV024-0005945,SYNEWPRV024-0005946,2025-11-03,synthetic_document_01486.pdf,sender030@example.test,recipient025@example.test,copy005@example.test,blind002@example.test,Synthetic subject 01486,,,,Yes,
SYNEWPRV024-0005949,SYNEWPRV024-0005951,2025-12-04,synthetic_document_01487.pdf,sender031@example.test,recipient026@example.test,copy006@example.test,blind003@example.test,Synthetic subject 01487,,,,,
SYNEWPRV024-0005953,SYNEWPRV024-0005953,2025-01-05,synthetic_document_01488.pdf,sender001@example.test,recipient027@example.test,copy007@example.test,blind004@example.test,Synthetic subject 01488,Yes,,Yes,,
SYNEWPRV024-0005957,SYNEWPRV024-0005958,2025-02-06,synthetic_document_01489.pdf,sender002@example.test,recipient028@example.test,copy008@example.test,blind005@example.test,Synthetic subject 01489,,Yes,,Yes,
SYNEWPRV024-0005961,SYNEWPRV024-0005963,2025-03-07,synthetic_document_01490.pdf,sender003@example.test,recipient029@example.test,copy009@example.test,blind006@example.test,Synthetic subject 01490,,,,,Yes
SYNEWPRV024-0005965,SYNEWPRV024-0005965,2025-04-08,synthetic_document_01491.pdf,sender004@example.test,recipient030@example.test,copy010@example.test,blind007@example.test,Synthetic subject 01491,,,Yes,,
SYNEWPRV024-0005969,SYNEWPRV024-0005970,2025-05-09,synthetic_document_01492.pdf,sender005@example.test,recipient031@example.test,copy011@example.test,blind008@example.test,Synthetic subject 01492,Yes,,,Yes,
SYNEWPRV024-0005973,SYNEWPRV024-0005975,2025-06-10,synthetic_document_01493.pdf,sender006@example.test,recipient032@example.test,copy012@example.test,blind009@example.test,Synthetic subject 01493,,Yes,,,
SYNEWPRV024-0005977,SYNEWPRV024-0005977,2025-07-11,synthetic_document_01494.pdf,sender007@example.test,recipient033@example.test,copy013@example.test,blind010@example.test,Synthetic subject 01494,,,Yes,,
SYNEWPRV024-0005981,SYNEWPRV024-0005982,2025-08-12,synthetic_document_01495.pdf,sender008@example.test,recipient034@example.test,copy014@example.test,blind011@example.test,Synthetic subject 01495,,,,Yes,Yes
SYNEWPRV024-0005985,SYNEWPRV024-0005987,2025-09-13,synthetic_document_01496.pdf,sender009@example.test,recipient035@example.test,copy015@example.test,blind001@example.test,Synthetic subject 01496,Yes,,,,
SYNEWPRV024-0005989,SYNEWPRV024-0005989,2025-10-14,synthetic_document_01497.pdf,sender010@example.test,recipient036@example.test,copy016@example.test,blind002@example.test,Synthetic subject 01497,,Yes,Yes,,
SYNEWPRV024-0005993,SYNEWPRV024-0005994,2025-11-15,synthetic_document_01498.pdf,sender011@example.test,recipient037@example.test,copy017@example.test,blind003@example.test,Synthetic subject 01498,,,,Yes,
SYNEWPRV024-0005997,SYNEWPRV024-0005999,2025-12-16,synthetic_document_01499.pdf,sender012@example.test,recipient038@example.test,copy018@example.test,blind004@example.test,Synthetic subject 01499,,,,,
"SYNTHETIC-UNTERMINATED,field
